# Blender v2.91.2 OBJ File: 'random character.blend'
# www.blender.org
mtllib base character.mtl
o Sphere
v 0.000000 2.100369 -0.002404
v 0.000000 2.090251 -0.028864
v 0.000000 2.073819 -0.053249
v 0.000000 2.051705 -0.074623
v 0.000000 2.024760 -0.092164
v 0.000000 1.994018 -0.105198
v 0.000000 1.960661 -0.113225
v 0.000000 1.925971 -0.115935
v 0.000000 1.891281 -0.113225
v 0.000000 1.778123 -0.053249
v 0.005245 2.100369 -0.001875
v 0.010288 2.090251 -0.027826
v 0.014936 2.073819 -0.051743
v 0.019009 2.051705 -0.072706
v 0.022353 2.024760 -0.089910
v 0.024837 1.994018 -0.102694
v 0.026367 1.960661 -0.110566
v 0.026883 1.925971 -0.113225
v 0.026367 1.891281 -0.110566
v 0.024837 1.857924 -0.102694
v 0.022353 1.827182 -0.089910
v 0.019009 1.800236 -0.072706
v 0.014936 1.778123 -0.051743
v 0.010288 1.761691 -0.027826
v 0.007111 1.749740 -0.006990
v 0.010288 2.100369 -0.000309
v 0.020180 2.090251 -0.024755
v 0.029297 2.073819 -0.047284
v 0.037288 2.051705 -0.067031
v 0.043846 2.024760 -0.083237
v 0.048719 1.994018 -0.095279
v 0.051720 1.960661 -0.102694
v 0.052733 1.925971 -0.105198
v 0.051720 1.891281 -0.102694
v 0.048719 1.857924 -0.095279
v 0.043846 1.827182 -0.083237
v 0.037288 1.800236 -0.067031
v 0.029297 1.778123 -0.047284
v 0.020180 1.761691 -0.024755
v 0.013949 1.749740 -0.004867
v 0.014936 2.100369 0.002234
v 0.029297 2.090251 -0.019767
v 0.042533 2.073819 -0.040042
v 0.054134 2.051705 -0.057814
v 0.063655 2.024760 -0.072399
v 0.070730 1.994018 -0.083237
v 0.075086 1.960661 -0.089910
v 0.076557 1.925971 -0.092164
v 0.075086 1.891281 -0.089910
v 0.070730 1.857924 -0.083237
v 0.063655 1.827182 -0.072399
v 0.054134 1.800236 -0.057814
v 0.042533 1.778123 -0.040042
v 0.029297 1.761691 -0.019767
v 0.020251 1.749740 -0.001419
v 0.019009 2.100369 0.005656
v 0.037288 2.090251 -0.013054
v 0.054134 2.073819 -0.030297
v 0.068900 2.051705 -0.045411
v 0.081017 2.024760 -0.057814
v 0.090022 1.994018 -0.067031
v 0.095567 1.960661 -0.072706
v 0.097439 1.925971 -0.074623
v 0.095567 1.891281 -0.072706
v 0.090022 1.857924 -0.067031
v 0.081017 1.827182 -0.057814
v 0.068900 1.800236 -0.045411
v 0.054134 1.778123 -0.030297
v 0.037288 1.761691 -0.013054
v 0.025775 1.749740 0.003221
v 0.022353 2.100369 0.009825
v 0.043846 2.090251 -0.004875
v 0.063655 2.073819 -0.018422
v 0.081017 2.051705 -0.030297
v 0.095266 2.024760 -0.040042
v 0.105854 1.994018 -0.047284
v 0.112374 1.960661 -0.051743
v 0.114576 1.925971 -0.053249
v 0.112374 1.891281 -0.051743
v 0.105854 1.857924 -0.047284
v 0.095266 1.827182 -0.040042
v 0.081017 1.800236 -0.030297
v 0.063655 1.778123 -0.018422
v 0.043846 1.761691 -0.004875
v 0.030308 1.749740 0.008875
v 0.024837 2.100369 0.014583
v 0.048719 2.090251 0.004457
v 0.070730 2.073819 -0.004875
v 0.090022 2.051705 -0.013054
v 0.105854 2.024760 -0.019767
v 0.117619 1.994018 -0.024755
v 0.124864 1.960661 -0.027826
v 0.127310 1.925971 -0.028864
v 0.124864 1.891281 -0.027826
v 0.117619 1.857924 -0.024755
v 0.105854 1.827182 -0.019767
v 0.090022 1.800236 -0.013054
v 0.070730 1.778123 -0.004875
v 0.048719 1.761691 0.004457
v 0.033676 1.749740 0.015326
v 0.026367 2.100369 0.019745
v 0.051720 2.090251 0.014583
v 0.075086 2.073819 0.009826
v 0.095567 2.051705 0.005656
v 0.112374 2.024760 0.002234
v 0.124864 1.994018 -0.000309
v 0.132555 1.960661 -0.001875
v 0.135151 1.925971 -0.002404
v 0.132555 1.891281 -0.001875
v 0.124864 1.857924 -0.000309
v 0.112374 1.827182 0.002234
v 0.095567 1.800236 0.005656
v 0.075086 1.778123 0.009826
v 0.051720 1.761691 0.014583
v 0.035751 1.749740 0.022325
v 0.026883 2.100369 0.025113
v 0.052734 2.090251 0.025113
v 0.076557 2.073819 0.025113
v 0.097439 2.051705 0.025113
v 0.114576 2.024760 0.025113
v 0.127310 1.994018 0.025113
v 0.135151 1.960661 0.025113
v 0.137799 1.925971 0.025113
v 0.135151 1.891281 0.025113
v 0.127310 1.857924 0.025113
v 0.114576 1.827182 0.025113
v 0.097439 1.800236 0.025113
v 0.076557 1.778123 0.025113
v 0.052733 1.761691 0.025113
v 0.036451 1.749740 0.029604
v 0.026367 2.100369 0.030482
v 0.051720 2.090251 0.035644
v 0.075086 2.073819 0.040401
v 0.095567 2.051705 0.044571
v 0.112374 2.024760 0.047993
v 0.124864 1.994018 0.050536
v 0.132555 1.960661 0.052102
v 0.135151 1.925971 0.052630
v 0.132555 1.891281 0.052102
v 0.124864 1.857924 0.050536
v 0.112374 1.827182 0.047993
v 0.095567 1.800236 0.044571
v 0.075086 1.778123 0.040401
v 0.051720 1.761691 0.035644
v 0.035751 1.749740 0.036883
v 0.024837 2.100369 0.035644
v 0.048719 2.090251 0.045769
v 0.070730 2.073819 0.055101
v 0.090022 2.051705 0.063280
v 0.105854 2.024760 0.069993
v 0.117619 1.994018 0.074981
v 0.124864 1.960661 0.078053
v 0.127310 1.925971 0.079090
v 0.124864 1.891281 0.078053
v 0.117619 1.857924 0.074981
v 0.105854 1.827182 0.069993
v 0.090022 1.800236 0.063280
v 0.070730 1.778123 0.055101
v 0.048719 1.761691 0.045769
v 0.033676 1.749740 0.043882
v 0.022353 2.100369 0.040401
v 0.043846 2.090251 0.055101
v 0.063655 2.073819 0.068649
v 0.081017 2.051705 0.080524
v 0.095266 2.024760 0.090269
v 0.105854 1.994018 0.097510
v 0.112374 1.960661 0.101970
v 0.114576 1.925971 0.103475
v 0.112374 1.891281 0.101970
v 0.105854 1.857924 0.097510
v 0.095266 1.827182 0.090269
v 0.081017 1.800236 0.080524
v 0.063655 1.778123 0.068649
v 0.043846 1.761691 0.055101
v 0.030308 1.749740 0.050332
v 0.019009 2.100369 0.044571
v 0.037288 2.090251 0.063281
v 0.054134 2.073819 0.080524
v 0.068900 2.051705 0.095637
v 0.081017 2.024760 0.108041
v 0.090022 1.994018 0.117257
v 0.095566 1.960661 0.122933
v 0.097439 1.925971 0.124849
v 0.095566 1.891281 0.122933
v 0.090022 1.857924 0.117257
v 0.081017 1.827182 0.108041
v 0.068900 1.800236 0.095637
v 0.054134 1.778123 0.080524
v 0.037288 1.761691 0.063280
v 0.025775 1.749740 0.055986
v 0.014936 2.100369 0.047993
v 0.029297 2.090251 0.069993
v 0.042533 2.073819 0.090269
v 0.054134 2.051705 0.108041
v 0.063655 2.024760 0.122626
v 0.070730 1.994018 0.133463
v 0.075086 1.960661 0.140137
v 0.076557 1.925971 0.142390
v 0.075086 1.891281 0.140137
v 0.070730 1.857924 0.133463
v 0.063655 1.827182 0.122626
v 0.054134 1.800236 0.108041
v 0.042533 1.778123 0.090269
v 0.029297 1.761691 0.069993
v 0.020251 1.749740 0.060626
v 0.013949 1.692844 -0.027289
v 0.010288 2.100369 0.050536
v 0.020180 2.090251 0.074981
v 0.029297 2.073819 0.097510
v 0.037288 2.051705 0.117257
v 0.043846 2.024760 0.133463
v 0.048719 1.994018 0.145505
v 0.051720 1.960661 0.152921
v 0.052733 1.925971 0.155425
v 0.051720 1.891281 0.152921
v 0.048719 1.857924 0.145505
v 0.043846 1.827182 0.133463
v 0.037288 1.800236 0.117257
v 0.029297 1.778123 0.097510
v 0.020180 1.761691 0.074981
v 0.013949 1.749740 0.064074
v 0.005245 2.100369 0.052102
v 0.010288 2.090251 0.078053
v 0.014936 2.073819 0.101970
v 0.019009 2.051705 0.122933
v 0.022353 2.024760 0.140137
v 0.024837 1.994018 0.152921
v 0.026367 1.960661 0.160793
v 0.026883 1.925971 0.163451
v 0.026367 1.891281 0.160793
v 0.024837 1.857924 0.152921
v 0.022353 1.827182 0.140137
v 0.019009 1.800236 0.122933
v 0.014936 1.778123 0.101970
v 0.010288 1.761691 0.078053
v 0.007111 1.749740 0.066197
v 0.000000 2.100369 0.052630
v 0.000000 2.090251 0.079090
v 0.000000 2.073819 0.103475
v 0.000000 2.051705 0.124849
v 0.000000 2.024760 0.142390
v 0.000000 1.994018 0.155425
v 0.000000 1.960661 0.163451
v 0.000000 1.925971 0.166161
v 0.000000 1.891281 0.163451
v 0.000000 1.857924 0.155425
v 0.000000 1.827182 0.142390
v 0.000000 1.800236 0.124849
v 0.000000 1.778123 0.103475
v 0.000000 1.761691 0.079090
v 0.000000 1.749740 0.066914
v 0.000000 2.103786 0.025113
v 0.266044 0.006026 -0.036375
v 0.270128 0.006026 -0.027930
v 0.271507 0.006026 -0.019147
v 0.270128 0.006026 -0.010364
v 0.269462 0.006026 -0.003004
v 0.225384 -0.000093 0.185345
v 0.214203 -0.000366 0.172327
v 0.267018 0.027654 0.164532
v 0.272626 0.006026 0.173071
v 0.222246 0.006015 -0.059015
v -0.005245 2.100369 -0.001875
v -0.010288 2.090251 -0.027826
v -0.014936 2.073819 -0.051743
v -0.019009 2.051705 -0.072706
v -0.022353 2.024760 -0.089910
v -0.024837 1.994018 -0.102694
v -0.026367 1.960661 -0.110566
v -0.026883 1.925971 -0.113225
v -0.026367 1.891281 -0.110566
v -0.024837 1.857924 -0.102694
v -0.022353 1.827182 -0.089910
v -0.019009 1.800236 -0.072706
v -0.014936 1.778123 -0.051743
v -0.010288 1.761691 -0.027826
v -0.007111 1.749740 -0.006990
v -0.010288 2.100369 -0.000309
v -0.020180 2.090251 -0.024755
v -0.029297 2.073819 -0.047284
v -0.037288 2.051705 -0.067031
v -0.043846 2.024760 -0.083237
v -0.048719 1.994018 -0.095279
v -0.051720 1.960661 -0.102694
v -0.052733 1.925971 -0.105198
v -0.051720 1.891281 -0.102694
v -0.048719 1.857924 -0.095279
v -0.043846 1.827182 -0.083237
v -0.037288 1.800236 -0.067031
v -0.029297 1.778123 -0.047284
v -0.020180 1.761691 -0.024755
v -0.013949 1.749740 -0.004867
v -0.014936 2.100369 0.002234
v -0.029297 2.090251 -0.019767
v -0.042533 2.073819 -0.040042
v -0.054134 2.051705 -0.057814
v -0.063655 2.024760 -0.072399
v -0.070730 1.994018 -0.083237
v -0.075086 1.960661 -0.089910
v -0.076557 1.925971 -0.092164
v -0.075086 1.891281 -0.089910
v -0.070730 1.857924 -0.083237
v -0.063655 1.827182 -0.072399
v -0.054134 1.800236 -0.057814
v -0.042533 1.778123 -0.040042
v -0.029297 1.761691 -0.019767
v -0.020251 1.749740 -0.001419
v -0.019009 2.100369 0.005656
v -0.037288 2.090251 -0.013054
v -0.054134 2.073819 -0.030297
v -0.068900 2.051705 -0.045411
v -0.081017 2.024760 -0.057814
v -0.090022 1.994018 -0.067031
v -0.095567 1.960661 -0.072706
v -0.097439 1.925971 -0.074623
v -0.095567 1.891281 -0.072706
v -0.090022 1.857924 -0.067031
v -0.081017 1.827182 -0.057814
v -0.068900 1.800236 -0.045411
v -0.054134 1.778123 -0.030297
v -0.037288 1.761691 -0.013054
v -0.025775 1.749740 0.003221
v -0.022353 2.100369 0.009825
v -0.043846 2.090251 -0.004875
v -0.063655 2.073819 -0.018422
v -0.081017 2.051705 -0.030297
v -0.095266 2.024760 -0.040042
v -0.105854 1.994018 -0.047284
v -0.112374 1.960661 -0.051743
v -0.114576 1.925971 -0.053249
v -0.112374 1.891281 -0.051743
v -0.105854 1.857924 -0.047284
v -0.095266 1.827182 -0.040042
v -0.081017 1.800236 -0.030297
v -0.063655 1.778123 -0.018422
v -0.043846 1.761691 -0.004875
v -0.030308 1.749740 0.008875
v -0.024837 2.100369 0.014583
v -0.048719 2.090251 0.004457
v -0.070730 2.073819 -0.004875
v -0.090022 2.051705 -0.013054
v -0.105854 2.024760 -0.019767
v -0.117619 1.994018 -0.024755
v -0.124864 1.960661 -0.027826
v -0.127310 1.925971 -0.028864
v -0.124864 1.891281 -0.027826
v -0.117619 1.857924 -0.024755
v -0.105854 1.827182 -0.019767
v -0.090022 1.800236 -0.013054
v -0.070730 1.778123 -0.004875
v -0.048719 1.761691 0.004457
v -0.033676 1.749740 0.015326
v -0.026367 2.100369 0.019745
v -0.051720 2.090251 0.014583
v -0.075086 2.073819 0.009826
v -0.095567 2.051705 0.005656
v -0.112374 2.024760 0.002234
v -0.124864 1.994018 -0.000309
v -0.132555 1.960661 -0.001875
v -0.135151 1.925971 -0.002404
v -0.132555 1.891281 -0.001875
v -0.124864 1.857924 -0.000309
v -0.112374 1.827182 0.002234
v -0.095567 1.800236 0.005656
v -0.075086 1.778123 0.009826
v -0.051720 1.761691 0.014583
v -0.035751 1.749740 0.022325
v -0.026883 2.100369 0.025113
v -0.052734 2.090251 0.025113
v -0.076557 2.073819 0.025113
v -0.097439 2.051705 0.025113
v -0.114576 2.024760 0.025113
v -0.127310 1.994018 0.025113
v -0.135151 1.960661 0.025113
v -0.137799 1.925971 0.025113
v -0.135151 1.891281 0.025113
v -0.127310 1.857924 0.025113
v -0.114576 1.827182 0.025113
v -0.097439 1.800236 0.025113
v -0.076557 1.778123 0.025113
v -0.052733 1.761691 0.025113
v -0.036451 1.749740 0.029604
v -0.026367 2.100369 0.030482
v -0.051720 2.090251 0.035644
v -0.075086 2.073819 0.040401
v -0.095567 2.051705 0.044571
v -0.112374 2.024760 0.047993
v -0.124864 1.994018 0.050536
v -0.132555 1.960661 0.052102
v -0.135151 1.925971 0.052630
v -0.132555 1.891281 0.052102
v -0.124864 1.857924 0.050536
v -0.112374 1.827182 0.047993
v -0.095567 1.800236 0.044571
v -0.075086 1.778123 0.040401
v -0.051720 1.761691 0.035644
v -0.035751 1.749740 0.036883
v -0.024837 2.100369 0.035644
v -0.048719 2.090251 0.045769
v -0.070730 2.073819 0.055101
v -0.090022 2.051705 0.063280
v -0.105854 2.024760 0.069993
v -0.117619 1.994018 0.074981
v -0.124864 1.960661 0.078053
v -0.127310 1.925971 0.079090
v -0.124864 1.891281 0.078053
v -0.117619 1.857924 0.074981
v -0.105854 1.827182 0.069993
v -0.090022 1.800236 0.063280
v -0.070730 1.778123 0.055101
v -0.048719 1.761691 0.045769
v -0.033676 1.749740 0.043882
v -0.022353 2.100369 0.040401
v -0.043846 2.090251 0.055101
v -0.063655 2.073819 0.068649
v -0.081017 2.051705 0.080524
v -0.095266 2.024760 0.090269
v 0.000000 1.857924 -0.105198
v 0.000000 1.827182 -0.092164
v 0.000000 1.800236 -0.074623
v 0.000000 1.761691 -0.028863
v 0.000000 1.749740 -0.007707
v 0.013949 1.710129 -0.020154
v 0.007111 1.710129 -0.022278
v 0.020251 1.710129 -0.016707
v 0.025775 1.710129 -0.012067
v 0.030308 1.710129 -0.006413
v 0.033676 1.710129 0.000038
v 0.035751 1.710129 0.007037
v 0.036451 1.710129 0.014316
v 0.035751 1.710129 0.021595
v 0.033676 1.710129 0.028594
v 0.030308 1.710129 0.035044
v 0.025775 1.710129 0.040698
v 0.020251 1.710129 0.045338
v 0.007111 1.682761 -0.036546
v 0.013949 1.710129 0.048786
v 0.007111 1.710129 0.050909
v 0.000000 1.710129 0.051626
v -0.105854 1.994018 0.097510
v -0.112374 1.960661 0.101970
v -0.114576 1.925971 0.103475
v -0.112374 1.891281 0.101970
v -0.105854 1.857924 0.097510
v -0.095266 1.827182 0.090269
v -0.081017 1.800236 0.080524
v -0.063655 1.778123 0.068649
v -0.043846 1.761691 0.055101
v -0.030308 1.749740 0.050332
v -0.019009 2.100369 0.044571
v 0.000000 1.710129 -0.022994
v 0.007111 1.692844 -0.029412
v 0.020251 1.692844 -0.023841
v 0.025775 1.692844 -0.019201
v 0.030308 1.692844 -0.013547
v 0.033676 1.692844 -0.007097
v 0.035751 1.692844 -0.000097
v 0.036451 1.692844 0.007182
v 0.035751 1.692844 0.014460
v 0.033676 1.692844 0.021460
v 0.030308 1.692844 0.027910
v 0.025775 1.692844 0.033564
v 0.020251 1.692844 0.038204
v 0.013949 1.682761 -0.034423
v 0.013949 1.692844 0.041652
v 0.007111 1.692844 0.043775
v 0.000000 1.692844 0.044492
v 0.000000 1.692844 -0.030129
v 0.020251 1.682761 -0.030975
v 0.025775 1.682761 -0.026335
v 0.030308 1.682761 -0.020681
v 0.033676 1.682761 -0.014231
v 0.035751 1.682761 -0.007232
v 0.036451 1.682761 0.000047
v 0.035751 1.682761 0.007326
v 0.033676 1.682761 0.014325
v 0.030308 1.682761 0.020776
v 0.025775 1.682761 0.026430
v 0.020251 1.682761 0.031070
v 0.013949 1.682761 0.034517
v 0.007111 1.682761 0.036641
v 0.000000 1.682761 0.037358
v -0.037288 2.090251 0.063281
v -0.054134 2.073819 0.080524
v -0.068900 2.051705 0.095637
v -0.081017 2.024760 0.108041
v -0.090022 1.994018 0.117257
v -0.095566 1.960661 0.122933
v -0.097439 1.925971 0.124849
v -0.095566 1.891281 0.122933
v -0.090022 1.857924 0.117257
v -0.081017 1.827182 0.108041
v 0.000000 1.682761 -0.037263
v 0.032476 1.650464 -0.078349
v 0.063704 1.650464 -0.073800
v 0.092484 1.650464 -0.066414
v 0.117709 1.650464 -0.056473
v 0.148189 1.627032 -0.039496
v 0.156141 1.637507 -0.032582
v 0.166957 1.645941 -0.016839
v 0.169973 1.637671 0.000047
v 0.168612 1.632360 0.007240
v 0.153795 1.650464 0.030636
v 0.138412 1.650464 0.044455
v 0.117709 1.650464 0.056568
v 0.092484 1.650464 0.066508
v 0.063704 1.650464 0.073895
v 0.032476 1.650464 0.078443
v 0.000000 1.650464 0.079979
v 0.000000 1.650464 -0.079885
v 0.035660 1.603840 -0.087627
v 0.069950 1.603840 -0.082540
v 0.101551 1.603840 -0.074280
v 0.129250 1.603840 -0.063163
v 0.151982 1.603840 -0.049616
v 0.184211 1.554176 0.009247
v 0.184187 1.601987 0.013876
v 0.177003 1.630853 0.006337
v 0.180980 1.602369 0.015073
v 0.168874 1.603840 0.034256
v 0.151982 1.603840 0.049711
v 0.129250 1.603840 0.063257
v 0.101551 1.603840 0.074374
v 0.069950 1.603840 0.082635
v 0.035660 1.603840 0.087722
v 0.000000 1.603840 0.089439
v -0.068900 1.800236 0.095637
v -0.054134 1.778123 0.080524
v -0.037288 1.761691 0.063280
v -0.025775 1.749740 0.055986
v -0.014936 2.100369 0.047993
v -0.029297 2.090251 0.069993
v -0.042533 2.073819 0.090269
v -0.054134 2.051705 0.108041
v 0.000000 1.603840 -0.089345
v 0.035660 1.518278 -0.090019
v 0.069950 1.518278 -0.084793
v 0.101551 1.518278 -0.076307
v 0.129250 1.518278 -0.064887
v 0.158458 1.561511 -0.045683
v 0.168816 1.540566 -0.035041
v 0.179252 1.531335 -0.017854
v 0.182782 1.536011 0.000047
v 0.181022 1.552697 0.010263
v 0.168874 1.518278 0.035189
v 0.151982 1.518278 0.051066
v 0.129250 1.518278 0.064981
v 0.101551 1.518278 0.076402
v 0.069950 1.518278 0.084888
v 0.035660 1.518278 0.090114
v 0.000000 1.518278 0.091878
v -0.063655 2.024760 0.122626
v -0.070730 1.994018 0.133463
v 0.000000 1.518278 -0.091784
v 0.033810 1.438028 -0.085422
v 0.066320 1.438028 -0.080333
v 0.096282 1.438028 -0.072068
v 0.122544 1.438028 -0.060946
v 0.144096 1.438028 -0.047394
v 0.160111 1.438028 -0.031932
v 0.169973 1.438028 -0.015156
v 0.173303 1.438028 0.002292
v 0.169973 1.438028 0.019739
v 0.160111 1.438028 0.036516
v 0.144096 1.438028 0.051978
v 0.122544 1.438028 0.065530
v 0.096282 1.438028 0.076652
v 0.066320 1.438028 0.084916
v 0.033810 1.438028 0.090005
v 0.000000 1.438028 0.091724
v 0.000000 1.438028 -0.087140
v 0.032762 1.346062 -0.083702
v 0.064265 1.346062 -0.078713
v 0.093299 1.346062 -0.070610
v 0.118747 1.346062 -0.059706
v 0.139631 1.346062 -0.046420
v 0.155150 1.346062 -0.031261
v 0.164706 1.346062 -0.014814
v 0.167933 1.346062 0.002292
v 0.164706 1.346062 0.019397
v 0.155150 1.346062 0.035845
v 0.139631 1.346062 0.051003
v 0.118747 1.346062 0.064290
v 0.093299 1.346062 0.075194
v 0.064265 1.346062 0.083296
v 0.032762 1.346062 0.088286
v 0.000000 1.346062 0.089970
v -0.075086 1.960661 0.140137
v -0.076557 1.925971 0.142390
v -0.075086 1.891281 0.140137
v -0.070730 1.857924 0.133463
v -0.063655 1.827182 0.122626
v -0.054134 1.800236 0.108041
v -0.042533 1.778123 0.090269
v -0.029297 1.761691 0.069993
v -0.020251 1.749740 0.060626
v -0.013949 1.692844 -0.027289
v 0.000000 1.346062 -0.085387
v 0.030899 1.234489 -0.078185
v 0.060610 1.234489 -0.073385
v 0.087993 1.234489 -0.065591
v 0.111993 1.234489 -0.055102
v 0.131690 1.234489 -0.042321
v 0.146326 1.234489 -0.027740
v 0.155339 1.234489 -0.011918
v 0.158382 1.234489 0.004536
v 0.155339 1.234489 0.020990
v 0.146326 1.234489 0.036812
v 0.131690 1.234489 0.051394
v 0.111993 1.234489 0.064175
v 0.087993 1.234489 0.074663
v 0.060610 1.234489 0.082457
v 0.030899 1.234489 0.087257
v 0.000000 1.234489 0.088877
v 0.000000 1.234489 -0.079805
v 0.019900 1.153532 -0.087184
v 0.058763 1.153532 -0.089184
v 0.085310 1.153532 -0.080948
v 0.108579 1.153532 -0.069211
v 0.127676 1.153532 -0.054638
v 0.141865 1.153532 -0.038593
v 0.150604 1.153532 -0.021839
v 0.153554 1.153532 -0.004442
v 0.150604 1.153532 0.012955
v 0.141865 1.153532 0.029684
v 0.127676 1.153532 0.045101
v 0.108579 1.153532 0.058614
v 0.085310 1.153532 0.069704
v 0.058763 1.153532 0.077944
v 0.029957 1.153532 0.083019
v 0.000000 1.153532 0.084732
v 0.000000 1.153532 -0.073190
v 0.015089 1.076533 -0.113836
v 0.058763 1.075446 -0.116667
v 0.085310 1.075446 -0.107149
v 0.108579 1.075446 -0.091296
v 0.127676 1.075446 -0.071278
v 0.141865 1.075446 -0.050742
v 0.150604 1.075446 -0.031187
v 0.153554 1.075446 -0.012100
v 0.150604 1.075446 0.006082
v 0.141865 1.075446 0.023363
v 0.127676 1.075446 0.039288
v 0.108579 1.075446 0.053247
v 0.085310 1.075446 0.064703
v 0.058763 1.075446 0.073216
v 0.029957 1.075446 0.078458
v 0.000000 1.075446 0.080228
v -0.010288 2.100369 0.050536
v -0.020180 2.090251 0.074981
v -0.029297 2.073819 0.097510
v -0.037288 2.051705 0.117257
v -0.043846 2.024760 0.133463
v -0.048719 1.994018 0.145505
v -0.051720 1.960661 0.152921
v -0.052733 1.925971 0.155425
v -0.051720 1.891281 0.152921
v -0.048719 1.857924 0.145505
v 0.000000 1.075446 -0.085686
v 0.016622 1.034285 -0.122064
v 0.062441 1.032983 -0.119822
v 0.090650 1.032983 -0.109410
v 0.115375 1.032983 -0.092316
v 0.135667 1.032983 -0.071538
v 0.150745 1.032983 -0.050996
v 0.160030 1.032983 -0.031994
v 0.163165 1.032983 -0.013566
v 0.160030 1.032983 0.004046
v 0.150745 1.032983 0.020830
v 0.135667 1.032983 0.036299
v 0.115375 1.032983 0.049857
v 0.090650 1.032983 0.060985
v 0.062441 1.032983 0.069253
v 0.031832 1.032983 0.074344
v 0.000000 1.009264 0.077597
v 0.035702 0.920837 -0.057600
v 0.000000 1.009264 -0.085863
v 0.022610 1.005672 -0.117399
v 0.029957 1.004371 0.075917
v 0.000000 0.980651 0.077597
v 0.000000 0.980651 -0.077199
v 0.029957 0.966533 -0.099748
v 0.029957 0.963926 0.067251
v 0.000000 0.942046 0.063857
v 0.000000 0.945627 -0.058081
v 0.163268 1.650464 0.015641
v 0.166466 1.650464 0.000047
v 0.163268 1.650464 -0.015547
v 0.153795 1.650464 -0.030541
v 0.138412 1.650464 -0.044361
v 0.179276 1.603840 0.017487
v 0.158361 1.602952 -0.047491
v 0.179276 1.518278 0.017963
v 0.182788 1.518278 0.000047
v 0.179276 1.518278 -0.017868
v 0.168874 1.518278 -0.035095
v 0.151982 1.518278 -0.050971
v 0.221901 1.583435 -0.000450
v 0.664413 1.328184 -0.036449
v 0.655974 1.315986 -0.074758
v 0.656974 1.315510 -0.025041
v 0.220475 1.584463 -0.063988
v 0.232505 1.610809 -0.015888
v 0.233425 1.614839 -0.032907
v 0.231469 1.611048 -0.048776
v 0.200905 1.533140 -0.015888
v 0.198944 1.529165 -0.033931
v 0.201576 1.537465 -0.051253
v 0.230464 1.606220 -0.008638
v 0.227077 1.602154 -0.055744
v 0.206264 1.546232 -0.005533
v 0.207434 1.553423 -0.062042
v 0.185233 1.538115 -0.000586
v 0.177121 1.542499 -0.034359
v 0.171104 1.562660 -0.044602
v 0.169758 1.635807 -0.031993
v 0.176035 1.641965 -0.016840
v 0.171048 1.602548 -0.046343
v 0.165139 1.625725 -0.038648
v 0.177793 1.635965 -0.000586
v 0.183183 1.533614 -0.017817
v 0.665058 1.330050 -0.049027
v 0.663686 1.328295 -0.060753
v 0.642245 1.292222 -0.036449
v 0.640870 1.290382 -0.049783
v 0.642716 1.294225 -0.062584
v 0.662981 1.326059 -0.031092
v 0.660605 1.324177 -0.065903
v 0.646005 1.298284 -0.028798
v 0.646825 1.301614 -0.073320
v 0.440504 1.449634 -0.121396
v 0.446111 1.464236 -0.114752
v 0.449841 1.471578 -0.109136
v 0.451501 1.474707 -0.096347
v 0.424456 1.410841 -0.103296
v 0.429430 1.424013 -0.111991
v 0.428437 1.418077 -0.066448
v 0.423886 1.407270 -0.074793
v 0.441716 1.448786 -0.070188
v 0.450720 1.471381 -0.082630
v 0.448987 1.467593 -0.076787
v 0.422221 1.403989 -0.089335
v 0.470402 1.451159 -0.110402
v 0.475686 1.462461 -0.090264
v 0.454050 1.407742 -0.107312
v 0.448615 1.389670 -0.066699
v 0.473221 1.454781 -0.068903
v 0.446982 1.386129 -0.082601
v 0.464906 1.435397 -0.117708
v 0.474058 1.459083 -0.104249
v 0.449173 1.393524 -0.097842
v 0.453076 1.401335 -0.057552
v 0.466093 1.434482 -0.061744
v 0.474921 1.458871 -0.075283
v 0.419851 1.462268 -0.115732
v 0.429343 1.484578 -0.103231
v 0.403535 1.422828 -0.097523
v 0.407582 1.430185 -0.060056
v 0.421082 1.461406 -0.063682
v 0.430237 1.484378 -0.076289
v 0.425550 1.477114 -0.108949
v 0.431031 1.487759 -0.090225
v 0.408592 1.436220 -0.114177
v 0.402955 1.419198 -0.068557
v 0.428475 1.480526 -0.070354
v 0.401262 1.415862 -0.083344
v 0.558108 1.392422 -0.088595
v 0.563009 1.401133 -0.069961
v 0.542943 1.358962 -0.089076
v 0.537902 1.345035 -0.051463
v 0.560723 1.395214 -0.050181
v 0.536388 1.342305 -0.066181
v 0.553011 1.380275 -0.095341
v 0.561500 1.398530 -0.082905
v 0.538420 1.348005 -0.080297
v 0.542040 1.354025 -0.043006
v 0.554112 1.379570 -0.043532
v 0.562299 1.398366 -0.056089
v 0.025901 0.915598 -0.001724
v 0.000000 0.915598 -0.001818
v 0.029957 0.928579 0.038815
v 0.000000 0.918453 0.031019
v 0.029957 0.933696 -0.059007
v 0.000000 0.919877 -0.043307
v 0.030421 0.915720 0.038815
v 0.028183 0.903637 -0.001724
v -0.043846 1.827182 0.133463
v -0.037288 1.800236 0.117257
v -0.029297 1.778123 0.097510
v -0.020180 1.761691 0.074981
v -0.013949 1.749740 0.064074
v -0.005245 2.100369 0.052102
v -0.010288 2.090251 0.078053
v -0.014936 2.073819 0.101970
v -0.019009 2.051705 0.122933
v -0.022353 2.024760 0.140137
v 0.256841 0.027654 0.171415
v 0.217163 0.005952 -0.056727
v 0.035702 0.966430 0.067251
v 0.035702 0.967955 -0.100511
v 0.262121 0.006026 0.180717
v 0.206373 0.005677 0.008303
v 0.210125 0.005807 -0.040644
v 0.204157 0.005346 -0.013268
v 0.201672 0.026975 -0.019666
v 0.207441 0.027435 -0.044213
v 0.203170 0.027305 -0.000095
v 0.249186 0.006026 0.186846
v 0.214246 0.027581 -0.058634
v 0.045614 0.993375 0.073884
v 0.031597 0.991136 -0.116668
v 0.244320 0.027654 0.176944
v 0.219160 0.027644 -0.060686
v 0.218467 0.027578 0.177142
v 0.222442 0.005950 0.186993
v 0.210044 0.005677 0.173116
v 0.206525 0.027305 0.164729
v 0.264187 0.027654 -0.010392
v 0.265449 0.027654 -0.017063
v 0.266782 0.027654 -0.024938
v 0.265449 0.027654 -0.032813
v 0.068186 0.999693 0.069253
v 0.096395 0.999693 0.060985
v -0.024837 1.994018 0.152921
v -0.026367 1.960661 0.160793
v -0.026883 1.925971 0.163451
v -0.026367 1.891281 0.160793
v -0.024837 1.857924 0.152921
v -0.022353 1.827182 0.140137
v -0.019009 1.800236 0.122933
v -0.014936 1.778123 0.101970
v -0.010288 1.761691 0.078053
v -0.007111 1.749740 0.066197
v 0.121120 0.999693 0.049858
v 0.141412 0.999693 0.036299
v 0.261501 0.027654 -0.040386
v 0.255090 0.027654 -0.047365
v 0.156490 0.999693 0.020830
v 0.165775 0.999693 0.004046
v 0.168910 0.999693 -0.013566
v 0.165775 0.999693 -0.031994
v 0.156490 0.999693 -0.050860
v 0.141412 0.999693 -0.070284
v -0.266044 0.006026 -0.036375
v -0.270128 0.006026 -0.027930
v -0.271507 0.006026 -0.019147
v -0.270128 0.006026 -0.010364
v -0.269462 0.006026 -0.003004
v 0.246461 0.027654 -0.053586
v 0.235947 0.027654 -0.058796
v -0.225384 -0.000093 0.185345
v -0.214203 -0.000366 0.172327
v -0.267018 0.027654 0.164532
v -0.272626 0.006026 0.173071
v -0.222246 0.006015 -0.059015
v -0.013949 1.710129 -0.020154
v -0.007111 1.710129 -0.022278
v -0.020251 1.710129 -0.016707
v 0.229603 0.027654 -0.060822
v 0.266556 0.027654 -0.026277
v -0.025775 1.710129 -0.012067
v -0.030308 1.710129 -0.006413
v -0.033676 1.710129 0.000038
v -0.035751 1.710129 0.007037
v -0.036451 1.710129 0.014316
v -0.035751 1.710129 0.021595
v -0.033676 1.710129 0.028594
v -0.030308 1.710129 0.035044
v -0.025775 1.710129 0.040698
v -0.020251 1.710129 0.045338
v -0.007111 1.682761 -0.036546
v -0.013949 1.710129 0.048786
v -0.007111 1.710129 0.050909
v 0.266238 0.027654 -0.028155
v 0.263475 0.027654 -0.036599
v -0.007111 1.692844 -0.029412
v -0.020251 1.692844 -0.023841
v -0.025775 1.692844 -0.019201
v -0.030308 1.692844 -0.013547
v -0.033676 1.692844 -0.007097
v -0.035751 1.692844 -0.000097
v -0.036451 1.692844 0.007182
v -0.035751 1.692844 0.014460
v -0.033676 1.692844 0.021460
v -0.030308 1.692844 0.027910
v -0.025775 1.692844 0.033564
v -0.020251 1.692844 0.038204
v -0.013949 1.682761 -0.034423
v -0.013949 1.692844 0.041652
v -0.007111 1.692844 0.043775
v 0.262488 0.027654 -0.038493
v 0.258295 0.027654 -0.043875
v -0.020251 1.682761 -0.030975
v -0.025775 1.682761 -0.026335
v 0.121120 0.999693 -0.090072
v 0.096395 0.999693 -0.106564
v -0.030308 1.682761 -0.020681
v 0.068186 0.999693 -0.117081
v 0.041751 0.904685 -0.056133
v 0.036539 0.904388 0.038815
v 0.041204 0.923424 0.067251
v 0.042562 0.924129 -0.090777
v 0.058415 0.949145 0.074563
v 0.048096 0.948291 -0.104588
v 0.080580 0.952498 0.069253
v 0.108789 0.952498 0.060985
v 0.133515 0.952498 0.049858
v 0.153806 0.952498 0.036299
v 0.164121 0.952498 0.020830
v 0.173319 0.952498 0.004046
v 0.176454 0.952498 -0.013409
v 0.173406 0.952498 -0.030928
v 0.164121 0.952498 -0.048591
v 0.153806 0.952498 -0.065528
v 0.133515 0.952498 -0.081514
v 0.108789 0.952498 -0.095345
v 0.080580 0.952498 -0.104849
v 0.058665 0.905011 0.067251
v 0.057752 0.905015 -0.088096
v 0.074492 0.905164 0.074484
v 0.069309 0.905159 -0.092644
v 0.090084 0.905183 0.072522
v 0.108789 0.905183 0.068856
v 0.133515 0.905183 0.057600
v 0.153806 0.905183 0.043160
v 0.168884 0.905183 0.020830
v 0.178169 0.905183 0.004046
v 0.181305 0.905183 -0.013409
v 0.178169 0.905183 -0.030865
v 0.168884 0.905183 -0.047649
v 0.153806 0.905183 -0.063118
v 0.133515 0.905183 -0.076908
v 0.108789 0.905183 -0.088456
v 0.093869 0.905183 -0.092946
v -0.033676 1.682761 -0.014231
v -0.035751 1.682761 -0.007232
v -0.036451 1.682761 0.000047
v -0.035751 1.682761 0.007326
v -0.033676 1.682761 0.014325
v -0.030308 1.682761 0.020776
v -0.025775 1.682761 0.026430
v -0.020251 1.682761 0.031070
v -0.013949 1.682761 0.034517
v -0.007111 1.682761 0.036641
v 0.253747 0.046385 -0.039976
v 0.257734 0.046385 -0.034875
v -0.032476 1.650464 -0.078349
v -0.063704 1.650464 -0.073800
v -0.092484 1.650464 -0.066414
v -0.117709 1.650464 -0.056473
v -0.148189 1.627032 -0.039496
v -0.156141 1.637507 -0.032582
v -0.166957 1.645941 -0.016839
v -0.169973 1.637671 0.000047
v -0.168612 1.632360 0.007240
v -0.153795 1.650464 0.030636
v -0.138412 1.650464 0.044455
v -0.117709 1.650464 0.056568
v -0.092484 1.650464 0.066508
v 0.258672 0.046385 -0.033080
v 0.261299 0.046385 -0.025077
v -0.063704 1.650464 0.073895
v -0.032476 1.650464 0.078443
v -0.035660 1.603840 -0.087627
v -0.069950 1.603840 -0.082540
v -0.101551 1.603840 -0.074280
v -0.129250 1.603840 -0.063163
v -0.151982 1.603840 -0.049616
v -0.184211 1.554176 0.009247
v -0.184187 1.601987 0.013876
v -0.177003 1.630853 0.006337
v -0.180980 1.602369 0.015073
v -0.168874 1.603840 0.034256
v -0.151982 1.603840 0.049711
v 0.261601 0.046385 -0.023297
v 0.226468 0.046385 -0.056038
v -0.129250 1.603840 0.063257
v -0.101551 1.603840 0.074374
v -0.069950 1.603840 0.082635
v -0.035660 1.603840 0.087722
v -0.035660 1.518278 -0.090019
v -0.069950 1.518278 -0.084793
v -0.101551 1.518278 -0.076307
v -0.129250 1.518278 -0.064887
v -0.158458 1.561511 -0.045683
v -0.168816 1.540566 -0.035041
v -0.179252 1.531335 -0.017854
v -0.182782 1.536011 0.000047
v -0.181022 1.552697 0.010263
v 0.232500 0.046385 -0.054118
v 0.242496 0.046385 -0.049180
v -0.168874 1.518278 0.035189
v -0.151982 1.518278 0.051066
v -0.129250 1.518278 0.064981
v -0.101551 1.518278 0.076402
v -0.069950 1.518278 0.084888
v -0.035660 1.518278 0.090114
v -0.033810 1.438028 -0.085422
v -0.066320 1.438028 -0.080333
v -0.096282 1.438028 -0.072068
v -0.122544 1.438028 -0.060946
v -0.144096 1.438028 -0.047394
v -0.160111 1.438028 -0.031932
v -0.169973 1.438028 -0.015156
v 0.250700 0.046385 -0.043283
v 0.256795 0.046385 -0.036669
v -0.173303 1.438028 0.002292
v -0.169973 1.438028 0.019739
v -0.160111 1.438028 0.036516
v -0.144096 1.438028 0.051978
v -0.122544 1.438028 0.065530
v -0.096282 1.438028 0.076652
v -0.066320 1.438028 0.084916
v -0.033810 1.438028 0.090005
v -0.032762 1.346062 -0.083702
v -0.064265 1.346062 -0.078713
v -0.093299 1.346062 -0.070610
v -0.118747 1.346062 -0.059706
v -0.139631 1.346062 -0.046420
v 0.260549 0.046385 -0.029492
v 0.261817 0.046385 -0.022028
v 0.043760 0.800744 -0.001595
v 0.057534 0.801808 -0.056831
v 0.052244 0.801507 0.039559
v 0.074705 0.802139 0.068428
v 0.073779 0.802143 -0.089279
v 0.090773 0.802294 0.075771
v 0.085511 0.802289 -0.093896
v 0.106601 0.802314 0.073778
v 0.125590 0.802314 0.070056
v 0.150691 0.802314 0.058630
v 0.171291 0.802314 0.043970
v 0.186598 0.802314 0.021302
v 0.196024 0.802314 0.004263
v 0.199207 0.802314 -0.013458
v 0.196024 0.802314 -0.031178
v 0.186598 0.802314 -0.048218
v 0.171291 0.802314 -0.063921
v 0.150691 0.802314 -0.077921
v 0.125590 0.802314 -0.089645
v 0.110444 0.802314 -0.094202
v 0.061445 0.705399 -0.001875
v 0.074773 0.706429 -0.055320
v 0.069654 0.706138 0.037946
v 0.091387 0.706749 0.065879
v 0.090491 0.706753 -0.086717
v 0.106934 0.706899 0.072984
v 0.101843 0.706894 -0.091184
v 0.122250 0.706919 0.071056
v 0.140624 0.706919 0.067455
v 0.164911 0.706919 0.056398
v 0.184843 0.706919 0.042214
v 0.199654 0.706919 0.020280
v 0.208775 0.706919 0.003793
v 0.211854 0.706919 -0.013353
v 0.208775 0.706919 -0.030499
v 0.199654 0.706919 -0.046986
v 0.184843 0.706919 -0.062181
v 0.164911 0.706919 -0.075727
v 0.140624 0.706919 -0.087071
v 0.125968 0.706919 -0.091481
v 0.094418 0.595316 -0.003532
v 0.105098 0.596141 -0.046363
v 0.100996 0.595908 0.028381
v 0.118413 0.596398 0.050766
v 0.117695 0.596401 -0.071525
v 0.130873 0.596518 0.056460
v 0.126793 0.596514 -0.075105
v 0.143147 0.596534 0.054915
v 0.157872 0.596534 0.052029
v 0.177336 0.596534 0.043168
v 0.193309 0.596534 0.031801
v 0.205179 0.596534 0.014223
v 0.212488 0.596534 0.001010
v 0.214956 0.596534 -0.012731
v 0.212488 0.596534 -0.026472
v 0.205179 0.596534 -0.039684
v 0.193309 0.596534 -0.051862
v 0.177336 0.596534 -0.062717
v 0.157872 0.596534 -0.071808
v 0.146126 0.596534 -0.075343
v 0.111998 0.556609 -0.000951
v 0.121035 0.557307 -0.037192
v 0.117564 0.557109 0.026051
v 0.132301 0.557524 0.044992
v 0.131694 0.557527 -0.058482
v 0.142844 0.557626 0.049810
v 0.139391 0.557622 -0.061511
v 0.153229 0.557639 0.048503
v 0.165688 0.557639 0.046060
v 0.182157 0.557639 0.038563
v 0.195673 0.557639 0.028945
v 0.205716 0.557639 0.014072
v 0.211901 0.557639 0.002892
v 0.213989 0.557639 -0.008734
v 0.211901 0.557639 -0.020361
v 0.205716 0.557639 -0.031541
v 0.195673 0.557639 -0.041844
v 0.182157 0.557639 -0.051029
v 0.165688 0.557639 -0.058722
v 0.155750 0.557639 -0.061712
v 0.126841 0.521936 0.002326
v 0.134732 0.522546 -0.031933
v 0.131701 0.522374 0.027851
v 0.144570 0.522735 0.045756
v 0.144039 0.522738 -0.052058
v 0.153775 0.522825 0.050310
v 0.150761 0.522822 -0.054921
v 0.162844 0.522836 0.049074
v 0.173723 0.522836 0.046766
v 0.188104 0.522836 0.039679
v 0.199906 0.522836 0.030587
v 0.208676 0.522836 0.016527
v 0.214076 0.522836 0.005959
v 0.215900 0.522836 -0.005032
v 0.214076 0.522836 -0.016022
v 0.208676 0.522836 -0.026591
v 0.199906 0.522836 -0.036330
v 0.188104 0.522836 -0.045013
v 0.173723 0.522836 -0.052284
v 0.165045 0.522836 -0.055111
v 0.131752 0.493868 0.002404
v 0.139758 0.494487 -0.032353
v 0.136683 0.494312 0.028300
v 0.149739 0.494679 0.046465
v 0.149200 0.494682 -0.052771
v 0.159078 0.494770 0.051086
v 0.156020 0.494767 -0.055676
v 0.168279 0.494781 0.049832
v 0.179316 0.494781 0.047490
v 0.193906 0.494781 0.040300
v 0.205880 0.494781 0.031076
v 0.214777 0.494781 0.016812
v 0.220256 0.494781 0.006090
v 0.222106 0.494781 -0.005061
v 0.220256 0.494781 -0.016211
v 0.214777 0.494781 -0.026933
v 0.205880 0.494781 -0.036815
v 0.193906 0.494781 -0.045624
v 0.179316 0.494781 -0.053001
v 0.170512 0.494781 -0.055869
v 0.130615 0.473212 -0.001111
v 0.139422 0.473893 -0.036425
v 0.136039 0.473701 0.025200
v 0.150399 0.474104 0.043656
v 0.149807 0.474107 -0.057170
v 0.160672 0.474204 0.048351
v 0.157308 0.474200 -0.060122
v 0.170792 0.474216 0.047077
v 0.182932 0.474216 0.044698
v 0.198980 0.474216 0.037392
v 0.212150 0.474216 0.028020
v 0.221936 0.474216 0.013528
v 0.227962 0.474216 0.002634
v 0.229997 0.474216 -0.008695
v 0.227962 0.474216 -0.020025
v 0.221936 0.474216 -0.030918
v 0.212150 0.474216 -0.040958
v 0.198980 0.474216 -0.049908
v 0.182932 0.474216 -0.057404
v 0.173248 0.474216 -0.060318
v 0.131112 0.437455 -0.009972
v 0.140635 0.438191 -0.049675
v 0.136977 0.437983 0.019609
v 0.152506 0.438419 0.040360
v 0.151865 0.438422 -0.072999
v 0.163614 0.438527 0.045638
v 0.159977 0.438523 -0.076317
v 0.174558 0.438540 0.044206
v 0.187686 0.438540 0.041531
v 0.205039 0.438540 0.033317
v 0.219281 0.438540 0.022780
v 0.229864 0.438540 0.006486
v 0.236380 0.438540 -0.005762
v 0.238581 0.438540 -0.018499
v 0.236380 0.438540 -0.031236
v 0.229864 0.438540 -0.043484
v 0.219281 0.438540 -0.054772
v 0.205039 0.438540 -0.064835
v 0.187686 0.438540 -0.073262
v 0.177214 0.438540 -0.076538
v 0.138518 0.386465 -0.017063
v 0.147682 0.387173 -0.058247
v 0.144162 0.386973 0.013622
v 0.159105 0.387393 0.035146
v 0.158489 0.387396 -0.082441
v 0.169794 0.387497 0.040621
v 0.166294 0.387493 -0.085883
v 0.180325 0.387510 0.039136
v 0.192958 0.387510 0.036360
v 0.209657 0.387510 0.027841
v 0.223361 0.387510 0.016910
v 0.233545 0.387510 0.000009
v 0.239816 0.387510 -0.012696
v 0.241933 0.387510 -0.025908
v 0.239816 0.387510 -0.039121
v 0.233545 0.387510 -0.051825
v 0.223361 0.387510 -0.063534
v 0.209657 0.387510 -0.073972
v 0.192958 0.387510 -0.082713
v 0.182881 0.387510 -0.086112
v 0.154172 0.282654 -0.016566
v 0.162622 0.283295 -0.050814
v 0.159377 0.283113 0.008951
v 0.173157 0.283494 0.026851
v 0.172588 0.283497 -0.070933
v 0.183014 0.283588 0.031404
v 0.179786 0.283585 -0.073796
v 0.192725 0.283600 0.030168
v 0.204375 0.283600 0.027861
v 0.219774 0.283600 0.020776
v 0.232412 0.283600 0.011686
v 0.241803 0.283600 -0.002369
v 0.247586 0.283600 -0.012934
v 0.249538 0.283600 -0.023921
v 0.247586 0.283600 -0.034909
v 0.241803 0.283600 -0.045474
v 0.232412 0.283600 -0.055210
v 0.219774 0.283600 -0.063891
v 0.204375 0.283600 -0.071160
v 0.195082 0.283600 -0.073986
v 0.179506 0.149633 -0.015545
v 0.186153 0.150174 -0.042154
v 0.183600 0.150021 0.004281
v 0.194439 0.150342 0.018188
v 0.193992 0.150344 -0.057786
v 0.202192 0.150421 0.021725
v 0.199653 0.150418 -0.060010
v 0.209831 0.150431 0.020766
v 0.218994 0.150431 0.018973
v 0.231107 0.150431 0.013468
v 0.241048 0.150431 0.006406
v 0.248434 0.150431 -0.004515
v 0.252983 0.150431 -0.012723
v 0.254519 0.150431 -0.021260
v 0.252983 0.150431 -0.029797
v 0.248434 0.150431 -0.038005
v 0.241048 0.150431 -0.045570
v 0.231107 0.150431 -0.052315
v 0.218994 0.150431 -0.057962
v 0.211685 0.150431 -0.060158
v 0.196786 0.077343 -0.012584
v 0.202083 0.077803 -0.034050
v 0.200048 0.077673 0.003409
v 0.208685 0.077946 0.014628
v 0.208329 0.077949 -0.046659
v 0.214864 0.078014 0.017482
v 0.212840 0.078012 -0.048454
v 0.220950 0.078022 0.016707
v 0.228252 0.078022 0.015261
v 0.237904 0.078022 0.010820
v 0.245825 0.078022 0.005123
v 0.251711 0.078022 -0.003686
v 0.255336 0.078022 -0.010308
v 0.256560 0.078022 -0.017194
v 0.255336 0.078022 -0.024081
v 0.251711 0.078022 -0.030702
v 0.245825 0.078022 -0.036805
v 0.237904 0.078022 -0.042245
v 0.228252 0.078022 -0.046802
v 0.222428 0.078022 -0.048573
v 0.093735 1.671020 -0.022386
v 0.099509 1.671020 -0.011389
v 0.000000 1.671020 -0.058574
v 0.084360 1.671020 -0.032521
v 0.071742 1.671020 -0.041404
v 0.056367 1.671020 -0.048695
v 0.000000 1.671020 0.058668
v 0.038827 1.671020 -0.054112
v 0.019794 1.671020 0.057542
v 0.019794 1.671020 -0.057448
v 0.038827 1.671020 0.054206
v 0.056367 1.671020 0.048789
v 0.071742 1.671020 0.041499
v 0.084360 1.671020 0.032615
v 0.093735 1.671020 0.022481
v 0.099509 1.671020 0.011484
v 0.101459 1.671020 0.000047
v -0.155150 1.346062 -0.031261
v -0.164706 1.346062 -0.014814
v -0.167933 1.346062 0.002292
v -0.164706 1.346062 0.019397
v -0.155150 1.346062 0.035845
v -0.139631 1.346062 0.051003
v -0.118747 1.346062 0.064290
v -0.093299 1.346062 0.075194
v -0.064265 1.346062 0.083296
v -0.032762 1.346062 0.088286
v -0.030899 1.234489 -0.078185
v -0.060610 1.234489 -0.073385
v -0.087993 1.234489 -0.065591
v 0.260549 0.046385 -0.014564
v -0.111993 1.234489 -0.055102
v 0.259145 0.046385 -0.008107
v -0.131690 1.234489 -0.042321
v -0.146326 1.234489 -0.027740
v 0.234754 0.027654 0.178940
v 0.239297 0.006026 0.189045
v -0.155339 1.234489 -0.011918
v -0.158382 1.234489 0.004536
v 0.231030 0.006017 0.190328
v 0.226759 0.027646 0.180112
v -0.155339 1.234489 0.020990
v -0.146326 1.234489 0.036812
v -0.131690 1.234489 0.051394
v -0.111993 1.234489 0.064175
v -0.087993 1.234489 0.074663
v -0.060610 1.234489 0.082457
v -0.030899 1.234489 0.087257
v -0.019900 1.153532 -0.087184
v -0.058763 1.153532 -0.089184
v -0.085310 1.153532 -0.080948
v -0.108579 1.153532 -0.069211
v -0.127676 1.153532 -0.054638
v -0.141865 1.153532 -0.038593
v -0.150604 1.153532 -0.021839
v -0.153554 1.153532 -0.004442
v -0.150604 1.153532 0.012955
v -0.141865 1.153532 0.029684
v -0.127676 1.153532 0.045101
v -0.108579 1.153532 0.058614
v -0.085310 1.153532 0.069704
v -0.058763 1.153532 0.077944
v -0.029957 1.153532 0.083019
v -0.015089 1.076533 -0.113836
v -0.058763 1.075446 -0.116667
v -0.085310 1.075446 -0.107149
v -0.108579 1.075446 -0.091296
v -0.127676 1.075446 -0.071278
v -0.141865 1.075446 -0.050742
v -0.150604 1.075446 -0.031187
v -0.153554 1.075446 -0.012100
v -0.150604 1.075446 0.006082
v -0.141865 1.075446 0.023363
v -0.127676 1.075446 0.039288
v -0.108579 1.075446 0.053247
v -0.085310 1.075446 0.064703
v -0.058763 1.075446 0.073216
v -0.029957 1.075446 0.078458
v -0.016622 1.034285 -0.122064
v -0.062441 1.032983 -0.119822
v -0.090650 1.032983 -0.109410
v -0.115375 1.032983 -0.092316
v -0.135667 1.032983 -0.071538
v -0.150745 1.032983 -0.050996
v -0.160030 1.032983 -0.031994
v -0.163165 1.032983 -0.013566
v -0.160030 1.032983 0.004046
v -0.150745 1.032983 0.020830
v -0.135667 1.032983 0.036299
v -0.115375 1.032983 0.049857
v -0.090650 1.032983 0.060985
v -0.062441 1.032983 0.069253
v -0.031832 1.032983 0.074344
v -0.035702 0.920837 -0.057600
v -0.022610 1.005672 -0.117399
v -0.029957 1.004371 0.075917
v -0.029957 0.966533 -0.099748
v -0.029957 0.963926 0.067251
v -0.163268 1.650464 0.015641
v -0.166466 1.650464 0.000047
v -0.163268 1.650464 -0.015547
v -0.153795 1.650464 -0.030541
v -0.138412 1.650464 -0.044361
v -0.179276 1.603840 0.017487
v -0.158361 1.602952 -0.047491
v -0.179276 1.518278 0.017963
v -0.182788 1.518278 0.000047
v -0.179276 1.518278 -0.017868
v -0.168874 1.518278 -0.035095
v -0.151982 1.518278 -0.050971
v -0.221901 1.583435 -0.000450
v -0.664413 1.328184 -0.036449
v -0.655974 1.315986 -0.074758
v -0.656974 1.315510 -0.025041
v -0.220475 1.584463 -0.063988
v -0.232505 1.610809 -0.015888
v -0.233425 1.614839 -0.032907
v -0.231469 1.611048 -0.048776
v -0.200905 1.533140 -0.015888
v -0.198944 1.529165 -0.033931
v -0.201576 1.537465 -0.051253
v -0.230464 1.606220 -0.008638
v -0.227077 1.602154 -0.055744
v 0.216538 0.046374 -0.055909
v -0.206264 1.546232 -0.005533
v 0.280183 0.006026 0.161557
v -0.207434 1.553423 -0.062042
v 0.211866 0.046311 -0.053964
v -0.185233 1.538115 -0.000586
v -0.177121 1.542499 -0.034359
v -0.171104 1.562660 -0.044602
v -0.169758 1.635807 -0.031993
v -0.176035 1.641965 -0.016840
v -0.171048 1.602548 -0.046343
v -0.165139 1.625725 -0.038648
v -0.177793 1.635965 -0.000586
v -0.183183 1.533614 -0.017817
v -0.665058 1.330050 -0.049027
v -0.663686 1.328295 -0.060753
v -0.642245 1.292222 -0.036449
v -0.640870 1.290382 -0.049783
v -0.642716 1.294225 -0.062584
v -0.662981 1.326059 -0.031092
v -0.660605 1.324177 -0.065903
v -0.646005 1.298284 -0.028798
v -0.646825 1.301614 -0.073320
v -0.440504 1.449634 -0.121396
v -0.446111 1.464236 -0.114752
v -0.449841 1.471578 -0.109136
v -0.451501 1.474707 -0.096347
v -0.424456 1.410841 -0.103296
v -0.429430 1.424013 -0.111991
v -0.428437 1.418077 -0.066448
v -0.423886 1.407270 -0.074793
v -0.441716 1.448786 -0.070188
v -0.450720 1.471381 -0.082630
v -0.448987 1.467593 -0.076787
v -0.422221 1.403989 -0.089335
v -0.470402 1.451159 -0.110402
v -0.475686 1.462461 -0.090264
v -0.454050 1.407742 -0.107312
v -0.448615 1.389670 -0.066699
v -0.473221 1.454781 -0.068903
v -0.446982 1.386129 -0.082601
v -0.464906 1.435397 -0.117708
v -0.474058 1.459083 -0.104249
v -0.449173 1.393524 -0.097842
v -0.453076 1.401335 -0.057552
v -0.466093 1.434482 -0.061744
v -0.474921 1.458871 -0.075283
v -0.419851 1.462268 -0.115732
v -0.429343 1.484578 -0.103231
v -0.403535 1.422828 -0.097523
v -0.407582 1.430185 -0.060056
v -0.421082 1.461406 -0.063682
v -0.430237 1.484378 -0.076289
v -0.425550 1.477114 -0.108949
v -0.431031 1.487759 -0.090225
v -0.408592 1.436220 -0.114177
v -0.402955 1.419198 -0.068557
v -0.428475 1.480526 -0.070354
v -0.401262 1.415862 -0.083344
v -0.558108 1.392422 -0.088595
v -0.563009 1.401133 -0.069961
v -0.542943 1.358962 -0.089076
v -0.537902 1.345035 -0.051463
v -0.560723 1.395214 -0.050181
v -0.536388 1.342305 -0.066181
v -0.553011 1.380275 -0.095341
v -0.561500 1.398530 -0.082905
v -0.538420 1.348005 -0.080297
v -0.542040 1.354025 -0.043006
v -0.554112 1.379570 -0.043532
v -0.562299 1.398366 -0.056089
v -0.025901 0.915598 -0.001724
v -0.029957 0.928579 0.038815
v -0.029957 0.933696 -0.059007
v -0.030421 0.915720 0.038815
v -0.028183 0.903637 -0.001724
v -0.256841 0.027654 0.171415
v -0.217163 0.005952 -0.056727
v -0.035702 0.966430 0.067251
v -0.035702 0.967955 -0.100511
v -0.262121 0.006026 0.180717
v -0.206373 0.005677 0.008303
v -0.210125 0.005807 -0.040644
v -0.204157 0.005346 -0.013268
v -0.201672 0.026975 -0.019666
v -0.207441 0.027435 -0.044213
v -0.203170 0.027305 -0.000095
v -0.249186 0.006026 0.186846
v -0.214246 0.027581 -0.058634
v -0.045614 0.993375 0.073884
v -0.031597 0.991136 -0.116668
v -0.244320 0.027654 0.176944
v -0.219160 0.027644 -0.060686
v -0.218467 0.027578 0.177142
v -0.222442 0.005950 0.186993
v -0.210044 0.005677 0.173116
v -0.206525 0.027305 0.164729
v -0.264187 0.027654 -0.010392
v -0.265449 0.027654 -0.017063
v -0.266782 0.027654 -0.024938
v -0.265449 0.027654 -0.032813
v -0.068186 0.999693 0.069253
v -0.096395 0.999693 0.060985
v -0.121120 0.999693 0.049858
v -0.141412 0.999693 0.036299
v -0.261501 0.027654 -0.040386
v -0.255090 0.027654 -0.047365
v -0.156490 0.999693 0.020830
v -0.165775 0.999693 0.004046
v -0.168910 0.999693 -0.013566
v -0.165775 0.999693 -0.031994
v -0.156490 0.999693 -0.050860
v -0.141412 0.999693 -0.070284
v -0.246461 0.027654 -0.053586
v -0.235947 0.027654 -0.058796
v -0.229603 0.027654 -0.060822
v -0.266556 0.027654 -0.026277
v -0.266238 0.027654 -0.028155
v -0.263475 0.027654 -0.036599
v -0.262488 0.027654 -0.038493
v -0.258295 0.027654 -0.043875
v -0.121120 0.999693 -0.090072
v -0.096395 0.999693 -0.106564
v -0.068186 0.999693 -0.117081
v -0.041751 0.904685 -0.056133
v -0.036539 0.904388 0.038815
v -0.041204 0.923424 0.067251
v -0.042562 0.924129 -0.090777
v -0.058415 0.949145 0.074563
v -0.048096 0.948291 -0.104588
v -0.080580 0.952498 0.069253
v -0.108789 0.952498 0.060985
v -0.133515 0.952498 0.049858
v -0.153806 0.952498 0.036299
v -0.164121 0.952498 0.020830
v -0.173319 0.952498 0.004046
v -0.176454 0.952498 -0.013409
v -0.173406 0.952498 -0.030928
v -0.164121 0.952498 -0.048591
v -0.153806 0.952498 -0.065528
v -0.133515 0.952498 -0.081514
v -0.108789 0.952498 -0.095345
v -0.080580 0.952498 -0.104849
v -0.058665 0.905011 0.067251
v -0.057752 0.905015 -0.088096
v -0.074492 0.905164 0.074484
v -0.069309 0.905159 -0.092644
v -0.090084 0.905183 0.072522
v -0.108789 0.905183 0.068856
v -0.133515 0.905183 0.057600
v -0.153806 0.905183 0.043160
v -0.168884 0.905183 0.020830
v -0.178169 0.905183 0.004046
v -0.181305 0.905183 -0.013409
v -0.178169 0.905183 -0.030865
v -0.168884 0.905183 -0.047649
v -0.153806 0.905183 -0.063118
v -0.133515 0.905183 -0.076908
v -0.108789 0.905183 -0.088456
v -0.093869 0.905183 -0.092946
v -0.253747 0.046385 -0.039976
v -0.257734 0.046385 -0.034875
v -0.258672 0.046385 -0.033080
v -0.261299 0.046385 -0.025077
v -0.261601 0.046385 -0.023297
v -0.226468 0.046385 -0.056038
v -0.232500 0.046385 -0.054118
v -0.242496 0.046385 -0.049180
v -0.250700 0.046385 -0.043283
v -0.256795 0.046385 -0.036669
v -0.260549 0.046385 -0.029492
v -0.261817 0.046385 -0.022028
v -0.043760 0.800744 -0.001595
v -0.057534 0.801808 -0.056831
v -0.052244 0.801507 0.039559
v -0.074705 0.802139 0.068428
v -0.073779 0.802143 -0.089279
v -0.090773 0.802294 0.075771
v -0.085511 0.802289 -0.093896
v -0.106601 0.802314 0.073778
v -0.125590 0.802314 0.070056
v -0.150691 0.802314 0.058630
v -0.171291 0.802314 0.043970
v -0.186598 0.802314 0.021302
v -0.196024 0.802314 0.004263
v -0.199207 0.802314 -0.013458
v -0.196024 0.802314 -0.031178
v -0.186598 0.802314 -0.048218
v 0.686061 1.315515 -0.032741
v 0.677622 1.303894 -0.071049
v 0.678622 1.303441 -0.021332
v 0.686706 1.317292 -0.045318
v 0.685334 1.315620 -0.057044
v 0.663893 1.281257 -0.032741
v 0.662518 1.279504 -0.046074
v 0.664364 1.283165 -0.058875
v 0.684629 1.313491 -0.027383
v 0.682253 1.311697 -0.062194
v 0.667653 1.287032 -0.025089
v 0.668473 1.290203 -0.069611
v 0.695342 1.312054 -0.028070
v 0.684638 1.297315 -0.075916
v 0.684885 1.294180 0.003430
v 0.696159 1.314308 -0.044022
v 0.694420 1.312187 -0.058894
v 0.664439 1.272618 -0.017098
v 0.665481 1.266380 -0.044981
v 0.667823 1.271024 -0.061217
v 0.693525 1.309486 -0.021274
v 0.690512 1.307212 -0.068189
v 0.666479 1.280011 -0.006149
v 0.673035 1.279951 -0.074092
v 0.752328 1.263854 -0.015150
v 0.749245 1.255487 -0.080877
v 0.743209 1.255161 0.004149
v 0.754855 1.265134 -0.037093
v 0.755244 1.263930 -0.057725
v 0.730244 1.239188 -0.017103
v 0.730871 1.237926 -0.040548
v 0.734628 1.240562 -0.062776
v 0.750099 1.262396 -0.005905
v 0.752946 1.261105 -0.069813
v 0.732843 1.243346 0.001699
v 0.739916 1.245630 -0.079167
v 0.759905 1.254066 -0.014009
v 0.756822 1.247997 -0.081496
v 0.750785 1.247761 0.005844
v 0.762431 1.254994 -0.036582
v 0.762821 1.254120 -0.057806
v 0.737821 1.236176 -0.016018
v 0.738448 1.235261 -0.040135
v 0.742205 1.237173 -0.063001
v 0.757676 1.253008 -0.004499
v 0.760523 1.252072 -0.070115
v 0.740420 1.239192 0.003096
v 0.747492 1.240848 -0.079738
v 0.710988 1.292308 -0.070471
v 0.714368 1.296561 -0.059650
v 0.675849 1.253392 -0.005810
v 0.687893 1.259312 -0.022763
v 0.717529 1.265855 -0.001333
v 0.689732 1.261380 -0.063145
v 0.694969 1.269010 -0.078102
v 0.715409 1.298373 -0.041481
v 0.705826 1.283850 -0.080035
v 0.686926 1.257411 -0.043417
v 0.714031 1.296447 -0.022060
v 0.712079 1.294252 -0.013824
v 0.773340 1.216818 -0.012927
v 0.772026 1.215837 0.004203
v 0.764017 1.215522 -0.013355
v 0.775861 1.216325 -0.004721
v 0.766257 1.215040 0.003825
v 0.789345 1.188806 -0.012927
v 0.784269 1.186575 0.004203
v 0.777054 1.182476 -0.013355
v 0.788104 1.188432 -0.004721
v 0.778500 1.183543 0.003825
v 0.794639 1.168810 -0.012927
v 0.789563 1.167497 0.004203
v 0.782348 1.165085 -0.013355
v 0.793398 1.168589 -0.004721
v 0.783795 1.165713 0.003825
v 0.793574 1.164505 -0.009224
v 0.790579 1.163730 0.000884
v 0.786321 1.162307 -0.010247
v 0.792842 1.164375 -0.004382
v 0.787175 1.162677 0.001942
v 0.745341 1.237265 0.004130
v 0.747673 1.233646 -0.014840
v 0.753635 1.242731 0.004508
v 0.760711 1.246131 -0.013054
v 0.759149 1.246078 -0.004416
v 0.729636 1.284983 -0.058633
v 0.703712 1.257355 -0.020593
v 0.711758 1.264548 -0.078074
v 0.730143 1.286327 -0.039667
v 0.728336 1.284899 -0.019436
v 0.726660 1.281829 -0.069855
v 0.692076 1.257130 -0.010294
v 0.719084 1.275191 -0.001442
v 0.706502 1.258889 -0.062679
v 0.722044 1.275555 -0.079914
v 0.703341 1.255945 -0.042150
v 0.726281 1.283271 -0.010878
v 0.746022 1.271388 -0.058349
v 0.720689 1.249880 -0.018435
v 0.729775 1.255479 -0.079184
v 0.745955 1.272435 -0.038206
v 0.743688 1.271322 -0.016761
v 0.743479 1.268933 -0.070191
v 0.723617 1.253494 0.000013
v 0.734520 1.263765 0.002173
v 0.724499 1.251074 -0.063062
v 0.739449 1.264049 -0.080951
v 0.720956 1.248782 -0.041325
v 0.741521 1.270055 -0.007714
v 0.757234 1.244556 -0.016752
v 0.764106 1.243866 -0.034110
v 0.749103 1.237265 -0.034650
v 0.777114 1.213173 -0.034051
v 0.776547 1.212586 -0.016716
v 0.768009 1.212305 -0.033926
v 0.779996 1.212881 -0.025850
v 0.770740 1.212034 -0.021754
v 0.794210 1.180423 -0.033467
v 0.789786 1.178264 -0.016103
v 0.782126 1.172731 -0.033251
v 0.793257 1.180229 -0.025214
v 0.783943 1.174413 -0.021178
v 0.800192 1.156747 -0.032936
v 0.795737 1.155678 -0.015605
v 0.788019 1.152149 -0.032813
v 0.799234 1.156736 -0.024689
v 0.789851 1.153309 -0.020724
v 0.799400 1.151741 -0.029048
v 0.796771 1.151110 -0.018822
v 0.792191 1.149003 -0.029745
v 0.798835 1.151734 -0.024182
v 0.793272 1.149687 -0.022612
v 0.748950 1.237782 -0.021654
v 0.182191 1.518278 -0.002998
v 0.762332 1.248314 -0.025973
v 0.113475 2.024760 0.013673
v 0.096503 2.051705 0.015384
v 0.075822 1.778123 0.017469
v 0.096503 1.800236 0.015384
v 0.126087 1.994018 0.012402
v 0.052227 1.761691 0.019848
v 0.133853 1.960661 0.011619
v 0.036101 1.749740 0.025964
v 0.136475 1.925971 0.011355
v 0.026625 2.100369 0.022429
v 0.133853 1.891281 0.011619
v 0.052227 2.090251 0.019848
v 0.126087 1.857924 0.012402
v 0.075822 2.073819 0.017469
v 0.113475 1.827182 0.013673
v 0.036101 1.710129 0.010676
v 0.036101 1.692844 0.003542
v 0.036101 1.682761 -0.003592
v 0.164867 1.650464 -0.007750
v 0.168465 1.641806 -0.008396
v 0.664735 1.329117 -0.042738
v 0.232965 1.612824 -0.024397
v 0.176914 1.638965 -0.008713
v 0.451111 1.473044 -0.089488
v 0.475303 1.460666 -0.082773
v 0.430634 1.486068 -0.083257
v 0.562654 1.399749 -0.063025
v 0.100484 1.671020 -0.005671
v 0.686383 1.316404 -0.039029
v 0.695750 1.313181 -0.036046
v 0.753591 1.264494 -0.026122
v 0.761168 1.254529 -0.025295
v 0.714720 1.297410 -0.031771
v 0.729239 1.285613 -0.029551
v 0.744821 1.271879 -0.027484
v 0.025602 2.100369 0.017164
v 0.034713 1.749740 0.018825
v 0.128709 1.891281 -0.014851
v 0.131231 1.925971 -0.015634
v 0.050220 2.090251 0.009520
v 0.121241 1.857924 -0.012532
v 0.072908 2.073819 0.002475
v 0.109114 1.827182 -0.008767
v 0.092794 2.051705 -0.003699
v 0.092794 1.800236 -0.003699
v 0.109114 2.024760 -0.008767
v 0.072908 1.778123 0.002475
v 0.121241 1.994018 -0.012532
v 0.050220 1.761691 0.009520
v 0.128709 1.960661 -0.014851
v 0.034713 1.710129 0.003537
v 0.034713 1.692844 -0.003597
v 0.034713 1.682761 -0.010731
v 0.158531 1.650464 -0.023044
v 0.161549 1.641724 -0.024710
v 0.664372 1.329173 -0.054890
v 0.232447 1.612943 -0.040841
v 0.172897 1.638886 -0.024416
v 0.450671 1.473143 -0.102741
v 0.474872 1.460772 -0.097256
v 0.430187 1.486169 -0.096728
v 0.562254 1.399831 -0.076433
v 0.096622 1.671020 -0.016888
v 0.686020 1.316456 -0.051181
v 0.695290 1.313248 -0.051458
v 0.755049 1.264532 -0.047409
v 0.762626 1.254557 -0.047194
v 0.714888 1.297467 -0.050566
v 0.729890 1.285655 -0.049150
v 0.745988 1.271912 -0.048278
v 0.172737 1.438028 -0.000674
v 0.167385 1.346062 -0.000616
v 0.157865 1.234489 0.001739
v 0.153053 1.153532 -0.007399
v 0.153053 1.075446 -0.015344
v 0.162632 1.032983 -0.016698
v 0.182182 1.535216 -0.002996
v 0.642011 1.291909 -0.038716
v 0.200571 1.532464 -0.018955
v 0.184885 1.537350 -0.003515
v 0.423603 1.406713 -0.077265
v 0.448337 1.389068 -0.069402
v 0.402667 1.418631 -0.071070
v 0.537644 1.344571 -0.053965
v 0.168377 0.999693 -0.016698
v 0.175936 0.952498 -0.016387
v 0.180772 0.905183 -0.016376
v 0.198666 0.802314 -0.016470
v 0.211331 0.706919 -0.016267
v 0.214537 0.596534 -0.015066
v 0.213634 0.557639 -0.010711
v 0.215590 0.522836 -0.006900
v 0.221792 0.494781 -0.006956
v 0.229651 0.474216 -0.010621
v 0.238207 0.438540 -0.020664
v 0.241573 0.387510 -0.028154
v 0.249206 0.283600 -0.025789
v 0.254258 0.150431 -0.022711
v 0.256352 0.078022 -0.018365
v 0.663660 1.280959 -0.035007
v 0.666929 1.268226 -0.030944
v 0.730351 1.238974 -0.021088
v 0.737927 1.236021 -0.020118
v 0.687729 1.258989 -0.026273
v 0.703649 1.257115 -0.024258
v 0.720734 1.249693 -0.022326
v 0.146235 1.075446 -0.040965
v 0.181353 1.518278 -0.007271
v 0.171943 1.438028 -0.004836
v 0.166615 1.346062 -0.004696
v 0.157139 1.234489 -0.002186
v 0.152349 1.153532 -0.011549
v 0.152349 1.075446 -0.019897
v 0.161884 1.032983 -0.021094
v 0.181340 1.534101 -0.007266
v 0.641683 1.291471 -0.041896
v 0.200104 1.531516 -0.023259
v 0.167629 0.999693 -0.021094
v 0.175209 0.952498 -0.020566
v 0.180024 0.905183 -0.020540
v 0.197907 0.802314 -0.020697
v 0.210596 0.706919 -0.020357
v 0.213948 0.596534 -0.018344
v 0.213136 0.557639 -0.013484
v 0.215155 0.522836 -0.009522
v 0.221351 0.494781 -0.009616
v 0.229166 0.474216 -0.013323
v 0.237682 0.438540 -0.023702
v 0.241068 0.387510 -0.031306
v 0.248741 0.283600 -0.028410
v 0.253892 0.150431 -0.024747
v 0.256060 0.078022 -0.020007
v 0.663331 1.280541 -0.038188
v 0.666513 1.267695 -0.034978
v 0.730500 1.238673 -0.026681
v 0.738077 1.235802 -0.025870
v 0.150833 1.234489 -0.019829
v 0.184396 1.536276 -0.007625
v 0.423206 1.405930 -0.080734
v 0.447948 1.388224 -0.073195
v 0.402264 1.417835 -0.074598
v 0.537283 1.343920 -0.057476
v 0.687498 1.258535 -0.031200
v 0.703561 1.256779 -0.029400
v 0.720798 1.249431 -0.027786
v 0.165042 1.438028 -0.023544
v 0.740326 1.236217 -0.051568
v 0.744848 1.239010 -0.072751
v 0.146235 1.153532 -0.030216
v 0.761691 1.178153 -0.082236
v 0.773943 1.217258 -0.055905
v 0.776259 1.216353 -0.038881
v 0.764739 1.216062 -0.054364
v 0.778132 1.216803 -0.048412
v 0.769488 1.215617 -0.041884
v 0.788189 1.186734 -0.057510
v 0.786305 1.184821 -0.041316
v 0.774870 1.183521 -0.055541
v 0.788589 1.186214 -0.049980
v 0.778984 1.183544 -0.044999
v 0.788108 1.160111 -0.058386
v 0.786458 1.159055 -0.042193
v 0.775453 1.159513 -0.056418
v 0.788548 1.159719 -0.050856
v 0.779455 1.159051 -0.044922
v 0.786759 1.155424 -0.054892
v 0.785786 1.154800 -0.045337
v 0.779135 1.155118 -0.054416
v 0.787019 1.155192 -0.050449
v 0.781497 1.154846 -0.048195
v 0.760573 1.196945 -0.080518
v 0.748447 1.233646 -0.053764
v 0.758344 1.242731 -0.036101
v 0.761569 1.246131 -0.054759
v 0.761858 1.246078 -0.045985
v 0.757393 1.244556 -0.060960
v 0.760463 1.243866 -0.079375
v 0.747720 1.233120 -0.076283
v 0.765379 1.223316 -0.080677
v 0.766576 1.222117 -0.063230
v 0.755315 1.218841 -0.078488
v 0.768518 1.224019 -0.072951
v 0.759105 1.219484 -0.066839
v 0.766834 1.197547 -0.081780
v 0.766449 1.195510 -0.064139
v 0.754312 1.196343 -0.079257
v 0.768717 1.196794 -0.073804
v 0.758599 1.195512 -0.067767
v 0.768049 1.177816 -0.083576
v 0.766961 1.177132 -0.065695
v 0.755333 1.178489 -0.080896
v 0.768772 1.177479 -0.075311
v 0.759760 1.177771 -0.069463
v 0.766037 1.173232 -0.079608
v 0.765395 1.172829 -0.069057
v 0.758352 1.173683 -0.078774
v 0.766463 1.173033 -0.074732
v 0.760964 1.173260 -0.072027
v 0.748264 1.237782 -0.064012
v 0.760439 1.248314 -0.071047
v 0.159928 1.346062 -0.023037
v 0.741265 1.236695 -0.057285
v 0.174075 1.518278 -0.026482
v 0.155387 1.032983 -0.041495
v 0.174034 1.535950 -0.026448
v 0.641793 1.292304 -0.056184
v 0.200260 1.533315 -0.042592
v 0.180152 1.538057 -0.026088
v 0.423338 1.407415 -0.096315
v 0.448078 1.389827 -0.090221
v 0.402398 1.419345 -0.090434
v 0.537404 1.345155 -0.073239
v 0.161133 0.999693 -0.041427
v 0.168764 0.952498 -0.039759
v 0.173527 0.905183 -0.039257
v 0.191311 0.802314 -0.039698
v 0.204215 0.706919 -0.038743
v 0.208834 0.596534 -0.033078
v 0.208808 0.557639 -0.025951
v 0.211376 0.522836 -0.021306
v 0.217517 0.494781 -0.021572
v 0.224949 0.474216 -0.025471
v 0.233122 0.438540 -0.037360
v 0.236680 0.387510 -0.045473
v 0.244694 0.283600 -0.040191
v 0.250709 0.150431 -0.033901
v 0.253524 0.078022 -0.027391
v 0.663441 1.281334 -0.052475
v 0.666652 1.268702 -0.053099
v 0.732749 1.239244 -0.051662
v 0.762194 1.173458 -0.079191
v 0.688329 1.259396 -0.053281
v 0.704921 1.257417 -0.052415
v 0.722727 1.249928 -0.052193
v 0.153066 1.032983 -0.046245
v 0.148579 1.234489 -0.023784
v 0.157539 1.346062 -0.027149
v 0.144050 1.075446 -0.045853
v 0.144050 1.153532 -0.034404
v 0.162577 1.438028 -0.027738
v 0.171474 1.518278 -0.030788
v 0.171425 1.538258 -0.030744
v 0.642254 1.293264 -0.059384
v 0.200918 1.535390 -0.046923
v 0.178637 1.540278 -0.030224
v 0.423897 1.409128 -0.099806
v 0.448626 1.391675 -0.094031
v 0.402967 1.421087 -0.093979
v 0.537912 1.346580 -0.076768
v 0.158811 0.999693 -0.046143
v 0.166442 0.952498 -0.044175
v 0.171206 0.905183 -0.043453
v 0.188955 0.802314 -0.043958
v 0.201934 0.706919 -0.042864
v 0.207006 0.596534 -0.036381
v 0.207262 0.557639 -0.028746
v 0.210026 0.522836 -0.023948
v 0.216147 0.494781 -0.024253
v 0.223442 0.474216 -0.028195
v 0.231493 0.438540 -0.040422
v 0.235112 0.387510 -0.048649
v 0.243249 0.283600 -0.042832
v 0.249572 0.150431 -0.035953
v 0.252617 0.078022 -0.029047
v 0.663903 1.282249 -0.055675
v 0.667238 1.269863 -0.057158
v 0.733688 1.239903 -0.057219
v 0.754092 1.238493 -0.077829
v 0.689031 1.260388 -0.058213
v 0.705712 1.258153 -0.057547
v 0.723613 1.250501 -0.057627
v 0.160428 1.518278 -0.043033
v 0.152104 1.438028 -0.039663
v 0.147391 1.346062 -0.038841
v 0.139008 1.234489 -0.035031
v 0.134771 1.153532 -0.046616
v 0.134771 1.075446 -0.061010
v 0.143206 1.032983 -0.061267
v 0.163637 1.551039 -0.040362
v 0.644771 1.297920 -0.066570
v 0.204505 1.545444 -0.056648
v 0.174113 1.552580 -0.039481
v 0.426943 1.417427 -0.107643
v 0.451612 1.400633 -0.102577
v 0.406063 1.429524 -0.105850
v 0.540681 1.353483 -0.084686
v 0.148951 0.999693 -0.060572
v 0.158964 0.952498 -0.057060
v 0.161345 0.905183 -0.055384
v 0.178945 0.802314 -0.056069
v 0.192249 0.706919 -0.054584
v 0.199244 0.596534 -0.045773
v 0.200695 0.557639 -0.036692
v 0.204291 0.522836 -0.031460
v 0.210329 0.494781 -0.031874
v 0.217043 0.474216 -0.035938
v 0.224572 0.438540 -0.049128
v 0.228453 0.387510 -0.057680
v 0.237107 0.283600 -0.050342
v 0.244741 0.150431 -0.041788
v 0.248768 0.078022 -0.033754
v 0.666419 1.286684 -0.065625
v 0.670429 1.275487 -0.069036
v 0.737272 1.243096 -0.072376
v 0.760347 1.221078 -0.079583
v 0.692351 1.265195 -0.072005
v 0.709130 1.261718 -0.071758
v 0.727137 1.253277 -0.072527
v 0.673941 1.265695 0.006601
v 0.692326 1.274150 0.016960
v -0.171291 0.802314 -0.063921
v 0.101551 1.561059 0.075388
v 0.069950 1.561059 0.083761
v 0.129250 1.561059 0.064119
v 0.151982 1.561059 0.050388
v 0.168874 1.561059 0.034723
v 0.179276 1.561059 0.017725
v 0.000000 1.561059 0.090659
v 0.035660 1.561059 0.088918
v 0.181001 1.577533 0.012668
v 0.214083 1.564834 -0.002991
v 0.184199 1.578081 0.011562
v 0.651490 1.306897 -0.026919
v 0.435076 1.433432 -0.068318
v 0.459585 1.417908 -0.059648
v 0.414332 1.445795 -0.061869
v 0.548076 1.366797 -0.043269
v -0.150691 0.802314 -0.077921
v -0.125590 0.802314 -0.089645
v -0.110444 0.802314 -0.094202
v -0.061445 0.705399 -0.001875
v -0.074773 0.706429 -0.055320
v -0.069654 0.706138 0.037946
v -0.091387 0.706749 0.065879
v -0.090491 0.706753 -0.086717
v -0.106934 0.706899 0.072984
v -0.101843 0.706894 -0.091184
v -0.122250 0.706919 0.071056
v -0.140624 0.706919 0.067455
v -0.164911 0.706919 0.056398
v -0.184843 0.706919 0.042214
v 0.673138 1.295236 -0.023211
v 0.675682 1.287096 0.002837
v 0.738026 1.249254 0.002924
v 0.745603 1.243476 0.004470
v 0.705559 1.269328 0.002682
v 0.769142 1.215439 0.004014
v 0.781385 1.185059 0.004014
v 0.786679 1.166605 0.004014
v 0.788877 1.163204 0.001413
v 0.749488 1.239998 0.004319
v 0.702311 1.275344 -0.000924
v 0.729069 1.258630 0.001093
v 0.683134 1.269922 0.019176
v 0.669765 1.273708 -0.000536
v 0.668877 1.262650 -0.012128
v 0.688161 1.285361 0.009387
v 0.678963 1.279535 0.011821
v 0.000000 1.627152 0.084709
v 0.034068 1.627152 0.083083
v 0.066827 1.627152 0.078265
v 0.097018 1.627152 0.070441
v 0.123480 1.627152 0.059912
v 0.145197 1.627152 0.047083
v 0.161334 1.627152 0.032446
v 0.171272 1.627152 0.016564
v -0.199654 0.706919 0.020280
v 0.174796 1.617364 0.011157
v 0.659978 1.320785 -0.028066
v 0.226183 1.594827 -0.004544
v 0.180595 1.616420 0.010107
v 0.445351 1.458189 -0.073487
v 0.469657 1.444631 -0.065323
v 0.424779 1.470966 -0.067018
v 0.557418 1.387392 -0.046856
v -0.208775 0.706919 0.003793
v -0.211854 0.706919 -0.013353
v -0.208775 0.706919 -0.030499
v -0.199654 0.706919 -0.046986
v -0.184843 0.706919 -0.062181
v -0.164911 0.706919 -0.075727
v -0.140624 0.706919 -0.087071
v -0.125968 0.706919 -0.091481
v -0.094418 0.595316 -0.003532
v -0.105098 0.596141 -0.046363
v -0.100996 0.595908 0.028381
v -0.118413 0.596398 0.050766
v -0.117695 0.596401 -0.071525
v -0.130873 0.596518 0.056460
v 0.681626 1.308466 -0.024358
v 0.688760 1.303030 -0.009730
v 0.746654 1.258779 -0.000878
v 0.754231 1.250384 0.000673
v 0.704397 1.282558 -0.009243
v 0.773943 1.216081 -0.000259
v 0.786187 1.187503 -0.000259
v 0.791481 1.168043 -0.000259
v 0.791711 1.164052 -0.001749
v 0.756392 1.244404 0.000046
v 0.722682 1.279231 -0.006160
v 0.738021 1.266910 -0.002770
v 0.681643 1.242465 -0.002959
v 0.679735 1.243893 0.009452
v 0.724424 1.205613 0.013468
v 0.702509 1.249062 -0.001810
v 0.688928 1.248121 0.022027
v 0.698120 1.252348 0.019811
v 0.693407 1.222114 -0.000395
v 0.691334 1.223271 0.012015
v 0.703271 1.230087 -0.002139
v 0.713136 1.231397 0.000753
v 0.699849 1.228665 0.024590
v 0.708365 1.234060 0.022374
v 0.707890 1.199502 0.003425
v 0.705748 1.200547 0.015836
v 0.717519 1.204701 0.004000
v 0.727147 1.209899 0.004574
v 0.713984 1.206425 0.028411
v 0.722219 1.212303 0.026195
v 0.714473 1.199359 0.009063
v 0.713271 1.199946 0.016029
v 0.719877 1.202277 0.009386
v 0.725281 1.205195 0.009708
v 0.717893 1.203245 0.023087
v 0.722515 1.206544 0.021843
v 0.700750 1.299760 -0.069330
v 0.690800 1.282522 -0.000616
v 0.678778 1.266202 -0.062181
v 0.695232 1.290583 -0.077975
v 0.676204 1.261896 -0.044199
v 0.702802 1.301869 -0.017549
v 0.704394 1.304374 -0.059272
v 0.676166 1.265965 -0.019930
v 0.684002 1.274480 -0.076097
v 0.705784 1.306341 -0.042751
v 0.704686 1.304250 -0.025065
v 0.705235 1.305296 -0.033908
v 0.705089 1.305358 -0.051012
v 0.677329 1.263607 -0.028609
v 0.677006 1.263115 -0.033089
v 0.677491 1.264049 -0.053190
v 0.678134 1.265125 -0.057685
v 0.681390 1.270341 -0.070521
v 0.672363 1.258021 -0.008969
v 0.681048 1.274729 0.015498
v 0.671853 1.269702 0.003032
v 0.690244 1.279756 0.013173
v 0.696579 1.292794 -0.009487
v 0.694470 1.272545 0.006401
v 0.723807 1.205914 0.016174
v 0.710872 1.232641 0.010973
v 0.724456 1.211212 0.016381
v 0.700689 1.250425 0.007159
v 0.711631 1.232223 0.007544
v 0.725396 1.210754 0.012258
v 0.701520 1.249802 0.003064
v -0.126793 0.596514 -0.075105
v -0.143147 0.596534 0.054915
v -0.157872 0.596534 0.052029
v -0.177336 0.596534 0.043168
v -0.193309 0.596534 0.031801
v -0.205179 0.596534 0.014223
v -0.212488 0.596534 0.001010
v -0.214956 0.596534 -0.012731
v -0.212488 0.596534 -0.026472
v -0.205179 0.596534 -0.039684
v -0.193309 0.596534 -0.051862
v -0.177336 0.596534 -0.062717
v -0.157872 0.596534 -0.071808
v -0.146126 0.596534 -0.075343
v -0.111998 0.556609 -0.000951
v -0.121035 0.557307 -0.037192
v -0.117564 0.557109 0.026051
v -0.132301 0.557524 0.044992
v -0.131694 0.557527 -0.058482
v -0.142844 0.557626 0.049810
v -0.139391 0.557622 -0.061511
v -0.153229 0.557639 0.048503
v -0.165688 0.557639 0.046060
v -0.182157 0.557639 0.038563
v -0.195673 0.557639 0.028945
v -0.205716 0.557639 0.014072
v -0.211901 0.557639 0.002892
v -0.213989 0.557639 -0.008734
v -0.211901 0.557639 -0.020361
v -0.205716 0.557639 -0.031541
v -0.195673 0.557639 -0.041844
v -0.182157 0.557639 -0.051029
v -0.165688 0.557639 -0.058722
v -0.155750 0.557639 -0.061712
v -0.126841 0.521936 0.002326
v -0.134732 0.522546 -0.031933
v -0.131701 0.522374 0.027851
v -0.144570 0.522735 0.045756
v -0.144039 0.522738 -0.052058
v -0.153775 0.522825 0.050310
v -0.150761 0.522822 -0.054921
v -0.162844 0.522836 0.049074
v -0.173723 0.522836 0.046766
v -0.188104 0.522836 0.039679
v -0.199906 0.522836 0.030587
v -0.208676 0.522836 0.016527
v -0.214076 0.522836 0.005959
v -0.215900 0.522836 -0.005032
v -0.214076 0.522836 -0.016022
v -0.208676 0.522836 -0.026591
v -0.199906 0.522836 -0.036330
v -0.188104 0.522836 -0.045013
v -0.173723 0.522836 -0.052284
v -0.165045 0.522836 -0.055111
v -0.131752 0.493868 0.002404
v -0.139758 0.494487 -0.032353
v -0.136683 0.494312 0.028300
v -0.149739 0.494679 0.046465
v -0.149200 0.494682 -0.052771
v -0.159078 0.494770 0.051086
v -0.156020 0.494767 -0.055676
v -0.168279 0.494781 0.049832
v -0.179316 0.494781 0.047490
v -0.193906 0.494781 0.040300
v -0.205880 0.494781 0.031076
v -0.214777 0.494781 0.016812
v -0.220256 0.494781 0.006090
v -0.222106 0.494781 -0.005061
v -0.220256 0.494781 -0.016211
v -0.214777 0.494781 -0.026933
v -0.205880 0.494781 -0.036815
v -0.193906 0.494781 -0.045624
v -0.179316 0.494781 -0.053001
v -0.170512 0.494781 -0.055869
v -0.130615 0.473212 -0.001111
v -0.139422 0.473893 -0.036425
v -0.136039 0.473701 0.025200
v -0.150399 0.474104 0.043656
v -0.149807 0.474107 -0.057170
v -0.160672 0.474204 0.048351
v -0.157308 0.474200 -0.060122
v 0.274358 0.027654 0.154188
v -0.170792 0.474216 0.047077
v -0.182932 0.474216 0.044698
v -0.198980 0.474216 0.037392
v 0.201130 0.046036 0.001659
v -0.212150 0.474216 0.028020
v -0.221936 0.474216 0.013528
v -0.227962 0.474216 0.002634
v -0.229997 0.474216 -0.008695
v -0.227962 0.474216 -0.020025
v -0.221936 0.474216 -0.030918
v -0.212150 0.474216 -0.040958
v -0.198980 0.474216 -0.049908
v -0.182932 0.474216 -0.057404
v -0.173248 0.474216 -0.060318
v -0.131112 0.437455 -0.009972
v -0.140635 0.438191 -0.049675
v -0.136977 0.437983 0.019609
v -0.152506 0.438419 0.040360
v -0.151865 0.438422 -0.072999
v -0.163614 0.438527 0.045638
v -0.159977 0.438523 -0.076317
v -0.174558 0.438540 0.044206
v -0.187686 0.438540 0.041531
v -0.205039 0.438540 0.033317
v -0.219281 0.438540 0.022780
v -0.229864 0.438540 0.006486
v -0.236380 0.438540 -0.005762
v -0.238581 0.438540 -0.018499
v -0.236380 0.438540 -0.031236
v -0.229864 0.438540 -0.043484
v -0.219281 0.438540 -0.054772
v -0.205039 0.438540 -0.064835
v -0.187686 0.438540 -0.073262
v -0.177214 0.438540 -0.076538
v -0.138518 0.386465 -0.017063
v -0.147682 0.387173 -0.058247
v -0.144162 0.386973 0.013622
v -0.159105 0.387393 0.035146
v -0.158489 0.387396 -0.082441
v -0.169794 0.387497 0.040621
v -0.166294 0.387493 -0.085883
v -0.180325 0.387510 0.039136
v -0.192958 0.387510 0.036360
v -0.209657 0.387510 0.027841
v -0.223361 0.387510 0.016910
v -0.233545 0.387510 0.000009
v -0.239816 0.387510 -0.012696
v -0.241933 0.387510 -0.025908
v -0.239816 0.387510 -0.039121
v -0.233545 0.387510 -0.051825
v -0.223361 0.387510 -0.063534
v -0.209657 0.387510 -0.073972
v -0.192958 0.387510 -0.082713
v -0.182881 0.387510 -0.086112
v -0.154172 0.282654 -0.016566
v -0.162622 0.283295 -0.050814
v -0.159377 0.283113 0.008951
v -0.173157 0.283494 0.026851
v -0.172588 0.283497 -0.070933
v -0.183014 0.283588 0.031404
v -0.179786 0.283585 -0.073796
v -0.192725 0.283600 0.030168
v -0.204375 0.283600 0.027861
v -0.219774 0.283600 0.020776
v -0.232412 0.283600 0.011686
v -0.241803 0.283600 -0.002369
v -0.247586 0.283600 -0.012934
v -0.249538 0.283600 -0.023921
v -0.247586 0.283600 -0.034909
v -0.241803 0.283600 -0.045474
v -0.232412 0.283600 -0.055210
v -0.219774 0.283600 -0.063891
v -0.204375 0.283600 -0.071160
v -0.195082 0.283600 -0.073986
v -0.179506 0.149633 -0.015545
v -0.186153 0.150174 -0.042154
v -0.183600 0.150021 0.004281
v -0.194439 0.150342 0.018188
v -0.193992 0.150344 -0.057786
v -0.202192 0.150421 0.021725
v -0.199653 0.150418 -0.060010
v -0.209831 0.150431 0.020766
v -0.218994 0.150431 0.018973
v -0.231107 0.150431 0.013468
v -0.241048 0.150431 0.006406
v -0.248434 0.150431 -0.004515
v -0.252983 0.150431 -0.012723
v -0.254519 0.150431 -0.021260
v -0.252983 0.150431 -0.029797
v -0.248434 0.150431 -0.038005
v -0.241048 0.150431 -0.045570
v -0.231107 0.150431 -0.052315
v -0.218994 0.150431 -0.057962
v -0.211685 0.150431 -0.060158
v -0.196786 0.077343 -0.012584
v -0.202083 0.077803 -0.034050
v -0.200048 0.077673 0.003409
v -0.208685 0.077946 0.014628
v -0.208329 0.077949 -0.046659
v -0.214864 0.078014 0.017482
v -0.212840 0.078012 -0.048454
v -0.220950 0.078022 0.016707
v -0.228252 0.078022 0.015261
v -0.237904 0.078022 0.010820
v -0.245825 0.078022 0.005123
v -0.251711 0.078022 -0.003686
v -0.255336 0.078022 -0.010308
v -0.256560 0.078022 -0.017194
v -0.255336 0.078022 -0.024081
v -0.251711 0.078022 -0.030702
v -0.245825 0.078022 -0.036805
v -0.237904 0.078022 -0.042245
v -0.228252 0.078022 -0.046802
v -0.222428 0.078022 -0.048573
v -0.093735 1.671020 -0.022386
v -0.099509 1.671020 -0.011389
v -0.084360 1.671020 -0.032521
v -0.071742 1.671020 -0.041404
v -0.056367 1.671020 -0.048695
v -0.038827 1.671020 -0.054112
v -0.019794 1.671020 0.057542
v -0.019794 1.671020 -0.057448
v -0.038827 1.671020 0.054206
v -0.056367 1.671020 0.048789
v -0.071742 1.671020 0.041499
v -0.084360 1.671020 0.032615
v -0.093735 1.671020 0.022481
v -0.099509 1.671020 0.011484
v -0.101459 1.671020 0.000047
v -0.260549 0.046385 -0.014564
v -0.259145 0.046385 -0.008107
v -0.234754 0.027654 0.178940
v -0.239297 0.006026 0.189045
v -0.231030 0.006017 0.190328
v -0.226759 0.027646 0.180112
v -0.216538 0.046374 -0.055909
v -0.280183 0.006026 0.161557
v -0.211866 0.046311 -0.053964
v -0.686061 1.315515 -0.032741
v -0.677622 1.303894 -0.071049
v -0.678622 1.303441 -0.021332
v -0.686706 1.317292 -0.045318
v -0.685334 1.315620 -0.057044
v -0.663893 1.281257 -0.032741
v -0.662518 1.279504 -0.046074
v -0.664364 1.283165 -0.058875
v -0.684629 1.313491 -0.027383
v -0.682253 1.311697 -0.062194
v -0.667653 1.287032 -0.025089
v -0.668473 1.290203 -0.069611
v -0.695342 1.312054 -0.028070
v -0.684638 1.297315 -0.075916
v -0.684885 1.294180 0.003430
v -0.696159 1.314308 -0.044022
v -0.694420 1.312187 -0.058894
v -0.664439 1.272618 -0.017098
v -0.665481 1.266380 -0.044981
v -0.667823 1.271024 -0.061217
v -0.693525 1.309486 -0.021274
v -0.690512 1.307212 -0.068189
v -0.666479 1.280011 -0.006149
v -0.673035 1.279951 -0.074092
v -0.752328 1.263854 -0.015150
v -0.749245 1.255487 -0.080877
v -0.743209 1.255161 0.004149
v -0.754855 1.265134 -0.037093
v -0.755244 1.263930 -0.057725
v -0.730244 1.239188 -0.017103
v -0.730871 1.237926 -0.040548
v -0.734628 1.240562 -0.062776
v -0.750099 1.262396 -0.005905
v -0.752946 1.261105 -0.069813
v -0.732843 1.243346 0.001699
v -0.739916 1.245630 -0.079167
v -0.759905 1.254066 -0.014009
v -0.756822 1.247997 -0.081496
v -0.750785 1.247761 0.005844
v -0.762431 1.254994 -0.036582
v -0.762821 1.254120 -0.057806
v -0.737821 1.236176 -0.016018
v -0.738448 1.235261 -0.040135
v -0.742205 1.237173 -0.063001
v -0.757676 1.253008 -0.004499
v -0.760523 1.252072 -0.070115
v -0.740420 1.239192 0.003096
v -0.747492 1.240848 -0.079738
v -0.710988 1.292308 -0.070471
v -0.714368 1.296561 -0.059650
v -0.675849 1.253392 -0.005810
v -0.687893 1.259312 -0.022763
v -0.717529 1.265855 -0.001333
v -0.689732 1.261380 -0.063145
v -0.694969 1.269010 -0.078102
v -0.715409 1.298373 -0.041481
v -0.705826 1.283850 -0.080035
v -0.686926 1.257411 -0.043417
v -0.714031 1.296447 -0.022060
v -0.712079 1.294252 -0.013824
v -0.773340 1.216818 -0.012927
v -0.772026 1.215837 0.004203
v -0.764017 1.215522 -0.013355
v -0.775861 1.216325 -0.004721
v -0.766257 1.215040 0.003825
v -0.789345 1.188806 -0.012927
v -0.784269 1.186575 0.004203
v -0.777054 1.182476 -0.013355
v -0.788104 1.188432 -0.004721
v -0.778500 1.183543 0.003825
v -0.794639 1.168810 -0.012927
v -0.789563 1.167497 0.004203
v -0.782348 1.165085 -0.013355
v -0.793398 1.168589 -0.004721
v -0.783795 1.165713 0.003825
v -0.793574 1.164505 -0.009224
v -0.790579 1.163730 0.000884
v -0.786321 1.162307 -0.010247
v -0.792842 1.164375 -0.004382
v -0.787175 1.162677 0.001942
v -0.745341 1.237265 0.004130
v -0.747673 1.233646 -0.014840
v -0.753635 1.242731 0.004508
v -0.760711 1.246131 -0.013054
v -0.759149 1.246078 -0.004416
v -0.729636 1.284983 -0.058633
v -0.703712 1.257355 -0.020593
v -0.711758 1.264548 -0.078074
v -0.730143 1.286327 -0.039667
v -0.728336 1.284899 -0.019436
v -0.726660 1.281829 -0.069855
v -0.692076 1.257130 -0.010294
v -0.719084 1.275191 -0.001442
v -0.706502 1.258889 -0.062679
v -0.722044 1.275555 -0.079914
v -0.703341 1.255945 -0.042150
v -0.726281 1.283271 -0.010878
v -0.746022 1.271388 -0.058349
v -0.720689 1.249880 -0.018435
v -0.729775 1.255479 -0.079184
v -0.745955 1.272435 -0.038206
v -0.743688 1.271322 -0.016761
v -0.743479 1.268933 -0.070191
v -0.723617 1.253494 0.000013
v -0.734520 1.263765 0.002173
v -0.724499 1.251074 -0.063062
v -0.739449 1.264049 -0.080951
v -0.720956 1.248782 -0.041325
v -0.741521 1.270055 -0.007714
v -0.757234 1.244556 -0.016752
v -0.764106 1.243866 -0.034110
v -0.749103 1.237265 -0.034650
v -0.777114 1.213173 -0.034051
v -0.776547 1.212586 -0.016716
v -0.768009 1.212305 -0.033926
v -0.779996 1.212881 -0.025850
v -0.770740 1.212034 -0.021754
v -0.794210 1.180423 -0.033467
v -0.789786 1.178264 -0.016103
v -0.782126 1.172731 -0.033251
v -0.793257 1.180229 -0.025214
v -0.783943 1.174413 -0.021178
v -0.800192 1.156747 -0.032936
v -0.795737 1.155678 -0.015605
v -0.788019 1.152149 -0.032813
v -0.799234 1.156736 -0.024689
v -0.789851 1.153309 -0.020724
v -0.799400 1.151741 -0.029048
v -0.796771 1.151110 -0.018822
v -0.792191 1.149003 -0.029745
v -0.798835 1.151734 -0.024182
v -0.793272 1.149687 -0.022612
v -0.748950 1.237782 -0.021654
v -0.182191 1.518278 -0.002998
v -0.762332 1.248314 -0.025973
v -0.113475 2.024760 0.013673
v -0.096503 2.051705 0.015384
v -0.075822 1.778123 0.017469
v -0.096503 1.800236 0.015384
v -0.126087 1.994018 0.012402
v -0.052227 1.761691 0.019848
v -0.133853 1.960661 0.011619
v -0.036101 1.749740 0.025964
v -0.136475 1.925971 0.011355
v -0.026625 2.100369 0.022429
v -0.133853 1.891281 0.011619
v -0.052227 2.090251 0.019848
v -0.126087 1.857924 0.012402
v -0.075822 2.073819 0.017469
v -0.113475 1.827182 0.013673
v -0.036101 1.710129 0.010676
v -0.036101 1.692844 0.003542
v -0.036101 1.682761 -0.003592
v -0.164867 1.650464 -0.007750
v -0.168465 1.641806 -0.008396
v -0.664735 1.329117 -0.042738
v -0.232965 1.612824 -0.024397
v -0.176914 1.638965 -0.008713
v -0.451111 1.473044 -0.089488
v -0.475303 1.460666 -0.082773
v -0.430634 1.486068 -0.083257
v -0.562654 1.399749 -0.063025
v -0.100484 1.671020 -0.005671
v -0.686383 1.316404 -0.039029
v -0.695750 1.313181 -0.036046
v -0.753591 1.264494 -0.026122
v -0.761168 1.254529 -0.025295
v -0.714720 1.297410 -0.031771
v -0.729239 1.285613 -0.029551
v -0.744821 1.271879 -0.027484
v -0.025602 2.100369 0.017164
v -0.034713 1.749740 0.018825
v -0.128709 1.891281 -0.014851
v -0.131231 1.925971 -0.015634
v -0.050220 2.090251 0.009520
v -0.121241 1.857924 -0.012532
v -0.072908 2.073819 0.002475
v -0.109114 1.827182 -0.008767
v -0.092794 2.051705 -0.003699
v -0.092794 1.800236 -0.003699
v -0.109114 2.024760 -0.008767
v -0.072908 1.778123 0.002475
v -0.121241 1.994018 -0.012532
v -0.050220 1.761691 0.009520
v -0.128709 1.960661 -0.014851
v -0.034713 1.710129 0.003537
v -0.034713 1.692844 -0.003597
v -0.034713 1.682761 -0.010731
v -0.158531 1.650464 -0.023044
v -0.161549 1.641724 -0.024710
v -0.664372 1.329173 -0.054890
v -0.232447 1.612943 -0.040841
v -0.172897 1.638886 -0.024416
v -0.450671 1.473143 -0.102741
v -0.474872 1.460772 -0.097256
v -0.430187 1.486169 -0.096728
v -0.562254 1.399831 -0.076433
v -0.096622 1.671020 -0.016888
v -0.686020 1.316456 -0.051181
v -0.695290 1.313248 -0.051458
v -0.755049 1.264532 -0.047409
v -0.762626 1.254557 -0.047194
v -0.714888 1.297467 -0.050566
v -0.729890 1.285655 -0.049150
v -0.745988 1.271912 -0.048278
v -0.172737 1.438028 -0.000674
v -0.167385 1.346062 -0.000616
v -0.157865 1.234489 0.001739
v -0.153053 1.153532 -0.007399
v -0.153053 1.075446 -0.015344
v -0.162632 1.032983 -0.016698
v -0.182182 1.535216 -0.002996
v -0.642011 1.291909 -0.038716
v -0.200571 1.532464 -0.018955
v -0.184885 1.537350 -0.003515
v -0.423603 1.406713 -0.077265
v -0.448337 1.389068 -0.069402
v -0.402667 1.418631 -0.071070
v -0.537644 1.344571 -0.053965
v -0.168377 0.999693 -0.016698
v -0.175936 0.952498 -0.016387
v -0.180772 0.905183 -0.016376
v -0.198666 0.802314 -0.016470
v -0.211331 0.706919 -0.016267
v -0.214537 0.596534 -0.015066
v -0.213634 0.557639 -0.010711
v -0.215590 0.522836 -0.006900
v -0.221792 0.494781 -0.006956
v -0.229651 0.474216 -0.010621
v -0.238207 0.438540 -0.020664
v -0.241573 0.387510 -0.028154
v -0.249206 0.283600 -0.025789
v -0.254258 0.150431 -0.022711
v -0.256352 0.078022 -0.018365
v -0.663660 1.280959 -0.035007
v -0.666929 1.268226 -0.030944
v -0.730351 1.238974 -0.021088
v -0.737927 1.236021 -0.020118
v -0.687729 1.258989 -0.026273
v -0.703649 1.257115 -0.024258
v -0.720734 1.249693 -0.022326
v -0.146235 1.075446 -0.040965
v -0.181353 1.518278 -0.007271
v -0.171943 1.438028 -0.004836
v -0.166615 1.346062 -0.004696
v -0.157139 1.234489 -0.002186
v -0.152349 1.153532 -0.011549
v -0.152349 1.075446 -0.019897
v -0.161884 1.032983 -0.021094
v -0.181340 1.534101 -0.007266
v -0.641683 1.291471 -0.041896
v -0.200104 1.531516 -0.023259
v -0.167629 0.999693 -0.021094
v -0.175209 0.952498 -0.020566
v -0.180024 0.905183 -0.020540
v -0.197907 0.802314 -0.020697
v -0.210596 0.706919 -0.020357
v -0.213948 0.596534 -0.018344
v -0.213136 0.557639 -0.013484
v -0.215155 0.522836 -0.009522
v -0.221351 0.494781 -0.009616
v -0.229166 0.474216 -0.013323
v -0.237682 0.438540 -0.023702
v -0.241068 0.387510 -0.031306
v -0.248741 0.283600 -0.028410
v -0.253892 0.150431 -0.024747
v -0.256060 0.078022 -0.020007
v -0.663331 1.280541 -0.038188
v -0.666513 1.267695 -0.034978
v -0.730500 1.238673 -0.026681
v -0.738077 1.235802 -0.025870
v -0.150833 1.234489 -0.019829
v -0.184396 1.536276 -0.007625
v -0.423206 1.405930 -0.080734
v -0.447948 1.388224 -0.073195
v -0.402264 1.417835 -0.074598
v -0.537283 1.343920 -0.057476
v -0.687498 1.258535 -0.031200
v -0.703561 1.256779 -0.029400
v -0.720798 1.249431 -0.027786
v -0.165042 1.438028 -0.023544
v -0.740326 1.236217 -0.051568
v -0.744848 1.239010 -0.072751
v -0.146235 1.153532 -0.030216
v -0.761691 1.178153 -0.082236
v -0.773943 1.217258 -0.055905
v -0.776259 1.216353 -0.038881
v -0.764739 1.216062 -0.054364
v -0.778132 1.216803 -0.048412
v -0.769488 1.215617 -0.041884
v -0.788189 1.186734 -0.057510
v -0.786305 1.184821 -0.041316
v -0.774870 1.183521 -0.055541
v -0.788589 1.186214 -0.049980
v -0.778984 1.183544 -0.044999
v -0.788108 1.160111 -0.058386
v -0.786458 1.159055 -0.042193
v -0.775453 1.159513 -0.056418
v -0.788548 1.159719 -0.050856
v -0.779455 1.159051 -0.044922
v -0.786759 1.155424 -0.054892
v -0.785786 1.154800 -0.045337
v -0.779135 1.155118 -0.054416
v -0.787019 1.155192 -0.050449
v -0.781497 1.154846 -0.048195
v -0.760573 1.196945 -0.080518
v -0.748447 1.233646 -0.053764
v -0.758344 1.242731 -0.036101
v -0.761569 1.246131 -0.054759
v -0.761858 1.246078 -0.045985
v -0.757393 1.244556 -0.060960
v -0.760463 1.243866 -0.079375
v -0.747720 1.233120 -0.076283
v -0.765379 1.223316 -0.080677
v -0.766576 1.222117 -0.063230
v -0.755315 1.218841 -0.078488
v -0.768518 1.224019 -0.072951
v -0.759105 1.219484 -0.066839
v -0.766834 1.197547 -0.081780
v -0.766449 1.195510 -0.064139
v -0.754312 1.196343 -0.079257
v -0.768717 1.196794 -0.073804
v -0.758599 1.195512 -0.067767
v -0.768049 1.177816 -0.083576
v -0.766961 1.177132 -0.065695
v 0.205397 0.046166 -0.040297
v -0.755333 1.178489 -0.080896
v -0.768772 1.177479 -0.075311
v -0.759760 1.177771 -0.069463
v -0.766037 1.173232 -0.079608
v -0.765395 1.172829 -0.069057
v -0.758352 1.173683 -0.078774
v -0.766463 1.173033 -0.074732
v -0.760964 1.173260 -0.072027
v -0.748264 1.237782 -0.064012
v -0.760439 1.248314 -0.071047
v -0.159928 1.346062 -0.023037
v -0.741265 1.236695 -0.057285
v -0.174075 1.518278 -0.026482
v -0.155387 1.032983 -0.041495
v -0.174034 1.535950 -0.026448
v -0.641793 1.292304 -0.056184
v -0.200260 1.533315 -0.042592
v -0.180152 1.538057 -0.026088
v -0.423338 1.407415 -0.096315
v -0.448078 1.389827 -0.090221
v -0.402398 1.419345 -0.090434
v -0.537404 1.345155 -0.073239
v -0.161133 0.999693 -0.041427
v -0.168764 0.952498 -0.039759
v -0.173527 0.905183 -0.039257
v -0.191311 0.802314 -0.039698
v 0.199911 0.045705 -0.017031
v -0.204215 0.706919 -0.038743
v -0.208834 0.596534 -0.033078
v -0.208808 0.557639 -0.025951
v -0.211376 0.522836 -0.021306
v -0.217517 0.494781 -0.021572
v -0.224949 0.474216 -0.025471
v -0.233122 0.438540 -0.037360
v -0.236680 0.387510 -0.045473
v -0.244694 0.283600 -0.040191
v -0.250709 0.150431 -0.033901
v -0.253524 0.078022 -0.027391
v -0.663441 1.281334 -0.052475
v -0.666652 1.268702 -0.053099
v -0.732749 1.239244 -0.051662
v -0.762194 1.173458 -0.079191
v -0.688329 1.259396 -0.053281
v -0.704921 1.257417 -0.052415
v -0.722727 1.249928 -0.052193
v -0.153066 1.032983 -0.046245
v -0.148579 1.234489 -0.023784
v -0.157539 1.346062 -0.027149
v -0.144050 1.075446 -0.045853
v -0.144050 1.153532 -0.034404
v -0.162577 1.438028 -0.027738
v -0.171474 1.518278 -0.030788
v -0.171425 1.538258 -0.030744
v -0.642254 1.293264 -0.059384
v -0.200918 1.535390 -0.046923
v -0.178637 1.540278 -0.030224
v -0.423897 1.409128 -0.099806
v -0.448626 1.391675 -0.094031
v -0.402967 1.421087 -0.093979
v -0.537912 1.346580 -0.076768
v -0.158811 0.999693 -0.046143
v -0.166442 0.952498 -0.044175
v -0.171206 0.905183 -0.043453
v -0.188955 0.802314 -0.043958
v -0.201934 0.706919 -0.042864
v -0.207006 0.596534 -0.036381
v -0.207262 0.557639 -0.028746
v -0.210026 0.522836 -0.023948
v -0.216147 0.494781 -0.024253
v -0.223442 0.474216 -0.028195
v -0.231493 0.438540 -0.040422
v -0.235112 0.387510 -0.048649
v -0.243249 0.283600 -0.042832
v -0.249572 0.150431 -0.035953
v -0.252617 0.078022 -0.029047
v -0.663903 1.282249 -0.055675
v -0.667238 1.269863 -0.057158
v -0.733688 1.239903 -0.057219
v -0.754092 1.238493 -0.077829
v -0.689031 1.260388 -0.058213
v -0.705712 1.258153 -0.057547
v -0.723613 1.250501 -0.057627
v -0.160428 1.518278 -0.043033
v -0.152104 1.438028 -0.039663
v -0.147391 1.346062 -0.038841
v -0.139008 1.234489 -0.035031
v -0.134771 1.153532 -0.046616
v -0.134771 1.075446 -0.061010
v -0.143206 1.032983 -0.061267
v -0.163637 1.551039 -0.040362
v -0.644771 1.297920 -0.066570
v -0.204505 1.545444 -0.056648
v -0.174113 1.552580 -0.039481
v -0.426943 1.417427 -0.107643
v -0.451612 1.400633 -0.102577
v -0.406063 1.429524 -0.105850
v -0.540681 1.353483 -0.084686
v -0.148951 0.999693 -0.060572
v -0.158964 0.952498 -0.057060
v -0.161345 0.905183 -0.055384
v -0.178945 0.802314 -0.056069
v -0.192249 0.706919 -0.054584
v -0.199244 0.596534 -0.045773
v -0.200695 0.557639 -0.036692
v -0.204291 0.522836 -0.031460
v -0.210329 0.494781 -0.031874
v -0.217043 0.474216 -0.035938
v -0.224572 0.438540 -0.049128
v -0.228453 0.387510 -0.057680
v 0.259412 0.006026 -0.044159
v 0.250487 0.006026 -0.051097
v 0.239611 0.006026 -0.056908
v 0.233049 0.006026 -0.059167
v 0.271273 0.006026 -0.020640
v 0.270944 0.006026 -0.022735
v 0.268086 0.006026 -0.032153
v 0.267065 0.006026 -0.034264
v 0.262728 0.006026 -0.040267
v 0.266833 -0.000017 -0.034273
v 0.270917 -0.000017 -0.026360
v 0.272296 -0.000017 -0.018131
v 0.270917 -0.000017 -0.009902
v 0.270319 -0.000017 -0.003103
v 0.260200 -0.000017 0.008539
v 0.251275 -0.000017 0.015346
v 0.240400 -0.000017 0.020653
v 0.232172 -0.000017 0.022381
v 0.223034 -0.000028 -0.055486
v 0.225314 -0.000026 0.023307
v 0.217951 -0.000091 -0.053342
v 0.218352 -0.000093 0.019896
v 0.207206 -0.000366 0.007634
v 0.210913 -0.000236 -0.038273
v 0.204945 -0.000697 -0.012622
v 0.260200 -0.000017 -0.041566
v 0.251275 -0.000017 -0.048067
v 0.240400 -0.000017 -0.053512
v 0.233837 -0.000017 -0.055628
v 0.272061 -0.000017 -0.019530
v 0.271732 -0.000017 -0.021493
v 0.268875 -0.000017 -0.030317
v 0.267854 -0.000017 -0.032295
v 0.263517 -0.000017 -0.037919
v 0.273269 0.027654 0.128554
v 0.277148 0.006026 0.090107
v 0.227358 0.027646 0.154417
v -0.737272 1.243096 -0.072376
v -0.670429 1.275487 -0.069036
v 0.234550 0.027654 0.153275
v 0.205435 0.027305 0.139094
v 0.207008 0.005677 0.101665
v -0.666419 1.286684 -0.065625
v 0.219881 0.027578 0.151418
v 0.243152 0.027654 0.151312
v -0.248768 0.078022 -0.033754
v -0.244741 0.150431 -0.041788
v 0.254400 0.027654 0.145829
v -0.237107 0.283600 -0.050342
v 0.218634 0.046376 0.097186
v 0.214866 0.046309 0.095029
v 0.242496 0.046385 0.089966
v 0.224937 0.046385 0.096347
v 0.232500 0.046385 0.094779
v 0.204596 0.046036 0.083227
v 0.256369 0.046385 0.083239
v 0.263532 0.027654 0.138983
v 0.262611 0.046385 0.073461
v 0.245825 0.066775 0.032382
v 0.220950 0.066775 0.043966
v 0.214864 0.066767 0.044741
v 0.208685 0.066699 0.041887
v 0.251711 0.066775 0.023573
v 0.237904 0.066775 0.038079
v 0.228252 0.066775 0.042520
v 0.200048 0.066426 0.030668
v 0.211167 -0.000366 0.100877
v 0.218352 -0.000093 0.113210
v 0.232172 -0.000017 0.115695
v 0.240400 -0.000017 0.113967
v 0.251275 -0.000017 0.108660
v 0.260200 -0.000017 0.101852
v 0.274280 -0.000017 0.090140
v 0.225314 -0.000026 0.116620
v 0.240558 -0.000017 0.187290
v 0.249456 -0.000017 0.185243
v 0.261089 -0.000017 0.179517
v 0.270532 -0.000017 0.172367
v 0.277316 -0.000017 0.161590
v 0.233119 -0.000026 0.188482
v -0.760347 1.221078 -0.079583
v -0.692351 1.265195 -0.072005
v -0.709130 1.261718 -0.071758
v -0.727137 1.253277 -0.072527
v -0.673941 1.265695 0.006601
v -0.692326 1.274150 0.016960
v -0.101551 1.561059 0.075388
v -0.069950 1.561059 0.083761
v -0.129250 1.561059 0.064119
v -0.151982 1.561059 0.050388
v -0.168874 1.561059 0.034723
v -0.179276 1.561059 0.017725
v -0.035660 1.561059 0.088918
v -0.181001 1.577533 0.012668
v -0.214083 1.564834 -0.002991
v -0.184199 1.578081 0.011562
v -0.651490 1.306897 -0.026919
v -0.435076 1.433432 -0.068318
v -0.459585 1.417908 -0.059648
v -0.414332 1.445795 -0.061869
v -0.548076 1.366797 -0.043269
v -0.673138 1.295236 -0.023211
v -0.675682 1.287096 0.002837
v -0.738026 1.249254 0.002924
v -0.745603 1.243476 0.004470
v -0.705559 1.269328 0.002682
v -0.769142 1.215439 0.004014
v -0.781385 1.185059 0.004014
v -0.786679 1.166605 0.004014
v -0.788877 1.163204 0.001413
v -0.749488 1.239998 0.004319
v -0.702311 1.275344 -0.000924
v -0.729069 1.258630 0.001093
v -0.683134 1.269922 0.019176
v -0.669765 1.273708 -0.000536
v -0.668877 1.262650 -0.012128
v -0.688161 1.285361 0.009387
v -0.678963 1.279535 0.011821
v -0.034068 1.627152 0.083083
v -0.066827 1.627152 0.078265
v -0.097018 1.627152 0.070441
v -0.123480 1.627152 0.059912
v -0.145197 1.627152 0.047083
v -0.161334 1.627152 0.032446
v -0.171272 1.627152 0.016564
v -0.174796 1.617364 0.011157
v -0.659978 1.320785 -0.028066
v -0.226183 1.594827 -0.004544
v -0.180595 1.616420 0.010107
v -0.445351 1.458189 -0.073487
v -0.469657 1.444631 -0.065323
v -0.424779 1.470966 -0.067018
v -0.557418 1.387392 -0.046856
v -0.681626 1.308466 -0.024358
v -0.688760 1.303030 -0.009730
v -0.746654 1.258779 -0.000878
v -0.754231 1.250384 0.000673
v -0.704397 1.282558 -0.009243
v -0.773943 1.216081 -0.000259
v -0.786187 1.187503 -0.000259
v -0.791481 1.168043 -0.000259
v -0.791711 1.164052 -0.001749
v -0.756392 1.244404 0.000046
v -0.722682 1.279231 -0.006160
v -0.738021 1.266910 -0.002770
v -0.681643 1.242465 -0.002959
v -0.679735 1.243893 0.009452
v -0.724424 1.205613 0.013468
v -0.702509 1.249062 -0.001810
v -0.688928 1.248121 0.022027
v -0.698120 1.252348 0.019811
v -0.693407 1.222114 -0.000395
v -0.691334 1.223271 0.012015
v -0.703271 1.230087 -0.002139
v -0.713136 1.231397 0.000753
v -0.699849 1.228665 0.024590
v -0.708365 1.234060 0.022374
v -0.707890 1.199502 0.003425
v -0.705748 1.200547 0.015836
v -0.717519 1.204701 0.004000
v -0.727147 1.209899 0.004574
v -0.713984 1.206425 0.028411
v -0.722219 1.212303 0.026195
v -0.714473 1.199359 0.009063
v -0.713271 1.199946 0.016029
v -0.719877 1.202277 0.009386
v -0.725281 1.205195 0.009708
v -0.717893 1.203245 0.023087
v -0.722515 1.206544 0.021843
v -0.700750 1.299760 -0.069330
v -0.690800 1.282522 -0.000616
v -0.678778 1.266202 -0.062181
v -0.695232 1.290583 -0.077975
v -0.676204 1.261896 -0.044199
v -0.702802 1.301869 -0.017549
v -0.704394 1.304374 -0.059272
v -0.676166 1.265965 -0.019930
v -0.684002 1.274480 -0.076097
v -0.705784 1.306341 -0.042751
v -0.704686 1.304250 -0.025065
v -0.705235 1.305296 -0.033908
v -0.705089 1.305358 -0.051012
v -0.677329 1.263607 -0.028609
v -0.677006 1.263115 -0.033089
v -0.677491 1.264049 -0.053190
v -0.678134 1.265125 -0.057685
v -0.681390 1.270341 -0.070521
v -0.672363 1.258021 -0.008969
v -0.681048 1.274729 0.015498
v -0.671853 1.269702 0.003032
v -0.690244 1.279756 0.013173
v -0.696579 1.292794 -0.009487
v -0.694470 1.272545 0.006401
v -0.723807 1.205914 0.016174
v -0.710872 1.232641 0.010973
v -0.724456 1.211212 0.016381
v -0.700689 1.250425 0.007159
v -0.711631 1.232223 0.007544
v -0.725396 1.210754 0.012258
v -0.701520 1.249802 0.003064
v -0.274358 0.027654 0.154188
v -0.201130 0.046036 0.001659
v -0.205397 0.046166 -0.040297
v -0.199911 0.045705 -0.017031
v -0.259412 0.006026 -0.044159
v -0.250487 0.006026 -0.051097
v -0.239611 0.006026 -0.056908
v -0.233049 0.006026 -0.059167
v -0.271273 0.006026 -0.020640
v -0.270944 0.006026 -0.022735
v -0.268086 0.006026 -0.032153
v -0.267065 0.006026 -0.034264
v -0.262728 0.006026 -0.040267
v -0.266833 -0.000017 -0.034273
v -0.270917 -0.000017 -0.026360
v -0.272296 -0.000017 -0.018131
v -0.270917 -0.000017 -0.009902
v -0.270319 -0.000017 -0.003103
v -0.260200 -0.000017 0.008539
v -0.251275 -0.000017 0.015346
v -0.240400 -0.000017 0.020653
v -0.232172 -0.000017 0.022381
v -0.223034 -0.000028 -0.055486
v -0.225314 -0.000026 0.023307
v -0.217951 -0.000091 -0.053342
v -0.218352 -0.000093 0.019896
v -0.207206 -0.000366 0.007634
v -0.210913 -0.000236 -0.038273
v -0.204945 -0.000697 -0.012622
v -0.260200 -0.000017 -0.041566
v -0.251275 -0.000017 -0.048067
v -0.240400 -0.000017 -0.053512
v -0.233837 -0.000017 -0.055628
v -0.272061 -0.000017 -0.019530
v -0.271732 -0.000017 -0.021493
v -0.268875 -0.000017 -0.030317
v -0.267854 -0.000017 -0.032295
v -0.263517 -0.000017 -0.037919
v -0.273269 0.027654 0.128554
v -0.277148 0.006026 0.090107
v -0.227358 0.027646 0.154417
v -0.234550 0.027654 0.153275
v -0.205435 0.027305 0.139094
v -0.207008 0.005677 0.101665
v -0.219881 0.027578 0.151418
v -0.243152 0.027654 0.151312
v -0.254400 0.027654 0.145829
v -0.218634 0.046376 0.097186
v -0.214866 0.046309 0.095029
v -0.242496 0.046385 0.089966
v -0.224937 0.046385 0.096347
v -0.232500 0.046385 0.094779
v -0.204596 0.046036 0.083227
v -0.256369 0.046385 0.083239
v -0.263532 0.027654 0.138983
v -0.262611 0.046385 0.073461
v -0.245825 0.066775 0.032382
v -0.220950 0.066775 0.043966
v -0.214864 0.066767 0.044741
v -0.208685 0.066699 0.041887
v -0.251711 0.066775 0.023573
v -0.237904 0.066775 0.038079
v -0.228252 0.066775 0.042520
v -0.200048 0.066426 0.030668
v -0.211167 -0.000366 0.100877
v -0.218352 -0.000093 0.113210
v -0.232172 -0.000017 0.115695
v -0.240400 -0.000017 0.113967
v -0.251275 -0.000017 0.108660
v -0.260200 -0.000017 0.101852
v -0.274280 -0.000017 0.090140
v -0.225314 -0.000026 0.116620
v -0.240558 -0.000017 0.187290
v -0.249456 -0.000017 0.185243
v -0.261089 -0.000017 0.179517
v -0.270532 -0.000017 0.172367
v -0.277316 -0.000017 0.161590
v -0.233119 -0.000026 0.188482
vt 0.000000 0.000000
vt 0.000000 0.000000
vt 0.000000 0.000000
vt 0.000000 0.000000
vt 0.000000 0.000000
vt 0.000000 0.000000
vt 0.000000 0.000000
vt 0.000000 0.000000
vt 0.000000 0.000000
vt 0.000000 0.000000
vt 0.000000 0.000000
vt 0.000000 0.000000
vt 0.000000 0.000000
vt 0.000000 0.000000
vt 0.000000 0.000000
vt 0.000000 0.000000
vt 0.000000 0.000000
vt 0.000000 0.000000
vt 0.000000 0.000000
vt 0.000000 0.000000
vt 0.000000 0.000000
vt 0.000000 0.000000
vt 0.000000 0.000000
vt 0.000000 0.000000
vt 0.000000 0.000000
vt 0.000000 0.000000
vt 0.000000 0.000000
vt 0.000000 0.000000
vt 0.000000 0.000000
vt 0.000000 0.000000
vt 0.000000 0.000000
vt 0.000000 0.000000
vt 0.000000 0.000000
vt 0.000000 0.000000
vt 0.000000 0.000000
vt 0.000000 0.000000
vt 0.000000 0.000000
vt 0.000000 0.000000
vt 0.000000 0.000000
vt 0.000000 0.000000
vt 0.000000 0.000000
vt 0.000000 0.000000
vt 0.000000 0.000000
vt 0.000000 0.000000
vt 0.000000 0.000000
vt 0.000000 0.000000
vt 0.000000 0.000000
vt 0.000000 0.000000
vt 0.750000 0.250000
vt 0.750000 0.312500
vt 0.718750 0.312500
vt 0.718750 0.250000
vt 0.750000 0.687500
vt 0.750000 0.750000
vt 0.718750 0.750000
vt 0.718750 0.687500
vt 0.750000 0.187500
vt 0.718750 0.187500
vt 0.750000 0.625000
vt 0.718750 0.625000
vt 0.750000 0.125000
vt 0.718750 0.125000
vt 0.750000 0.562500
vt 0.718750 0.562500
vt 0.750000 0.062500
vt 0.718750 0.062500
vt 0.750000 0.500000
vt 0.718750 0.500000
vt 0.750000 0.937500
vt 0.734375 1.000000
vt 0.718750 0.937500
vt 0.312500 0.062500
vt 0.281250 0.062500
vt 0.281250 0.062500
vt 0.312500 0.062500
vt 0.750000 0.437500
vt 0.718750 0.437500
vt 0.750000 0.875000
vt 0.718750 0.875000
vt 0.750000 0.375000
vt 0.718750 0.375000
vt 0.750000 0.812500
vt 0.718750 0.812500
vt 0.687500 0.875000
vt 0.687500 0.812500
vt 0.687500 0.375000
vt 0.687500 0.312500
vt 0.687500 0.750000
vt 0.687500 0.250000
vt 0.687500 0.687500
vt 0.687500 0.187500
vt 0.687500 0.625000
vt 0.687500 0.125000
vt 0.687500 0.562500
vt 0.687500 0.062500
vt 0.687500 0.500000
vt 0.703125 1.000000
vt 0.687500 0.937500
vt 0.515625 0.125000
vt 0.500000 0.125000
vt 0.500000 0.187500
vt 0.515625 0.187500
vt 0.687500 0.437500
vt 0.656250 0.625000
vt 0.656250 0.562500
vt 0.656250 0.125000
vt 0.656250 0.062500
vt 0.656250 0.500000
vt 0.671875 1.000000
vt 0.656250 0.937500
vt 0.437500 0.875000
vt 0.406250 0.875000
vt 0.406250 0.937500
vt 0.437500 0.937500
vt 0.656250 0.437500
vt 0.656250 0.875000
vt 0.656250 0.375000
vt 0.656250 0.812500
vt 0.656250 0.312500
vt 0.656250 0.750000
vt 0.656250 0.250000
vt 0.656250 0.687500
vt 0.656250 0.187500
vt 0.625000 0.375000
vt 0.625000 0.312500
vt 0.625000 0.812500
vt 0.625000 0.750000
vt 0.625000 0.250000
vt 0.625000 0.687500
vt 0.625000 0.187500
vt 0.625000 0.625000
vt 0.625000 0.125000
vt 0.625000 0.562500
vt 0.625000 0.062500
vt 0.625000 0.500000
vt 0.640625 1.000000
vt 0.625000 0.937500
vt 0.546875 0.062500
vt 0.531250 0.062500
vt 0.531250 0.062500
vt 0.546875 0.062500
vt 0.625000 0.437500
vt 0.625000 0.875000
vt 0.593750 0.125000
vt 0.593750 0.062500
vt 0.593750 0.562500
vt 0.593750 0.500000
vt 0.609375 1.000000
vt 0.593750 0.937500
vt 0.687500 0.062500
vt 0.718750 0.062500
vt 0.593750 0.437500
vt 0.593750 0.875000
vt 0.593750 0.375000
vt 0.593750 0.812500
vt 0.593750 0.312500
vt 0.593750 0.750000
vt 0.593750 0.250000
vt 0.593750 0.687500
vt 0.593750 0.187500
vt 0.593750 0.625000
vt 0.562500 0.312500
vt 0.562500 0.250000
vt 0.562500 0.750000
vt 0.562500 0.687500
vt 0.562500 0.187500
vt 0.562500 0.625000
vt 0.562500 0.125000
vt 0.562500 0.562500
vt 0.562500 0.062500
vt 0.562500 0.500000
vt 0.578124 1.000000
vt 0.562500 0.937500
vt 0.515625 0.812500
vt 0.500000 0.812500
vt 0.500000 0.875000
vt 0.515625 0.875000
vt 0.562500 0.437500
vt 0.562500 0.875000
vt 0.562500 0.375000
vt 0.562500 0.812500
vt 0.546874 1.000000
vt 0.531250 0.937500
vt 0.546875 0.937500
vt 0.375000 0.062500
vt 0.343750 0.062500
vt 0.343750 0.062500
vt 0.375000 0.062500
vt 0.546875 0.437500
vt 0.546875 0.500000
vt 0.531250 0.500000
vt 0.531250 0.437500
vt 0.546875 0.875000
vt 0.531250 0.875000
vt 0.546875 0.375000
vt 0.531250 0.375000
vt 0.546875 0.812500
vt 0.531250 0.812500
vt 0.546875 0.312500
vt 0.531250 0.312500
vt 0.546875 0.750000
vt 0.531250 0.750000
vt 0.546875 0.250000
vt 0.531250 0.250000
vt 0.546875 0.687500
vt 0.531250 0.687500
vt 0.546875 0.187500
vt 0.531250 0.187500
vt 0.546875 0.625000
vt 0.531250 0.625000
vt 0.546875 0.125000
vt 0.531250 0.125000
vt 0.546875 0.562500
vt 0.531250 0.562500
vt 0.515625 0.687500
vt 0.515625 0.750000
vt 0.500000 0.750000
vt 0.500000 0.687500
vt 0.515625 0.187500
vt 0.515625 0.250000
vt 0.500000 0.250000
vt 0.500000 0.187500
vt 0.515625 0.625000
vt 0.500000 0.625000
vt 0.515625 0.125000
vt 0.500000 0.125000
vt 0.515625 0.562500
vt 0.500000 0.562500
vt 0.515625 0.062500
vt 0.500000 0.062500
vt 0.515625 0.500000
vt 0.500000 0.500000
vt 0.515624 1.000000
vt 0.500000 0.937500
vt 0.515625 0.937500
vt 0.468750 0.062500
vt 0.437500 0.062500
vt 0.437500 0.062500
vt 0.468750 0.062500
vt 0.515625 0.437500
vt 0.500000 0.437500
vt 0.515625 0.875000
vt 0.500000 0.875000
vt 0.515625 0.375000
vt 0.500000 0.375000
vt 0.515625 0.812500
vt 0.500000 0.812500
vt 0.515625 0.312500
vt 0.500000 0.312500
vt 0.468750 0.500000
vt 0.468750 0.437500
vt 0.468750 0.937500
vt 0.468750 0.875000
vt 0.468750 0.375000
vt 0.468750 0.812500
vt 0.468750 0.312500
vt 0.468750 0.750000
vt 0.468750 0.250000
vt 0.468750 0.687500
vt 0.468750 0.187500
vt 0.468750 0.625000
vt 0.468750 0.125000
vt 0.468750 0.562500
vt 0.484374 1.000000
vt 0.343750 0.062500
vt 0.312500 0.062500
vt 0.312500 0.125000
vt 0.343750 0.125000
vt 0.437500 0.250000
vt 0.437500 0.187500
vt 0.437500 0.687500
vt 0.437500 0.625000
vt 0.437500 0.125000
vt 0.437500 0.562500
vt 0.437500 0.500000
vt 0.453124 1.000000
vt 0.437500 0.937500
vt 0.468750 0.812500
vt 0.468750 0.875000
vt 0.437500 0.437500
vt 0.437500 0.875000
vt 0.437500 0.375000
vt 0.437500 0.812500
vt 0.437500 0.312500
vt 0.437500 0.750000
vt 0.406250 0.937500
vt 0.406250 0.875000
vt 0.406250 0.437500
vt 0.406250 0.375000
vt 0.406250 0.812500
vt 0.406250 0.312500
vt 0.406250 0.750000
vt 0.406250 0.250000
vt 0.406250 0.687500
vt 0.406250 0.187500
vt 0.406250 0.625000
vt 0.406250 0.125000
vt 0.406250 0.562500
vt 0.406250 0.062500
vt 0.406250 0.500000
vt 0.421874 1.000000
vt 0.500000 0.062500
vt 0.515625 0.062500
vt 0.375000 0.687500
vt 0.375000 0.625000
vt 0.375000 0.187500
vt 0.375000 0.125000
vt 0.375000 0.562500
vt 0.375000 0.500000
vt 0.390625 1.000000
vt 0.375000 0.937500
vt 0.593750 0.062500
vt 0.625000 0.062500
vt 0.375000 0.437500
vt 0.375000 0.875000
vt 0.375000 0.375000
vt 0.375000 0.812500
vt 0.375000 0.312500
vt 0.375000 0.750000
vt 0.375000 0.250000
vt 0.343750 0.437500
vt 0.343750 0.375000
vt 0.343750 0.875000
vt 0.343750 0.812500
vt 0.343750 0.312500
vt 0.343750 0.750000
vt 0.343750 0.250000
vt 0.343750 0.687500
vt 0.343750 0.187500
vt 0.343750 0.625000
vt 0.343750 0.125000
vt 0.343750 0.562500
vt 0.343750 0.500000
vt 0.359375 1.000000
vt 0.343750 0.937500
vt 0.500000 0.750000
vt 0.468750 0.750000
vt 0.312500 0.187500
vt 0.312500 0.125000
vt 0.312500 0.625000
vt 0.312500 0.562500
vt 0.312500 0.500000
vt 0.328125 1.000000
vt 0.312500 0.937500
vt 0.468750 0.687500
vt 0.437500 0.687500
vt 0.437500 0.750000
vt 0.312500 0.437500
vt 0.312500 0.875000
vt 0.312500 0.375000
vt 0.312500 0.812500
vt 0.312500 0.312500
vt 0.312500 0.750000
vt 0.312500 0.250000
vt 0.312500 0.687500
vt 0.281250 0.375000
vt 0.281250 0.312500
vt 0.281250 0.812500
vt 0.281250 0.750000
vt 0.281250 0.250000
vt 0.281250 0.687500
vt 0.281250 0.187500
vt 0.281250 0.625000
vt 0.281250 0.125000
vt 0.281250 0.562500
vt 0.281250 0.500000
vt 0.296875 1.000000
vt 0.281250 0.937500
vt 0.515625 0.375000
vt 0.500000 0.375000
vt 0.500000 0.437500
vt 0.515625 0.437500
vt 0.281250 0.437500
vt 0.281250 0.875000
vt 0.250000 0.125000
vt 0.250000 0.062500
vt 0.250000 0.562500
vt 0.250000 0.500000
vt 0.265625 1.000000
vt 0.250000 0.937500
vt 0.406250 0.062500
vt 0.250000 0.437500
vt 0.250000 0.875000
vt 0.250000 0.375000
vt 0.250000 0.812500
vt 0.250000 0.312500
vt 0.250000 0.750000
vt 0.250000 0.250000
vt 0.250000 0.687500
vt 0.250000 0.187500
vt 0.250000 0.625000
vt 0.718750 0.250000
vt 0.718750 0.312500
vt 0.312500 0.062500
vt 0.281250 0.062500
vt 0.281250 0.062500
vt 0.375000 0.750000
vt 0.343750 0.750000
vt 0.343750 0.812500
vt 0.375000 0.812500
vt 0.468750 0.437500
vt 0.437500 0.437500
vt 0.437500 0.500000
vt 0.468750 0.500000
vt 0.718750 0.875000
vt 0.718750 0.937500
vt 0.375000 0.937500
vt 0.718750 0.687500
vt 0.718750 0.750000
vt 0.718750 0.125000
vt 0.718750 0.187500
vt 0.718750 0.500000
vt 0.718750 0.562500
vt 0.718750 0.375000
vt 0.718750 0.437500
vt 0.406250 0.437500
vt 0.375000 0.437500
vt 0.375000 0.500000
vt 0.406250 0.500000
vt 0.312500 0.625000
vt 0.281250 0.625000
vt 0.281250 0.687500
vt 0.312500 0.687500
vt 0.437500 0.625000
vt 0.406250 0.625000
vt 0.406250 0.687500
vt 0.437500 0.812500
vt 0.718750 0.812500
vt 0.687500 0.250000
vt 0.687500 0.312500
vt 0.687500 0.125000
vt 0.687500 0.187500
vt 0.718750 0.062500
vt 0.687500 0.062500
vt 0.687500 0.875000
vt 0.687500 0.937500
vt 0.687500 0.812500
vt 0.687500 0.750000
vt 0.687500 0.687500
vt 0.718750 0.625000
vt 0.687500 0.625000
vt 0.687500 0.500000
vt 0.687500 0.562500
vt 0.687500 0.437500
vt 0.687500 0.375000
vt 0.656250 0.250000
vt 0.656250 0.312500
vt 0.656250 0.062500
vt 0.656250 0.125000
vt 0.656250 0.875000
vt 0.656250 0.937500
vt 0.656250 0.812500
vt 0.656250 0.750000
vt 0.250000 0.062500
vt 0.656250 0.625000
vt 0.656250 0.687500
vt 0.656250 0.562500
vt 0.656250 0.500000
vt 0.656250 0.437500
vt 0.656250 0.375000
vt 0.750000 0.062500
vt 0.437500 0.562500
vt 0.406250 0.562500
vt 0.656250 0.187500
vt 0.625000 0.187500
vt 0.625000 0.250000
vt 0.625000 0.562500
vt 0.625000 0.625000
vt 0.546875 0.062500
vt 0.546875 0.062500
vt 0.531250 0.062500
vt 0.531250 0.062500
vt 0.625000 0.687500
vt 0.625000 0.750000
vt 0.406250 0.062500
vt 0.375000 0.062500
vt 0.375000 0.125000
vt 0.406250 0.125000
vt 0.500000 0.062500
vt 0.468750 0.062500
vt 0.468750 0.125000
vt 0.000000 0.000000
vt 0.000000 0.000000
vt 0.000000 0.000000
vt 0.000000 0.000000
vt 0.437500 0.375000
vt 0.406250 0.375000
vt 0.312500 0.062500
vt 0.312500 0.062500
vt 0.281250 0.062500
vt 0.281250 0.062500
vt 0.625000 0.125000
vt 0.625000 0.312500
vt 0.546875 0.500000
vt 0.531250 0.500000
vt 0.531250 0.562500
vt 0.546875 0.562500
vt 0.625000 0.500000
vt 0.593750 0.750000
vt 0.593750 0.812500
vt 0.625000 0.812500
vt 0.625000 0.437500
vt 0.593750 0.500000
vt 0.593750 0.562500
vt 0.625000 0.875000
vt 0.593750 0.875000
vt 0.593750 0.937500
vt 0.625000 0.937500
vt 0.593750 0.312500
vt 0.593750 0.375000
vt 0.625000 0.375000
vt 0.593750 0.187500
vt 0.562500 0.187500
vt 0.562500 0.250000
vt 0.593750 0.250000
vt 0.593750 0.062500
vt 0.562500 0.062500
vt 0.562500 0.125000
vt 0.593750 0.125000
vt 0.406250 0.750000
vt 0.406250 0.812500
vt 0.437500 0.312500
vt 0.406250 0.312500
vt 0.593750 0.687500
vt 0.562500 0.687500
vt 0.562500 0.750000
vt 0.593750 0.625000
vt 0.562500 0.625000
vt 0.562500 0.562500
vt 0.593750 0.437500
vt 0.562500 0.437500
vt 0.562500 0.500000
vt 0.562500 0.375000
vt 0.625000 0.062500
vt 0.437500 0.125000
vt 0.406250 0.187500
vt 0.437500 0.187500
vt 0.656250 0.062500
vt 0.437500 0.250000
vt 0.406250 0.250000
vt 0.718750 0.062500
vt 0.687500 0.062500
vt 0.468750 0.250000
vt 0.468750 0.312500
vt 0.562500 0.062500
vt 0.312500 0.812500
vt 0.312500 0.875000
vt 0.343750 0.875000
vt 0.375000 0.562500
vt 0.500002 0.062500
vt 0.500002 0.062500
vt 0.500002 0.062500
vt 0.500002 0.062500
vt 0.375000 0.625000
vt 0.375000 0.687500
vt 0.562500 0.937500
vt 0.625000 0.062500
vt 0.625000 0.062500
vt 0.593750 0.062500
vt 0.593750 0.062500
vt 0.343750 0.062500
vt 0.343750 0.062500
vt 0.312500 0.062500
vt 0.312500 0.062500
vt 0.375000 0.875000
vt 0.000000 0.000000
vt 0.000000 0.000000
vt 0.000000 0.000000
vt 0.000000 0.000000
vt 0.468750 0.937500
vt 0.343750 0.437500
vt 0.343750 0.500000
vt 0.468750 0.375000
vt 0.562500 0.875000
vt 0.554687 0.062500
vt 0.554687 0.062500
vt 0.546875 0.062500
vt 0.546875 0.062500
vt 0.625000 0.062500
vt 0.593750 0.062500
vt 0.437500 0.062500
vt 0.625000 0.062500
vt 0.625000 0.062500
vt 0.593750 0.062500
vt 0.593750 0.062500
vt 0.000000 0.000000
vt 0.000000 0.000000
vt 0.000000 0.000000
vt 0.000000 0.000000
vt 0.554687 0.062500
vt 0.554687 0.062500
vt 0.546875 0.062500
vt 0.546875 0.062500
vt 0.312500 0.062500
vt 0.312500 0.062500
vt 0.287969 0.062500
vt 0.287969 0.062500
vt 0.406250 0.062500
vt 0.406250 0.062500
vt 0.375000 0.062500
vt 0.375000 0.062500
vt 0.468750 0.187500
vt 0.512766 0.062500
vt 0.512766 0.062500
vt 0.505312 0.062500
vt 0.505312 0.062500
vt 0.531334 0.062500
vt 0.531334 0.062500
vt 0.546977 0.062500
vt 0.546977 0.062500
vt 0.687500 0.062500
vt 0.687500 0.062500
vt 0.656250 0.062500
vt 0.656250 0.062500
vt 0.505311 0.062500
vt 0.505311 0.062500
vt 0.500000 0.062500
vt 0.500000 0.062500
vt 0.437500 0.062500
vt 0.437500 0.062500
vt 0.546875 0.062500
vt 0.546875 0.062500
vt 0.531250 0.062500
vt 0.531250 0.062500
vt 0.505312 0.062500
vt 0.505311 0.062500
vt 0.500000 0.062500
vt 0.500000 0.062500
vt 0.437500 0.062500
vt 0.406250 0.062500
vt 0.000000 0.000000
vt 0.000000 0.000000
vt 0.512766 0.062500
vt 0.505312 0.062500
vt 0.000000 0.000000
vt 0.000000 0.000000
vt 0.000000 0.000000
vt 0.000000 0.000000
vt 0.531250 0.062500
vt 0.531250 0.062500
vt 0.578125 0.062500
vt 0.578125 0.062500
vt 0.562500 0.062500
vt 0.562500 0.062500
vt 0.406250 0.062500
vt 0.375000 0.062500
vt 0.000000 0.000000
vt 0.000000 0.000000
vt 0.000000 0.000000
vt 0.000000 0.000000
vt 0.312500 0.312500
vt 0.281250 0.312500
vt 0.281250 0.375000
vt 0.312500 0.375000
vt 0.718750 0.062500
vt 0.718750 0.062500
vt 0.687500 0.062500
vt 0.687500 0.062500
vt 0.578125 0.062500
vt 0.578125 0.062500
vt 0.562500 0.062500
vt 0.562500 0.062500
vt 0.000000 0.000000
vt 0.000000 0.000000
vt 0.656250 0.062500
vt 0.656250 0.062500
vt 0.625000 0.062500
vt 0.593750 0.062500
vt 0.000000 0.000000
vt 0.000000 0.000000
vt 0.000000 0.000000
vt 0.000000 0.000000
vt 0.287969 0.062500
vt 0.000000 0.000000
vt 0.000000 0.000000
vt 0.000000 0.000000
vt 0.000000 0.000000
vt 0.000000 0.000000
vt 0.000000 0.000000
vt 0.546875 0.062500
vt 0.546875 0.062500
vt 0.531250 0.062500
vt 0.531250 0.062500
vt 0.718750 0.062500
vt 0.687500 0.062500
vt 0.562500 0.312500
vt 0.625000 0.062500
vt 0.625000 0.062500
vt 0.593750 0.062500
vt 0.593750 0.062500
vt 0.406250 0.062500
vt 0.406250 0.062500
vt 0.375000 0.062500
vt 0.375000 0.062500
vt 0.000000 0.000000
vt 0.000000 0.000000
vt 0.000000 0.000000
vt 0.000000 0.000000
vt 0.000000 0.000000
vt 0.000000 0.000000
vt 0.000000 0.000000
vt 0.000000 0.000000
vt 0.687500 0.062500
vt 0.687500 0.062500
vt 0.281250 0.750000
vt 0.312500 0.750000
vt 0.000000 0.000000
vt 0.000000 0.000000
vt 0.000000 0.000000
vt 0.000000 0.000000
vt 0.000000 0.000000
vt 0.375000 0.062500
vt 0.343750 0.062500
vt 0.437500 0.062500
vt 0.437500 0.062500
vt 0.406250 0.062500
vt 0.406250 0.062500
vt 0.546875 0.062500
vt 0.531250 0.062500
vt 0.468750 0.062500
vt 0.437500 0.062500
vt 0.578125 0.062500
vt 0.578125 0.062500
vt 0.562500 0.062500
vt 0.562500 0.062500
vt 0.343750 0.062500
vt 0.343750 0.062500
vt 0.312500 0.062500
vt 0.312500 0.062500
vt 0.375000 0.187500
vt 0.375000 0.250000
vt 0.500000 0.250000
vt 0.312500 0.062500
vt 0.287969 0.062500
vt 0.287969 0.062500
vt 0.546875 0.937500
vt 0.531250 0.937500
vt 0.437500 0.062500
vt 0.437500 0.062500
vt 0.406250 0.062500
vt 0.406250 0.062500
vt 0.500000 0.062500
vt 0.500000 0.062500
vt 0.468750 0.062500
vt 0.468750 0.062500
vt 0.562500 0.812500
vt 0.437500 0.062500
vt 0.437500 0.062500
vt 0.468750 0.562500
vt 0.546875 0.250000
vt 0.531250 0.250000
vt 0.531250 0.312500
vt 0.546875 0.312500
vt 0.578125 0.062500
vt 0.562500 0.062500
vt 0.546875 0.812500
vt 0.531250 0.812500
vt 0.531250 0.875000
vt 0.546875 0.875000
vt 0.343750 0.062500
vt 0.343750 0.062500
vt 0.312500 0.062500
vt 0.312500 0.062500
vt 0.000000 0.000000
vt 0.546875 0.687500
vt 0.531250 0.687500
vt 0.531250 0.750000
vt 0.546875 0.750000
vt 0.515625 0.625000
vt 0.500000 0.625000
vt 0.500000 0.687500
vt 0.515625 0.687500
vt 0.287969 0.062500
vt 0.287969 0.062500
vt 0.515625 0.062500
vt 0.515625 0.062500
vt 0.500000 0.062500
vt 0.500000 0.062500
vt 0.515625 0.250000
vt 0.468750 0.062500
vt 0.468750 0.062500
vt 0.656250 0.062500
vt 0.656250 0.062500
vt 0.625000 0.062500
vt 0.625000 0.062500
vt 0.500000 0.312500
vt 0.515625 0.312500
vt 0.000000 0.000000
vt 0.000000 0.000000
vt 0.546875 0.375000
vt 0.531250 0.375000
vt 0.531250 0.437500
vt 0.546875 0.437500
vt 0.546875 0.125000
vt 0.531250 0.125000
vt 0.531250 0.187500
vt 0.546875 0.187500
vt 0.531250 0.625000
vt 0.546875 0.625000
vt 0.375000 0.062500
vt 0.375000 0.062500
vt 0.515625 0.062500
vt 0.515625 0.062500
vt 0.500000 0.062500
vt 0.687500 0.062500
vt 0.687500 0.062500
vt 0.656250 0.062500
vt 0.656250 0.062500
vt 0.500000 0.562500
vt 0.468750 0.625000
vt 0.515625 0.562500
vt 0.515625 0.937500
vt 0.500000 0.937500
vt 0.500000 0.500000
vt 0.515625 0.500000
vt 0.515625 0.750000
vt 0.343750 0.687500
vt 0.312500 0.187500
vt 0.343750 0.187500
vt 0.343750 0.937500
vt 0.312500 0.937500
vt 0.437500 0.062500
vt 0.406250 0.062500
vt 0.343750 0.562500
vt 0.562500 0.062500
vt 0.593750 0.062500
vt 0.343750 0.625000
vt 0.718750 0.062500
vt 0.718750 0.062500
vt 0.687500 0.062500
vt 0.625000 0.062500
vt 0.656250 0.062500
vt 0.250000 0.062500
vt 0.281250 0.062500
vt 0.687500 0.062500
vt 0.312500 0.062500
vt 0.343750 0.375000
vt 0.312500 0.437500
vt 0.718750 0.062500
vt 0.343750 0.062500
vt 0.375000 0.062500
vt 0.375000 0.312500
vt 0.375000 0.375000
vt 0.406250 0.062500
vt 0.437500 0.062500
vt 0.312500 0.500000
vt 0.312500 0.562500
vt 0.468750 0.062500
vt 0.750000 0.062500
vt 0.500000 0.062500
vt 0.505311 0.062500
vt 0.505311 0.062500
vt 0.500000 0.062500
vt 0.500000 0.062500
vt 0.515625 0.062500
vt 0.281250 0.187500
vt 0.281250 0.250000
vt 0.312500 0.250000
vt 0.531250 0.062500
vt 0.546875 0.062500
vt 0.718750 0.062500
vt 0.750000 0.062500
vt 0.468750 0.062500
vt 0.500000 0.062500
vt 0.343750 0.312500
vt 0.515625 0.062500
vt 0.578125 0.062500
vt 0.578125 0.062500
vt 0.562500 0.062500
vt 0.562500 0.062500
vt 0.531250 0.062500
vt 0.546875 0.062500
vt 0.000000 0.000000
vt 0.000000 0.000000
vt 0.562500 0.062500
vt 0.593750 0.062500
vt 0.343750 0.250000
vt 0.625000 0.062500
vt 0.656250 0.062500
vt 0.250000 0.062500
vt 0.281250 0.062500
vt 0.281250 0.125000
vt 0.687500 0.062500
vt 0.312500 0.062500
vt 0.343750 0.062500
vt 0.375000 0.062500
vt 0.281250 0.812500
vt 0.406250 0.062500
vt 0.437500 0.062500
vt 0.546875 0.062500
vt 0.531250 0.062500
vt 0.531250 0.062500
vt 0.546875 0.062500
vt 0.532939 0.062500
vt 0.532939 0.062500
vt 0.516493 0.062500
vt 0.516493 0.062500
vt 0.468750 0.062500
vt 0.437500 0.062500
vt 0.593750 0.062500
vt 0.562500 0.062500
vt 0.562500 0.062500
vt 0.593750 0.062500
vt 0.484250 0.062500
vt 0.484250 0.062500
vt 0.500002 0.062500
vt 0.500002 0.062500
vt 0.531250 0.062500
vt 0.625000 0.062500
vt 0.625000 0.062500
vt 0.500048 0.062500
vt 0.500048 0.062500
vt 0.500002 0.062500
vt 0.500002 0.062500
vt 0.656250 0.062500
vt 0.656250 0.062500
vt 0.485971 0.062500
vt 0.485971 0.062500
vt 0.484532 0.062500
vt 0.484532 0.062500
vt 0.531250 0.062500
vt 0.531250 0.062500
vt 0.512766 0.062500
vt 0.512766 0.062500
vt 0.687500 0.062500
vt 0.687500 0.062500
vt 0.281250 0.062500
vt 0.250000 0.062500
vt 0.250000 0.062500
vt 0.281250 0.062500
vt 0.437500 0.062500
vt 0.437500 0.062500
vt 0.406250 0.062500
vt 0.406250 0.062500
vt 0.718750 0.062500
vt 0.718750 0.062500
vt 0.312500 0.062500
vt 0.312500 0.062500
vt 0.500048 0.062500
vt 0.500048 0.062500
vt 0.485971 0.062500
vt 0.485971 0.062500
vt 0.343750 0.062500
vt 0.343750 0.062500
vt 0.750000 0.062500
vt 0.750000 0.062500
vt 0.375000 0.062500
vt 0.375000 0.062500
vt 0.343750 0.062500
vt 0.343750 0.062500
vt 0.375000 0.062500
vt 0.375000 0.062500
vt 0.406250 0.062500
vt 0.406250 0.062500
vt 0.484532 0.062500
vt 0.484532 0.062500
vt 0.437500 0.062500
vt 0.437500 0.062500
vt 0.512766 0.062500
vt 0.512766 0.062500
vt 0.505311 0.062500
vt 0.468750 0.062500
vt 0.468750 0.062500
vt 0.468750 0.062500
vt 0.468750 0.062500
vt 0.500000 0.062500
vt 0.500000 0.062500
vt 0.485971 0.062500
vt 0.485971 0.062500
vt 0.515625 0.062500
vt 0.515625 0.062500
vt 0.281250 0.937500
vt 0.564876 0.062500
vt 0.564876 0.062500
vt 0.548908 0.062500
vt 0.548908 0.062500
vt 0.625000 0.062500
vt 0.656250 0.062500
vt 0.548908 0.062500
vt 0.548908 0.062500
vt 0.532939 0.062500
vt 0.532939 0.062500
vt 0.687500 0.062500
vt 0.281250 0.062500
vt 0.250000 0.062500
vt 0.250000 0.062500
vt 0.281250 0.062500
vt 0.718750 0.062500
vt 0.312500 0.062500
vt 0.312500 0.062500
vt 0.531250 0.062500
vt 0.531250 0.062500
vt 0.512766 0.062500
vt 0.512766 0.062500
vt 0.343750 0.062500
vt 0.343750 0.062500
vt 0.562500 0.062500
vt 0.562500 0.062500
vt 0.546875 0.062500
vt 0.546875 0.062500
vt 0.375000 0.062500
vt 0.375000 0.062500
vt 0.562500 0.062500
vt 0.562500 0.062500
vt 0.554687 0.062500
vt 0.554687 0.062500
vt 0.406250 0.062500
vt 0.406250 0.062500
vt 0.281250 0.875000
vt 0.437500 0.062500
vt 0.437500 0.062500
vt 0.468750 0.062500
vt 0.468750 0.062500
vt 0.437500 0.062500
vt 0.406250 0.062500
vt 0.512802 0.062500
vt 0.531334 0.062500
vt 0.531334 0.062500
vt 0.512802 0.062500
vt 0.581629 0.062500
vt 0.593750 0.062500
vt 0.593750 0.062500
vt 0.581714 0.062500
vt 0.500048 0.062500
vt 0.485971 0.062500
vt 0.485971 0.062500
vt 0.500048 0.062500
vt 0.375000 0.062500
vt 0.484391 0.062500
vt 0.484250 0.062500
vt 0.484250 0.062500
vt 0.484391 0.062500
vt 0.554687 0.062500
vt 0.554687 0.062500
vt 0.750000 0.062500
vt 0.580412 0.062500
vt 0.564876 0.062500
vt 0.564876 0.062500
vt 0.580412 0.062500
vt 0.554799 0.062500
vt 0.554799 0.062500
vt 0.562620 0.062500
vt 0.562620 0.062500
vt 0.500048 0.062500
vt 0.500048 0.062500
vt 0.593750 0.062500
vt 0.468750 0.062500
vt 0.500000 0.062500
vt 0.343750 0.062500
vt 0.312500 0.062500
vt 0.312500 0.062500
vt 0.343750 0.062500
vt 0.375000 0.062500
vt 0.375000 0.062500
vt 0.532939 0.062500
vt 0.532939 0.062500
vt 0.516493 0.062500
vt 0.516493 0.062500
vt 0.406250 0.062500
vt 0.406250 0.062500
vt 0.484250 0.062500
vt 0.484250 0.062500
vt 0.500002 0.062500
vt 0.500002 0.062500
vt 0.437500 0.062500
vt 0.437500 0.062500
vt 0.546875 0.062500
vt 0.531250 0.062500
vt 0.531250 0.062500
vt 0.468750 0.062500
vt 0.468750 0.062500
vt 0.500002 0.062500
vt 0.500002 0.062500
vt 0.572167 0.062500
vt 0.581714 0.062500
vt 0.581714 0.062500
vt 0.572167 0.062500
vt 0.500048 0.062500
vt 0.500048 0.062500
vt 0.500002 0.062500
vt 0.500048 0.062500
vt 0.548908 0.062500
vt 0.532939 0.062500
vt 0.532939 0.062500
vt 0.548908 0.062500
vt 0.562500 0.062500
vt 0.718750 0.062500
vt 0.750000 0.062500
vt 0.581629 0.062500
vt 0.581629 0.062500
vt 0.406250 0.062500
vt 0.375000 0.062500
vt 0.625000 0.062500
vt 0.625000 0.062500
vt 0.593750 0.062500
vt 0.593750 0.062500
vt 0.593750 0.062500
vt 0.625000 0.062500
vt 0.000000 0.000000
vt 0.000000 0.000000
vt 0.531335 0.062500
vt 0.531334 0.062500
vt 0.546977 0.062500
vt 0.546977 0.062500
vt 0.656250 0.062500
vt 0.485252 0.062500
vt 0.485252 0.062500
vt 0.484532 0.062500
vt 0.484532 0.062500
vt 0.687500 0.062500
vt 0.281250 0.062500
vt 0.250000 0.062500
vt 0.250000 0.062500
vt 0.281250 0.062500
vt 0.512802 0.062500
vt 0.512802 0.062500
vt 0.531334 0.062500
vt 0.516493 0.062500
vt 0.500048 0.062500
vt 0.500048 0.062500
vt 0.406250 0.062500
vt 0.437500 0.062500
vt 0.000000 0.000000
vt 0.468750 0.062500
vt 0.312500 0.062500
vt 0.287969 0.062500
vt 0.500000 0.062500
vt 0.500000 0.062500
vt 0.580412 0.062500
vt 0.580412 0.062500
vt 0.564876 0.062500
vt 0.564876 0.062500
vt 0.505311 0.062500
vt 0.505311 0.062500
vt 0.484391 0.062500
vt 0.484391 0.062500
vt 0.484250 0.062500
vt 0.484250 0.062500
vt 0.546875 0.062500
vt 0.531250 0.062500
vt 0.531250 0.062500
vt 0.546875 0.062500
vt 0.505328 0.062500
vt 0.505328 0.062500
vt 0.512802 0.062500
vt 0.512802 0.062500
vt 0.718750 0.062500
vt 0.750000 0.062500
vt 0.578125 0.062500
vt 0.562500 0.062500
vt 0.562500 0.062500
vt 0.578125 0.062500
vt 0.484532 0.062500
vt 0.484532 0.062500
vt 0.484250 0.062500
vt 0.484250 0.062500
vt 0.593750 0.062500
vt 0.625000 0.062500
vt 0.564876 0.062500
vt 0.564876 0.062500
vt 0.548908 0.062500
vt 0.548908 0.062500
vt 0.581714 0.062500
vt 0.581714 0.062500
vt 0.581629 0.062500
vt 0.581629 0.062500
vt 0.656250 0.062500
vt 0.512766 0.062500
vt 0.512766 0.062500
vt 0.687500 0.062500
vt 0.250000 0.062500
vt 0.281250 0.062500
vt 0.564876 0.062500
vt 0.564876 0.062500
vt 0.312500 0.062500
vt 0.343750 0.062500
vt 0.516493 0.062500
vt 0.516493 0.062500
vt 0.375000 0.062500
vt 0.625000 0.062500
vt 0.593750 0.062500
vt 0.532939 0.062500
vt 0.531250 0.062500
vt 0.546875 0.062500
vt 0.548908 0.062500
vt 0.500000 0.062500
vt 0.505311 0.062500
vt 0.500048 0.062500
vt 0.485971 0.062500
vt 0.531250 0.062500
vt 0.546875 0.062500
vt 0.718750 0.062500
vt 0.750000 0.062500
vt 0.562500 0.062500
vt 0.578125 0.062500
vt 0.281250 0.437500
vt 0.281250 0.500000
vt 0.593750 0.062500
vt 0.625000 0.062500
vt 0.656250 0.062500
vt 0.656250 0.062500
vt 0.625000 0.062500
vt 0.625000 0.062500
vt 0.656250 0.062500
vt 0.312500 0.062500
vt 0.281250 0.062500
vt 0.468750 0.062500
vt 0.437500 0.062500
vt 0.687500 0.062500
vt 0.250000 0.062500
vt 0.281250 0.062500
vt 0.554799 0.062500
vt 0.554799 0.062500
vt 0.562620 0.062500
vt 0.562620 0.062500
vt 0.312500 0.062500
vt 0.281250 0.562500
vt 0.343750 0.062500
vt 0.718750 0.062500
vt 0.375000 0.062500
vt 0.500048 0.062500
vt 0.500048 0.062500
vt 0.485971 0.062500
vt 0.485971 0.062500
vt 0.406250 0.062500
vt 0.516493 0.062500
vt 0.437500 0.062500
vt 0.485252 0.062500
vt 0.485252 0.062500
vt 0.484532 0.062500
vt 0.484532 0.062500
vt 0.468750 0.062500
vt 0.554799 0.062500
vt 0.562620 0.062500
vt 0.581714 0.062500
vt 0.581714 0.062500
vt 0.581629 0.062500
vt 0.581629 0.062500
vt 0.718750 0.062500
vt 0.718750 0.062500
vt 0.593750 0.062500
vt 0.625000 0.062500
vt 0.546875 0.062500
vt 0.546875 0.062500
vt 0.581714 0.062500
vt 0.581714 0.062500
vt 0.581629 0.062500
vt 0.581629 0.062500
vt 0.656250 0.062500
vt 0.656250 0.062500
vt 0.500002 0.062500
vt 0.500002 0.062500
vt 0.687500 0.062500
vt 0.250000 0.062500
vt 0.281250 0.062500
vt 0.656250 0.062500
vt 0.625000 0.062500
vt 0.718750 0.062500
vt 0.312500 0.062500
vt 0.000000 0.000000
vt 0.000000 0.000000
vt 0.343750 0.062500
vt 0.531334 0.062500
vt 0.546977 0.062500
vt 0.375000 0.062500
vt 0.406250 0.062500
vt 0.656250 0.062500
vt 0.437500 0.062500
vt 0.516494 0.062500
vt 0.516493 0.062500
vt 0.500048 0.062500
vt 0.500048 0.062500
vt 0.468750 0.062500
vt 0.687500 0.062500
vt 0.500000 0.062500
vt 0.532939 0.062500
vt 0.505311 0.062500
vt 0.554799 0.062500
vt 0.562620 0.062500
vt 0.531250 0.062500
vt 0.546875 0.062500
vt 0.554687 0.062500
vt 0.554687 0.062500
vt 0.750000 0.062500
vt 0.562500 0.062500
vt 0.578125 0.062500
vt 0.250000 0.062500
vt 0.281250 0.062500
vt 0.505311 0.062500
vt 0.505311 0.062500
vt 0.500000 0.062500
vt 0.500000 0.062500
vt 0.687500 0.062500
vt 0.729241 0.062500
vt 0.312500 0.062500
vt 0.500000 0.062500
vt 0.468750 0.062500
vt 0.468750 0.062500
vt 0.343750 0.062500
vt 0.581629 0.062500
vt 0.581629 0.062500
vt 0.580412 0.062500
vt 0.580412 0.062500
vt 0.375000 0.062500
vt 0.718750 0.062500
vt 0.687500 0.062500
vt 0.406250 0.062500
vt 0.000000 0.000000
vt 0.437500 0.062500
vt 0.548908 0.062500
vt 0.548908 0.062500
vt 0.532939 0.062500
vt 0.532939 0.062500
vt 0.468750 0.062500
vt 0.287969 0.062500
vt 0.500000 0.062500
vt 0.505328 0.062500
vt 0.505328 0.062500
vt 0.505311 0.062500
vt 0.500002 0.062500
vt 0.500002 0.062500
vt 0.505328 0.062500
vt 0.505328 0.062500
vt 0.531250 0.062500
vt 0.546875 0.062500
vt 0.581714 0.062500
vt 0.750000 0.062500
vt 0.562500 0.062500
vt 0.578125 0.062500
vt 0.512802 0.062500
vt 0.505311 0.062500
vt 0.505328 0.062500
vt 0.593750 0.062500
vt 0.625000 0.062500
vt 0.546875 0.062500
vt 0.531250 0.062500
vt 0.656250 0.062500
vt 0.564876 0.062500
vt 0.564876 0.062500
vt 0.000000 0.000000
vt 0.000000 0.000000
vt 0.343750 0.062500
vt 0.375000 0.062500
vt 0.562500 0.062500
vt 0.554687 0.062500
vt 0.554687 0.062500
vt 0.406250 0.062500
vt 0.500048 0.062500
vt 0.437500 0.062500
vt 0.593750 0.062500
vt 0.578125 0.062500
vt 0.578125 0.062500
vt 0.468750 0.062500
vt 0.485252 0.062500
vt 0.485252 0.062500
vt 0.484532 0.062500
vt 0.484532 0.062500
vt 0.500000 0.062500
vt 0.531334 0.062500
vt 0.531334 0.062500
vt 0.505311 0.062500
vt 0.531250 0.062500
vt 0.546875 0.062500
vt 0.723897 0.062500
vt 0.750000 0.062500
vt 0.562500 0.062500
vt 0.578125 0.062500
vt 0.512766 0.062500
vt 0.512766 0.062500
vt 0.505311 0.062500
vt 0.505311 0.062500
vt 0.580412 0.062500
vt 0.593750 0.062500
vt 0.625000 0.062500
vt 0.484391 0.062500
vt 0.484391 0.062500
vt 0.484250 0.062500
vt 0.484250 0.062500
vt 0.546977 0.062500
vt 0.546977 0.062500
vt 0.554799 0.062500
vt 0.554799 0.062500
vt 0.656250 0.062500
vt 0.656250 0.062500
vt 0.484391 0.062500
vt 0.484391 0.062500
vt 0.687500 0.062500
vt 0.250000 0.062500
vt 0.281250 0.062500
vt 0.312500 0.062500
vt 0.562500 0.062500
vt 0.437500 0.062500
vt 0.468750 0.062500
vt 0.000000 0.000000
vt 0.000000 0.000000
vt 0.500000 0.062500
vt 0.485971 0.062500
vt 0.505311 0.062500
vt 0.485971 0.062500
vt 0.485971 0.062500
vt 0.484532 0.062500
vt 0.484532 0.062500
vt 0.531250 0.062500
vt 0.546875 0.062500
vt 0.375000 0.062500
vt 0.375000 0.062500
vt 0.343750 0.062500
vt 0.343750 0.062500
vt 0.718750 0.062500
vt 0.750000 0.062500
vt 0.562500 0.062500
vt 0.578125 0.062500
vt 0.500000 0.062500
vt 0.531250 0.062500
vt 0.593750 0.062500
vt 0.625000 0.062500
vt 0.512766 0.062500
vt 0.656250 0.062500
vt 0.485971 0.062500
vt 0.485252 0.062500
vt 0.485252 0.062500
vt 0.000000 0.000000
vt 0.000000 0.000000
vt 0.687500 0.062500
vt 0.250000 0.062500
vt 0.281250 0.062500
vt 0.484250 0.062500
vt 0.484250 0.062500
vt 0.500002 0.062500
vt 0.500002 0.062500
vt 0.312500 0.062500
vt 0.484391 0.062500
vt 0.484391 0.062500
vt 0.343750 0.062500
vt 0.500002 0.062500
vt 0.375000 0.062500
vt 0.406250 0.062500
vt 0.572167 0.062500
vt 0.572167 0.062500
vt 0.564876 0.062500
vt 0.564876 0.062500
vt 0.548908 0.062500
vt 0.548908 0.062500
vt 0.718750 0.062500
vt 0.750000 0.062500
vt 0.500025 0.062500
vt 0.500025 0.062500
vt 0.484250 0.062500
vt 0.500002 0.062500
vt 0.250000 0.062500
vt 0.281250 0.062500
vt 0.000000 0.000000
vt 0.000000 0.000000
vt 0.000000 0.000000
vt 0.000000 0.000000
vt 0.580412 0.062500
vt 0.000000 0.000000
vt 0.000000 0.000000
vt 0.000000 0.000000
vt 0.000000 0.000000
vt 0.000000 0.000000
vt 0.000000 0.000000
vt 0.000000 0.000000
vt 0.000000 0.000000
vt 0.485971 0.062500
vt 0.500048 0.062500
vt 0.516493 0.062500
vt 0.532939 0.062500
vt 0.548908 0.062500
vt 0.564876 0.062500
vt 0.580412 0.062500
vt 0.485252 0.062500
vt 0.581629 0.062500
vt 0.500002 0.062500
vt 0.484250 0.062500
vt 0.505328 0.062500
vt 0.546977 0.062500
vt 0.531334 0.062500
vt 0.572167 0.062500
vt 0.562620 0.062500
vt 0.484391 0.062500
vt 0.484532 0.062500
vt 0.581714 0.062500
vt 0.512802 0.062500
vt 0.531334 0.062500
vt 0.531334 0.062500
vt 0.512802 0.062500
vt 0.500048 0.062500
vt 0.485971 0.062500
vt 0.485971 0.062500
vt 0.500048 0.062500
vt 0.484391 0.062500
vt 0.484250 0.062500
vt 0.484250 0.062500
vt 0.484391 0.062500
vt 0.580412 0.062500
vt 0.564876 0.062500
vt 0.564876 0.062500
vt 0.580412 0.062500
vt 0.500002 0.062500
vt 0.500002 0.062500
vt 0.572167 0.062500
vt 0.581714 0.062500
vt 0.581714 0.062500
vt 0.572167 0.062500
vt 0.548908 0.062500
vt 0.532939 0.062500
vt 0.532939 0.062500
vt 0.548908 0.062500
vt 0.581629 0.062500
vt 0.581629 0.062500
vt 0.485252 0.062500
vt 0.484532 0.062500
vt 0.484532 0.062500
vt 0.485252 0.062500
vt 0.516493 0.062500
vt 0.516493 0.062500
vt 0.554799 0.062500
vt 0.562620 0.062500
vt 0.562620 0.062500
vt 0.554799 0.062500
vt 0.554799 0.062500
vt 0.512802 0.062500
vt 0.485252 0.062500
vt 0.484532 0.062500
vt 0.484532 0.062500
vt 0.485252 0.062500
vt 0.516493 0.062500
vt 0.516493 0.062500
vt 0.554799 0.062500
vt 0.562620 0.062500
vt 0.562620 0.062500
vt 0.554799 0.062500
vt 0.554799 0.062500
vt 0.562620 0.062500
vt 0.562620 0.062500
vt 0.554799 0.062500
vt 0.516494 0.062500
vt 0.500048 0.062500
vt 0.500048 0.062500
vt 0.516493 0.062500
vt 0.581714 0.062500
vt 0.581629 0.062500
vt 0.581629 0.062500
vt 0.581714 0.062500
vt 0.485252 0.062500
vt 0.484532 0.062500
vt 0.484532 0.062500
vt 0.485252 0.062500
vt 0.580412 0.062500
vt 0.580412 0.062500
vt 0.548908 0.062500
vt 0.532939 0.062500
vt 0.532939 0.062500
vt 0.548908 0.062500
vt 0.572167 0.062500
vt 0.572167 0.062500
vt 0.484250 0.062500
vt 0.500002 0.062500
vt 0.500002 0.062500
vt 0.484250 0.062500
vt 0.564876 0.062500
vt 0.564876 0.062500
vt 0.484391 0.062500
vt 0.484391 0.062500
vt 0.485971 0.062500
vt 0.485971 0.062500
vt 0.512802 0.062500
vt 0.531334 0.062500
vt 0.531335 0.062500
vt 0.512802 0.062500
vt 0.562620 0.062500
vt 0.554799 0.062500
vt 0.500048 0.062500
vt 0.516493 0.062500
vt 0.581629 0.062500
vt 0.581714 0.062500
vt 0.484532 0.062500
vt 0.485252 0.062500
vt 0.580412 0.062500
vt 0.532939 0.062500
vt 0.548908 0.062500
vt 0.572167 0.062500
vt 0.500002 0.062500
vt 0.484250 0.062500
vt 0.564876 0.062500
vt 0.484391 0.062500
vt 0.485971 0.062500
vt 0.531334 0.062500
vt 0.512802 0.062500
vt 0.000000 0.000000
vt 0.000000 0.000000
vt 0.718750 0.062500
vt 0.484250 0.062500
vt 0.484250 0.062500
vt 0.687500 0.062500
vt 0.505328 0.062500
vt 0.512802 0.062500
vt 0.512802 0.062500
vt 0.406250 0.062500
vt 0.562500 0.062500
vt 0.554687 0.062500
vt 0.554687 0.062500
vt 0.000000 0.000000
vt 0.000000 0.000000
vt 0.000000 0.000000
vt 0.000000 0.000000
vt 0.512802 0.062500
vt 0.512802 0.062500
vt 0.531334 0.062500
vt 0.531334 0.062500
vt 0.485252 0.062500
vt 0.484532 0.062500
vt 0.581714 0.062500
vt 0.581714 0.062500
vt 0.581629 0.062500
vt 0.581629 0.062500
vt 0.343750 0.062500
vt 0.312500 0.062500
vt 0.485971 0.062500
vt 0.485971 0.062500
vt 0.406250 0.062500
vt 0.500048 0.062500
vt 0.500002 0.062500
vt 0.312500 0.062500
vt 0.312500 0.062500
vt 0.343750 0.062500
vt 0.343750 0.062500
vt 0.500000 0.062500
vt 0.687500 0.062500
vt 0.687500 0.062500
vt 0.656250 0.062500
vt 0.656250 0.062500
vt 0.485971 0.062500
vt 0.485971 0.062500
vt 0.484532 0.062500
vt 0.406250 0.062500
vt 0.468750 0.062500
vt 0.468750 0.062500
vt 0.437500 0.062500
vt 0.437500 0.062500
vt 0.532939 0.062500
vt 0.593750 0.062500
vt 0.593750 0.062500
vt 0.578125 0.062500
vt 0.578125 0.062500
vt 0.485252 0.062500
vt 0.485252 0.062500
vt 0.484532 0.062500
vt 0.484532 0.062500
vt 0.562500 0.062500
vt 0.554687 0.062500
vt 0.554687 0.062500
vt 0.718750 0.062500
vt 0.718750 0.062500
vt 0.687500 0.062500
vt 0.485252 0.062500
vt 0.484532 0.062500
vt 0.562500 0.062500
vt 0.580412 0.062500
vt 0.580412 0.062500
vt 0.500048 0.062500
vt 0.485971 0.062500
vt 0.485971 0.062500
vt 0.554799 0.062500
vt 0.562620 0.062500
vt 0.562620 0.062500
vt 0.625000 0.062500
vt 0.593750 0.062500
vt 0.593750 0.062500
vt 0.000000 0.000000
vt 0.000000 0.000000
vt 0.554799 0.062500
vt 0.554799 0.062500
vt 0.562620 0.062500
vt 0.562620 0.062500
vt 0.656250 0.062500
vt 0.625000 0.062500
vt 0.625000 0.062500
vt 0.500048 0.062500
vt 0.500048 0.062500
vt 0.500002 0.062500
vt 0.500002 0.062500
vt 0.484391 0.062500
vt 0.484250 0.062500
vt 0.500048 0.062500
vt 0.485971 0.062500
vt 0.485971 0.062500
vt 0.687500 0.062500
vt 0.000000 0.000000
vt 0.000000 0.000000
vt 0.505311 0.062500
vt 0.281250 0.062500
vt 0.281250 0.062500
vt 0.572167 0.062500
vt 0.000000 0.000000
vt 0.484250 0.062500
vt 0.484250 0.062500
vt 0.281250 0.062500
vt 0.000000 0.000000
vt 0.000000 0.000000
vt 0.718750 0.062500
vt 0.718750 0.062500
vt 0.687500 0.062500
vt 0.687500 0.062500
vt 0.562500 0.062500
vt 0.343750 0.062500
vt 0.505311 0.062500
vt 0.505311 0.062500
vt 0.500000 0.062500
vt 0.500000 0.062500
vt 0.516493 0.062500
vt 0.500048 0.062500
vt 0.500048 0.062500
vt 0.593750 0.062500
vt 0.593750 0.062500
vt 0.562500 0.062500
vt 0.562500 0.062500
vt 0.515625 0.062500
vt 0.512802 0.062500
vt 0.512802 0.062500
vt 0.531335 0.062500
vt 0.531334 0.062500
vt 0.593750 0.062500
vt 0.656250 0.062500
vt 0.656250 0.062500
vt 0.625000 0.062500
vt 0.625000 0.062500
vt 0.500048 0.062500
vt 0.500025 0.062500
vt 0.500025 0.062500
vt 0.593750 0.062500
vt 0.593750 0.062500
vt 0.578125 0.062500
vt 0.578125 0.062500
vt 0.485971 0.062500
vt 0.375000 0.062500
vt 0.000000 0.000000
vt 0.000000 0.000000
vt 0.437500 0.062500
vt 0.437500 0.062500
vt 0.531250 0.062500
vt 0.531250 0.062500
vt 0.512766 0.062500
vt 0.512766 0.062500
vt 0.000000 0.000000
vt 0.505328 0.062500
vt 0.505328 0.062500
vt 0.000000 0.000000
vt 0.000000 0.000000
vt 0.437500 0.062500
vt 0.468750 0.062500
vt 0.687500 0.062500
vt 0.718750 0.062500
vt 0.500000 0.062500
vt 0.000000 0.000000
vt 0.000000 0.000000
vt 0.000000 0.000000
vt 0.000000 0.000000
vt 0.505311 0.062500
vt 0.531250 0.062500
vt 0.546875 0.062500
vt 0.312500 0.062500
vt 0.343750 0.062500
vt 0.562500 0.062500
vt 0.578125 0.062500
vt 0.375000 0.062500
vt 0.593750 0.062500
vt 0.625000 0.062500
vt 0.406250 0.062500
vt 0.000000 0.000000
vt 0.656250 0.062500
vt 0.290785 0.062500
vt 0.687500 0.062500
vt 0.718750 0.062500
vt 0.406250 0.062500
vt 0.437500 0.062500
vt 0.562500 0.062500
vt 0.578125 0.062500
vt 0.000000 0.000000
vt 0.000000 0.000000
vt 0.375000 0.062500
vt 0.287601 0.062500
vt 0.312500 0.062500
vt 0.531250 0.062500
vt 0.546875 0.062500
vt 0.000000 0.000000
vt 0.000000 0.000000
vt 0.000000 0.000000
vt 0.500000 0.062500
vt 0.505311 0.062500
vt 0.625000 0.062500
vt 0.656250 0.062500
vt 0.593750 0.062500
vt 0.000000 0.000000
vt 0.343750 0.062500
vt 0.468750 0.062500
vt 0.500000 0.062500
vt 0.505311 0.062500
vt 0.000000 0.000000
vt 0.468750 0.062500
vt 0.000000 0.000000
vt 0.287969 0.062500
vt 0.312500 0.062500
vt 0.437500 0.062500
vt 0.656250 0.062500
vt 0.687500 0.062500
vt 0.000000 0.000000
vt 0.000000 0.000000
vt 0.406250 0.062500
vt 0.625000 0.062500
vt 0.718750 0.062500
vt 0.375000 0.062500
vt 0.593750 0.062500
vt 0.343750 0.062500
vt 0.562500 0.062500
vt 0.578125 0.062500
vt 0.531250 0.062500
vt 0.546875 0.062500
vt 0.593750 0.062500
vt 0.532939 0.062500
vt 0.532939 0.062500
vt 0.516493 0.062500
vt 0.516493 0.062500
vt 0.375000 0.062500
vt 0.593750 0.062500
vt 0.578125 0.062500
vt 0.578125 0.062500
vt 0.564876 0.062500
vt 0.485971 0.062500
vt 0.485971 0.062500
vt 0.484532 0.062500
vt 0.531334 0.062500
vt 0.546977 0.062500
vt 0.572167 0.062500
vt 0.512802 0.062500
vt 0.531334 0.062500
vt 0.531334 0.062500
vt 0.548908 0.062500
vt 0.564876 0.062500
vt 0.484532 0.062500
vt 0.484391 0.062500
vt 0.484391 0.062500
vt 0.484250 0.062500
vt 0.484250 0.062500
vt 0.375000 0.062500
vt 0.554687 0.062500
vt 0.000000 0.000000
vt 0.000000 0.000000
vt 0.281250 0.062500
vt 0.687500 0.062500
vt 0.531250 0.062500
vt 0.484532 0.062500
vt 0.687500 0.062500
vt 0.484532 0.062500
vt 0.484391 0.062500
vt 0.484391 0.062500
vt 0.485971 0.062500
vt 0.485971 0.062500
vt 0.468750 0.062500
vt 0.468750 0.062500
vt 0.687500 0.062500
vt 0.656250 0.062500
vt 0.343750 0.062500
vt 0.485252 0.062500
vt 0.485252 0.062500
vt 0.000000 0.000000
vt 0.512766 0.062500
vt 0.500048 0.062500
vt 0.500002 0.062500
vt 0.500002 0.062500
vt 0.581629 0.062500
vt 0.581629 0.062500
vt 0.580412 0.062500
vt 0.580412 0.062500
vt 0.562620 0.062500
vt 0.572167 0.062500
vt 0.572167 0.062500
vt 0.593750 0.062500
vt 0.578125 0.062500
vt 0.578125 0.062500
vt 0.343750 0.062500
vt 0.343750 0.062500
vt 0.312500 0.062500
vt 0.625000 0.062500
vt 0.554799 0.062500
vt 0.554799 0.062500
vt 0.562620 0.062500
vt 0.562620 0.062500
vt 0.531250 0.062500
vt 0.512766 0.062500
vt 0.000000 0.000000
vt 0.287969 0.062500
vt 0.406250 0.062500
vt 0.437500 0.062500
vt 0.625000 0.062500
vt 0.656250 0.062500
vt 0.000000 0.000000
vt 0.000000 0.000000
vt 0.000000 0.000000
vt 0.375000 0.062500
vt 0.593750 0.062500
vt 0.287969 0.062500
vt 0.312500 0.062500
vt 0.343750 0.062500
vt 0.562500 0.062500
vt 0.578125 0.062500
vt 0.000000 0.000000
vt 0.531250 0.062500
vt 0.546875 0.062500
vt 0.687500 0.062500
vt 0.718750 0.062500
vt 0.000000 0.000000
vt 0.000000 0.000000
vt 0.500000 0.062500
vt 0.505311 0.062500
vt 0.468750 0.062500
vt 0.000000 0.000000
vt 0.375000 0.062500
vt 0.406250 0.062500
vt 0.593750 0.062500
vt 0.625000 0.062500
vt 0.287969 0.062500
vt 0.312500 0.062500
vt 0.343750 0.062500
vt 0.562500 0.062500
vt 0.578125 0.062500
vt 0.000000 0.000000
vt 0.000000 0.000000
vt 0.531250 0.062500
vt 0.546875 0.062500
vt 0.687500 0.062500
vt 0.718750 0.062500
vt 0.000000 0.000000
vt 0.000000 0.000000
vt 0.500000 0.062500
vt 0.505311 0.062500
vt 0.000000 0.000000
vt 0.000000 0.000000
vt 0.468750 0.062500
vt 0.000000 0.000000
vt 0.437500 0.062500
vt 0.656250 0.062500
vt 0.468750 0.062500
vt 0.500000 0.062500
vt 0.000000 0.000000
vt 0.000000 0.000000
vt 0.000000 0.000000
vt 0.000000 0.000000
vt 0.437500 0.062500
vt 0.656250 0.062500
vt 0.687500 0.062500
vt 0.406250 0.062500
vt 0.625000 0.062500
vt 0.375000 0.062500
vt 0.593750 0.062500
vt 0.287969 0.062500
vt 0.312500 0.062500
vt 0.343750 0.062500
vt 0.562500 0.062500
vt 0.578125 0.062500
vt 0.000000 0.000000
vt 0.531250 0.062500
vt 0.546875 0.062500
vt 0.718750 0.062500
vt 0.000000 0.000000
vt 0.505311 0.062500
vt 0.000000 0.000000
vt 0.562500 0.062500
vt 0.578125 0.062500
vt 0.000000 0.000000
vt 0.000000 0.000000
vt 0.312500 0.062500
vt 0.343750 0.062500
vt 0.531250 0.062500
vt 0.546875 0.062500
vt 0.687500 0.062500
vt 0.718750 0.062500
vt 0.000000 0.000000
vt 0.000000 0.000000
vt 0.500000 0.062500
vt 0.505311 0.062500
vt 0.000000 0.000000
vt 0.000000 0.000000
vt 0.468750 0.062500
vt 0.000000 0.000000
vt 0.437500 0.062500
vt 0.656250 0.062500
vt 0.406250 0.062500
vt 0.625000 0.062500
vt 0.375000 0.062500
vt 0.593750 0.062500
vt 0.287969 0.062500
vt 0.656250 0.062500
vt 0.687500 0.062500
vt 0.406250 0.062500
vt 0.437500 0.062500
vt 0.625000 0.062500
vt 0.375000 0.062500
vt 0.593750 0.062500
vt 0.287969 0.062500
vt 0.312500 0.062500
vt 0.343750 0.062500
vt 0.562500 0.062500
vt 0.578125 0.062500
vt 0.000000 0.000000
vt 0.000000 0.000000
vt 0.531250 0.062500
vt 0.546875 0.062500
vt 0.718750 0.062500
vt 0.000000 0.000000
vt 0.000000 0.000000
vt 0.500000 0.062500
vt 0.505311 0.062500
vt 0.000000 0.000000
vt 0.000000 0.000000
vt 0.468750 0.062500
vt 0.000000 0.000000
vt 0.687500 0.062500
vt 0.718750 0.062500
vt 0.000000 0.000000
vt 0.000000 0.000000
vt 0.500000 0.062500
vt 0.505311 0.062500
vt 0.000000 0.000000
vt 0.000000 0.000000
vt 0.468750 0.062500
vt 0.000000 0.000000
vt 0.000000 0.000000
vt 0.437500 0.062500
vt 0.656250 0.062500
vt 0.406250 0.062500
vt 0.625000 0.062500
vt 0.375000 0.062500
vt 0.593750 0.062500
vt 0.287969 0.062500
vt 0.312500 0.062500
vt 0.343750 0.062500
vt 0.562500 0.062500
vt 0.578125 0.062500
vt 0.000000 0.000000
vt 0.531250 0.062500
vt 0.546875 0.062500
vt 0.375000 0.062500
vt 0.406250 0.062500
vt 0.593750 0.062500
vt 0.625000 0.062500
vt 0.287969 0.062500
vt 0.312500 0.062500
vt 0.343750 0.062500
vt 0.562500 0.062500
vt 0.578125 0.062500
vt 0.000000 0.000000
vt 0.000000 0.000000
vt 0.531250 0.062500
vt 0.546875 0.062500
vt 0.687500 0.062500
vt 0.718750 0.062500
vt 0.000000 0.000000
vt 0.000000 0.000000
vt 0.500000 0.062500
vt 0.505311 0.062500
vt 0.000000 0.000000
vt 0.000000 0.000000
vt 0.468750 0.062500
vt 0.000000 0.000000
vt 0.437500 0.062500
vt 0.656250 0.062500
vt 0.000000 0.000000
vt 0.000000 0.000000
vt 0.468750 0.062500
vt 0.500000 0.062500
vt 0.000000 0.000000
vt 0.000000 0.000000
vt 0.000000 0.000000
vt 0.437500 0.062500
vt 0.656250 0.062500
vt 0.687500 0.062500
vt 0.406250 0.062500
vt 0.625000 0.062500
vt 0.375000 0.062500
vt 0.593750 0.062500
vt 0.287969 0.062500
vt 0.312500 0.062500
vt 0.343750 0.062500
vt 0.562500 0.062500
vt 0.578125 0.062500
vt 0.000000 0.000000
vt 0.531250 0.062500
vt 0.546875 0.062500
vt 0.718750 0.062500
vt 0.000000 0.000000
vt 0.505312 0.062500
vt 0.343750 0.062500
vt 0.375000 0.062500
vt 0.562500 0.062500
vt 0.578125 0.062500
vt 0.000000 0.000000
vt 0.000000 0.000000
vt 0.312500 0.062500
vt 0.531250 0.062500
vt 0.546875 0.062500
vt 0.687500 0.062500
vt 0.718750 0.062500
vt 0.000000 0.000000
vt 0.000000 0.000000
vt 0.500000 0.062500
vt 0.505312 0.062500
vt 0.000000 0.000000
vt 0.000000 0.000000
vt 0.468750 0.062500
vt 0.000000 0.000000
vt 0.437500 0.062500
vt 0.656250 0.062500
vt 0.406250 0.062500
vt 0.625000 0.062500
vt 0.593750 0.062500
vt 0.287969 0.062500
vt 0.437500 0.062500
vt 0.468750 0.062500
vt 0.656250 0.062500
vt 0.687500 0.062500
vt 0.406250 0.062500
vt 0.625000 0.062500
vt 0.375000 0.062500
vt 0.593750 0.062500
vt 0.287969 0.062500
vt 0.312500 0.062500
vt 0.343750 0.062500
vt 0.562500 0.062500
vt 0.578125 0.062500
vt 0.000000 0.000000
vt 0.000000 0.000000
vt 0.531250 0.062500
vt 0.546875 0.062500
vt 0.718750 0.062500
vt 0.000000 0.000000
vt 0.000000 0.000000
vt 0.500000 0.062500
vt 0.505312 0.062500
vt 0.000000 0.000000
vt 0.000000 0.000000
vt 0.000000 0.000000
vt 0.531250 0.062500
vt 0.546875 0.062500
vt 0.687500 0.062500
vt 0.718750 0.062500
vt 0.000000 0.000000
vt 0.000000 0.000000
vt 0.500000 0.062500
vt 0.505312 0.062500
vt 0.000000 0.000000
vt 0.000000 0.000000
vt 0.468750 0.062500
vt 0.000000 0.000000
vt 0.000000 0.000000
vt 0.437500 0.062500
vt 0.656250 0.062500
vt 0.406250 0.062500
vt 0.625000 0.062500
vt 0.375000 0.062500
vt 0.593750 0.062500
vt 0.287969 0.062500
vt 0.312500 0.062500
vt 0.343750 0.062500
vt 0.562500 0.062500
vt 0.578125 0.062500
vt 0.000000 0.000000
vt 0.625000 0.062500
vt 0.656250 0.062500
vt 0.375000 0.062500
vt 0.406250 0.062500
vt 0.593750 0.062500
vt 0.287969 0.062500
vt 0.312500 0.062500
vt 0.343750 0.062500
vt 0.562500 0.062500
vt 0.578125 0.062500
vt 0.000000 0.000000
vt 0.000000 0.000000
vt 0.531250 0.062500
vt 0.546875 0.062500
vt 0.687500 0.062500
vt 0.718750 0.062500
vt 0.000000 0.000000
vt 0.000000 0.000000
vt 0.500000 0.062500
vt 0.505311 0.062500
vt 0.000000 0.000000
vt 0.000000 0.000000
vt 0.468750 0.062500
vt 0.000000 0.000000
vt 0.437500 0.062500
vt 0.516493 0.062500
vt 0.516493 0.062500
vt 0.500048 0.062500
vt 0.500048 0.062500
vt 0.312500 0.062500
vt 0.312500 0.062500
vt 0.281250 0.062500
vt 0.281250 0.062500
vt 0.484391 0.062500
vt 0.484391 0.062500
vt 0.484250 0.062500
vt 0.484250 0.062500
vt 0.000000 0.000000
vt 0.343750 0.062500
vt 0.312500 0.062500
vt 0.572167 0.062500
vt 0.512802 0.062500
vt 0.512802 0.062500
vt 0.531334 0.062500
vt 0.531334 0.062500
vt 0.580412 0.062500
vt 0.485971 0.062500
vt 0.718750 0.062500
vt 0.515625 0.062500
vt 0.468750 0.062500
vt 0.468750 0.062500
vt 0.484250 0.062500
vt 0.468750 0.062500
vt 0.468750 0.062500
vt 0.437500 0.062500
vt 0.437500 0.062500
vt 0.437500 0.062500
vt 0.406250 0.062500
vt 0.406250 0.062500
vt 0.512802 0.062500
vt 0.375000 0.062500
vt 0.718750 0.062500
vt 0.500000 0.062500
vt 0.468750 0.062500
vt 0.406250 0.062500
vt 0.500002 0.062500
vt 0.546875 0.062500
vt 0.546875 0.062500
vt 0.406250 0.062500
vt 0.406250 0.062500
vt 0.375000 0.062500
vt 0.375000 0.062500
vt 0.625000 0.062500
vt 0.484391 0.062500
vt 0.484391 0.062500
vt 0.484532 0.062500
vt 0.484532 0.062500
vt 0.505311 0.062500
vt 0.500000 0.062500
vt 0.500002 0.062500
vt 0.500002 0.062500
vt 0.484250 0.062500
vt 0.484250 0.062500
vt 0.500002 0.062500
vt 0.500002 0.062500
vt 0.500048 0.062500
vt 0.500048 0.062500
vt 0.500002 0.062500
vt 0.500002 0.062500
vt 0.485971 0.062500
vt 0.485971 0.062500
vt 0.485252 0.062500
vt 0.484532 0.062500
vt 0.484532 0.062500
vt 0.718750 0.062500
vt 0.718750 0.062500
vt 0.500002 0.062500
vt 0.500002 0.062500
vt 0.505328 0.062500
vt 0.505328 0.062500
vt 0.500025 0.062500
vt 0.581714 0.062500
vt 0.572167 0.062500
vt 0.546977 0.062500
vt 0.281250 0.062500
vt 0.546875 0.062500
vt 0.531250 0.062500
vt 0.548908 0.062500
vt 0.546977 0.062500
vt 0.546977 0.062500
vt 0.281250 0.062500
vt 0.281250 0.062500
vt 0.512766 0.062500
vt 0.406250 0.062500
vt 0.375000 0.062500
vt 0.512766 0.062500
vt 0.512766 0.062500
vt 0.505311 0.062500
vt 0.500048 0.062500
vt 0.484391 0.062500
vt 0.484391 0.062500
vt 0.484250 0.062500
vt 0.484250 0.062500
vt 0.484250 0.062500
vt 0.484250 0.062500
vt 0.375000 0.062500
vt 0.375000 0.062500
vt 0.343750 0.062500
vt 0.718750 0.062500
vt 0.531250 0.062500
vt 0.500048 0.062500
vt 0.312500 0.062500
vt 0.312500 0.062500
vt 0.625000 0.062500
vt 0.656250 0.062500
vt 0.554799 0.062500
vt 0.531250 0.062500
vt 0.546977 0.062500
vt 0.546977 0.062500
vt 0.484532 0.062500
vt 0.484532 0.062500
vt 0.500048 0.062500
vt 0.485971 0.062500
vt 0.485971 0.062500
vt 0.312500 0.062500
vt 0.287969 0.062500
vt 0.287969 0.062500
vt 0.343750 0.062500
vt 0.343750 0.062500
vt 0.554799 0.062500
vt 0.562620 0.062500
vt 0.485971 0.062500
vt 0.484532 0.062500
vt 0.485971 0.062500
vt 0.484532 0.062500
vt 0.500048 0.062500
vt 0.000000 0.000000
vt 0.484250 0.062500
vt 0.484250 0.062500
vt 0.500002 0.062500
vt 0.500002 0.062500
vt 0.484391 0.062500
vt 0.484532 0.062500
vt 0.437500 0.062500
vt 0.437500 0.062500
vt 0.484404 0.062500
vt 0.484532 0.062500
vt 0.484532 0.062500
vt 0.484471 0.062500
vt 0.484391 0.062500
vt 0.484250 0.062500
vt 0.484532 0.062500
vt 0.687500 0.062500
vt 0.485252 0.062500
vt 0.484532 0.062500
vt 0.500002 0.062500
vt 0.500002 0.062500
vt 0.484532 0.062500
vt 0.484532 0.062500
vt 0.484391 0.062500
vt 0.484250 0.062500
vt 0.484532 0.062500
vt 0.580412 0.062500
vt 0.729241 0.062500
vt 0.687500 0.062500
vt 0.546875 0.062500
vt 0.546977 0.062500
vt 0.468750 0.062500
vt 0.468750 0.062500
vt 0.581629 0.062500
vt 0.580412 0.062500
vt 0.505328 0.062500
vt 0.546977 0.062500
vt 0.546977 0.062500
vt 0.512766 0.062500
vt 0.484532 0.062500
vt 0.484391 0.062500
vt 0.562500 0.062500
vt 0.000000 0.000000
vt 0.581629 0.062500
vt 0.437500 0.062500
vt 0.437500 0.062500
vt 0.406250 0.062500
vt 0.500048 0.062500
vt 0.625000 0.062500
vt 0.343750 0.062500
vt 0.312500 0.062500
vt 0.505311 0.062500
vt 0.500000 0.062500
vt 0.484250 0.062500
vt 0.484250 0.062500
vt 0.505328 0.062500
vt 0.505328 0.062500
vt 0.484391 0.062500
vt 0.484250 0.062500
vt 0.500002 0.062500
vt 0.505328 0.062500
vt 0.505328 0.062500
vt 0.580412 0.062500
vt 0.375000 0.062500
vt 0.343750 0.062500
vt 0.656250 0.062500
vt 0.468750 0.062500
vt 0.468750 0.062500
vt 0.437500 0.062500
vt 0.500002 0.062500
vt 0.505328 0.062500
vt 0.625000 0.062500
vt 0.512802 0.062500
vt 0.484250 0.062500
vt 0.484250 0.062500
vt 0.505311 0.062500
vt 0.500000 0.062500
vt 0.468750 0.062500
vt 0.562500 0.062500
vt 0.512802 0.062500
vt 0.546875 0.062500
vt 0.546875 0.062500
vt 0.484250 0.062500
vt 0.500002 0.062500
vt 0.656250 0.062500
vt 0.656250 0.062500
vt 0.625000 0.062500
vt 0.343750 0.062500
vt 0.312500 0.062500
vt 0.312500 0.062500
vt 0.512802 0.062500
vt 0.546875 0.062500
vt 0.562500 0.062500
vt 0.687500 0.062500
vt 0.281250 0.062500
vt 0.562500 0.062500
vt 0.687500 0.062500
vt 0.723897 0.062500
vt 0.516493 0.062500
vt 0.718750 0.062500
vt 0.000000 0.000000
vt 0.000000 0.000000
vt 0.500000 0.062500
vt 0.375000 0.062500
vt 0.532939 0.062500
vt 0.281250 0.062500
vt 0.484391 0.062500
vt 0.484391 0.062500
vt 0.484250 0.062500
vt 0.562620 0.062500
vt 0.718750 0.062500
vt 0.581714 0.062500
vt 0.000000 0.000000
vt 0.000000 0.000000
vt 0.000000 0.000000
vt 0.000000 0.000000
vt 0.281250 0.062500
vt 0.500048 0.062500
vt 0.580412 0.062500
vt 0.406250 0.062500
vt 0.500002 0.062500
vt 0.572167 0.062500
vt 0.572167 0.062500
vt 0.581714 0.062500
vt 0.548908 0.062500
vt 0.531334 0.062500
vt 0.581629 0.062500
vt 0.500002 0.062500
vt 0.562620 0.062500
vt 0.554799 0.062500
vt 0.500048 0.062500
vt 0.516493 0.062500
vt 0.581629 0.062500
vt 0.581714 0.062500
vt 0.484532 0.062500
vt 0.485252 0.062500
vt 0.531334 0.062500
vt 0.512802 0.062500
vt 0.485971 0.062500
vt 0.564876 0.062500
vt 0.580412 0.062500
vt 0.500002 0.062500
vt 0.484250 0.062500
vt 0.572167 0.062500
vt 0.532939 0.062500
vt 0.548908 0.062500
vt 0.484391 0.062500
vt 0.564876 0.062500
vt 0.580412 0.062500
vt 0.500002 0.062500
vt 0.484250 0.062500
vt 0.484391 0.062500
vt 0.581714 0.062500
vt 0.572167 0.062500
vt 0.532939 0.062500
vt 0.548908 0.062500
vt 0.581629 0.062500
vt 0.562620 0.062500
vt 0.554799 0.062500
vt 0.500048 0.062500
vt 0.516493 0.062500
vt 0.484532 0.062500
vt 0.485252 0.062500
vt 0.531334 0.062500
vt 0.512802 0.062500
vt 0.485971 0.062500
vt 0.580412 0.062500
vt 0.564876 0.062500
vt 0.564876 0.062500
vt 0.580412 0.062500
vt 0.484250 0.062500
vt 0.500002 0.062500
vt 0.500002 0.062500
vt 0.484250 0.062500
vt 0.484391 0.062500
vt 0.484391 0.062500
vt 0.572167 0.062500
vt 0.581714 0.062500
vt 0.581714 0.062500
vt 0.572167 0.062500
vt 0.548908 0.062500
vt 0.532939 0.062500
vt 0.532939 0.062500
vt 0.548908 0.062500
vt 0.581629 0.062500
vt 0.581629 0.062500
vt 0.554799 0.062500
vt 0.562620 0.062500
vt 0.562620 0.062500
vt 0.554799 0.062500
vt 0.516493 0.062500
vt 0.500048 0.062500
vt 0.500048 0.062500
vt 0.516493 0.062500
vt 0.485252 0.062500
vt 0.484532 0.062500
vt 0.484532 0.062500
vt 0.485252 0.062500
vt 0.512802 0.062500
vt 0.531335 0.062500
vt 0.531334 0.062500
vt 0.512802 0.062500
vt 0.485971 0.062500
vt 0.485971 0.062500
vt 0.485971 0.062500
vt 0.500048 0.062500
vt 0.564876 0.062500
vt 0.580412 0.062500
vt 0.500002 0.062500
vt 0.484250 0.062500
vt 0.484391 0.062500
vt 0.581714 0.062500
vt 0.572167 0.062500
vt 0.532939 0.062500
vt 0.548908 0.062500
vt 0.581629 0.062500
vt 0.562620 0.062500
vt 0.554799 0.062500
vt 0.516493 0.062500
vt 0.484532 0.062500
vt 0.485252 0.062500
vt 0.531334 0.062500
vt 0.512802 0.062500
vt 0.500048 0.062500
vt 0.485971 0.062500
vt 0.485971 0.062500
vt 0.500048 0.062500
vt 0.512802 0.062500
vt 0.531334 0.062500
vt 0.531334 0.062500
vt 0.512802 0.062500
vt 0.485252 0.062500
vt 0.484532 0.062500
vt 0.484477 0.062500
vt 0.485252 0.062500
vt 0.516493 0.062500
vt 0.516493 0.062500
vt 0.554799 0.062500
vt 0.562620 0.062500
vt 0.562620 0.062500
vt 0.554799 0.062500
vt 0.581714 0.062500
vt 0.581629 0.062500
vt 0.581629 0.062500
vt 0.581714 0.062500
vt 0.580412 0.062500
vt 0.580412 0.062500
vt 0.548908 0.062500
vt 0.532939 0.062500
vt 0.532939 0.062500
vt 0.548908 0.062500
vt 0.572167 0.062500
vt 0.572167 0.062500
vt 0.500002 0.062500
vt 0.500002 0.062500
vt 0.500002 0.062500
vt 0.500002 0.062500
vt 0.564876 0.062500
vt 0.564876 0.062500
vt 0.484250 0.062500
vt 0.500002 0.062500
vt 0.500002 0.062500
vt 0.484250 0.062500
vt 0.484391 0.062500
vt 0.484391 0.062500
vt 0.500048 0.062500
vt 0.485971 0.062500
vt 0.485971 0.062500
vt 0.500048 0.062500
vt 0.485252 0.062500
vt 0.484532 0.062500
vt 0.484532 0.062500
vt 0.485252 0.062500
vt 0.485971 0.062500
vt 0.500048 0.062500
vt 0.500002 0.062500
vt 0.484250 0.062500
vt 0.484391 0.062500
vt 0.484532 0.062500
vt 0.485252 0.062500
vt 0.484532 0.062500
vt 0.485252 0.062500
vt 0.485971 0.062500
vt 0.500048 0.062500
vt 0.500002 0.062500
vt 0.484250 0.062500
vt 0.484391 0.062500
vt 0.485971 0.062500
vt 0.500048 0.062500
vt 0.500002 0.062500
vt 0.484250 0.062500
vt 0.484391 0.062500
vt 0.484532 0.062500
vt 0.485252 0.062500
vt 0.485971 0.062500
vt 0.500048 0.062500
vt 0.531334 0.062500
vt 0.512802 0.062500
vt 0.484404 0.062500
vt 0.484532 0.062500
vt 0.485252 0.062500
vt 0.516493 0.062500
vt 0.562620 0.062500
vt 0.554799 0.062500
vt 0.581629 0.062500
vt 0.581714 0.062500
vt 0.580412 0.062500
vt 0.532939 0.062500
vt 0.548908 0.062500
vt 0.572167 0.062500
vt 0.484532 0.062500
vt 0.484250 0.062500
vt 0.484250 0.062500
vt 0.500002 0.062500
vt 0.564876 0.062500
vt 0.500048 0.062500
vt 0.516493 0.062500
vt 0.531334 0.062500
vt 0.512802 0.062500
vt 0.484250 0.062500
vt 0.500002 0.062500
vt 0.500002 0.062500
vt 0.484250 0.062500
vt 0.484532 0.062500
vt 0.484532 0.062500
vt 0.500048 0.062500
vt 0.485971 0.062500
vt 0.485971 0.062500
vt 0.500048 0.062500
vt 0.485971 0.062500
vt 0.500048 0.062500
vt 0.500002 0.062500
vt 0.484250 0.062500
vt 0.484532 0.062500
vt 0.484532 0.062500
vt 0.485971 0.062500
vt 0.500048 0.062500
vt 0.500002 0.062500
vt 0.484250 0.062500
vt 0.485971 0.062500
vt 0.500048 0.062500
vt 0.500002 0.062500
vt 0.484250 0.062500
vt 0.484532 0.062500
vt 0.532939 0.062500
vt 0.505328 0.062500
vt 0.505328 0.062500
vt 0.505328 0.062500
vt 0.505328 0.062500
vt 0.505328 0.062500
vt 0.505328 0.062500
vt 0.505328 0.062500
vt 0.505328 0.062500
vt 0.505328 0.062500
vt 0.505328 0.062500
vt 0.512766 0.062500
vt 0.512766 0.062500
vt 0.512766 0.062500
vt 0.512766 0.062500
vt 0.512766 0.062500
vt 0.512766 0.062500
vt 0.512766 0.062500
vt 0.512766 0.062500
vt 0.512766 0.062500
vt 0.512766 0.062500
vt 0.512766 0.062500
vt 0.512766 0.062500
vt 0.512766 0.062500
vt 0.512766 0.062500
vt 0.512766 0.062500
vt 0.512766 0.062500
vt 0.505328 0.062500
vt 0.505328 0.062500
vt 0.505328 0.062500
vt 0.505328 0.062500
vt 0.505328 0.062500
vt 0.505328 0.062500
vt 0.512766 0.062500
vt 0.512766 0.062500
vt 0.512766 0.062500
vt 0.512766 0.062500
vt 0.512766 0.062500
vt 0.512766 0.062500
vt 0.484250 0.062500
vt 0.500002 0.062500
vt 0.500002 0.062500
vt 0.484250 0.062500
vt 0.484532 0.062500
vt 0.484532 0.062500
vt 0.500048 0.062500
vt 0.485971 0.062500
vt 0.485971 0.062500
vt 0.500048 0.062500
vt 0.485971 0.062500
vt 0.500048 0.062500
vt 0.500002 0.062500
vt 0.484250 0.062500
vt 0.484532 0.062500
vt 0.484532 0.062500
vt 0.485971 0.062500
vt 0.500048 0.062500
vt 0.500002 0.062500
vt 0.484250 0.062500
vt 0.485971 0.062500
vt 0.500048 0.062500
vt 0.500002 0.062500
vt 0.484250 0.062500
vt 0.484532 0.062500
vt 0.485971 0.062500
vt 0.484532 0.062500
vt 0.500048 0.062500
vt 0.484250 0.062500
vt 0.500002 0.062500
vt 0.516493 0.062500
vt 0.500048 0.062500
vt 0.516493 0.062500
vt 0.512802 0.062500
vt 0.531334 0.062500
vt 0.531334 0.062500
vt 0.512802 0.062500
vt 0.484250 0.062500
vt 0.500002 0.062500
vt 0.500002 0.062500
vt 0.484250 0.062500
vt 0.484532 0.062500
vt 0.484532 0.062500
vt 0.500048 0.062500
vt 0.485971 0.062500
vt 0.485971 0.062500
vt 0.500048 0.062500
vt 0.485971 0.062500
vt 0.500048 0.062500
vt 0.500002 0.062500
vt 0.484250 0.062500
vt 0.484532 0.062500
vt 0.484532 0.062500
vt 0.485971 0.062500
vt 0.500048 0.062500
vt 0.500002 0.062500
vt 0.484250 0.062500
vt 0.485971 0.062500
vt 0.500048 0.062500
vt 0.500002 0.062500
vt 0.484250 0.062500
vt 0.484532 0.062500
vt 0.500025 0.062500
vt 0.500025 0.062500
vt 0.500025 0.062500
vt 0.500025 0.062500
vt 0.500025 0.062500
vt 0.532939 0.062500
vt 0.532939 0.062500
vt 0.505328 0.062500
vt 0.505328 0.062500
vt 0.546977 0.062500
vt 0.546977 0.062500
vt 0.546977 0.062500
vt 0.546977 0.062500
vt 0.546977 0.062500
vt 0.546977 0.062500
vt 0.546977 0.062500
vt 0.546977 0.062500
vt 0.546977 0.062500
vt 0.554687 0.062500
vt 0.554687 0.062500
vt 0.554687 0.062500
vt 0.554687 0.062500
vt 0.554687 0.062500
vt 0.554687 0.062500
vt 0.554687 0.062500
vt 0.554687 0.062500
vt 0.554687 0.062500
vt 0.554687 0.062500
vt 0.554687 0.062500
vt 0.554687 0.062500
vt 0.554687 0.062500
vt 0.554687 0.062500
vt 0.554687 0.062500
vt 0.554687 0.062500
vt 0.546977 0.062500
vt 0.546977 0.062500
vt 0.546977 0.062500
vt 0.546977 0.062500
vt 0.546977 0.062500
vt 0.546977 0.062500
vt 0.554687 0.062500
vt 0.554687 0.062500
vt 0.554687 0.062500
vt 0.554687 0.062500
vt 0.554687 0.062500
vt 0.554687 0.062500
vt 0.484391 0.062500
vt 0.484250 0.062500
vt 0.484250 0.062500
vt 0.484391 0.062500
vt 0.484532 0.062500
vt 0.484532 0.062500
vt 0.484391 0.062500
vt 0.484250 0.062500
vt 0.484250 0.062500
vt 0.484391 0.062500
vt 0.484532 0.062500
vt 0.484532 0.062500
vt 0.484471 0.062500
vt 0.484532 0.062500
vt 0.484532 0.062500
vt 0.656250 0.062500
vt 0.572167 0.062500
vt 0.581714 0.062500
vt 0.554799 0.062500
vt 0.572167 0.062500
vt 0.572167 0.062500
vt 0.484391 0.062500
vt 0.500002 0.062500
vt 0.484250 0.062500
vt 0.468750 0.062500
vt 0.562500 0.062500
vt 0.554687 0.062500
vt 0.484391 0.062500
vt 0.562620 0.062500
vt 0.572167 0.062500
vt 0.572167 0.062500
vt 0.546875 0.062500
vt 0.546875 0.062500
vt 0.531250 0.062500
vt 0.531250 0.062500
vt 0.593750 0.062500
vt 0.406250 0.062500
vt 0.406250 0.062500
vt 0.375000 0.062500
vt 0.375000 0.062500
vt 0.484532 0.062500
vt 0.484532 0.062500
vt 0.484250 0.062500
vt 0.484391 0.062500
vt 0.500002 0.062500
vt 0.484532 0.062500
vt 0.484532 0.062500
vt 0.484391 0.062500
vt 0.484532 0.062500
vt 0.484250 0.062500
vt 0.484391 0.062500
vt 0.484391 0.062500
vt 0.484250 0.062500
vt 0.500002 0.062500
vt 0.484532 0.062500
vt 0.484532 0.062500
vt 0.484532 0.062500
vt 0.484532 0.062500
vt 0.484250 0.062500
vt 0.484250 0.062500
vt 0.484391 0.062500
vt 0.500002 0.062500
vt 0.484391 0.062500
vt 0.484532 0.062500
vt 0.484532 0.062500
vt 0.484250 0.062500
vt 0.500002 0.062500
vt 0.484532 0.062500
vt 0.484532 0.062500
vt 0.437500 0.062500
vt 0.000000 0.000000
vt 0.000000 0.000000
vt 0.000000 0.000000
vt 0.000000 0.000000
vt 0.485252 0.062500
vt 0.484477 0.062500
vt 0.484532 0.062500
vt 0.485971 0.062500
vt 0.578125 0.062500
vt 0.578125 0.062500
vt 0.572167 0.062500
vt 0.500000 0.062500
vt 0.500000 0.062500
vt 0.484532 0.062500
vt 0.484532 0.062500
vt 0.484532 0.062500
vt 0.484532 0.062500
vt 0.484250 0.062500
vt 0.000000 0.000000
vt 0.000000 0.000000
vt 0.343750 0.062500
vt 0.312500 0.062500
vt 0.554687 0.062500
vt 0.656250 0.062500
vt 0.000000 0.000000
vt 0.718750 0.062500
vt 0.687500 0.062500
vt 0.000000 0.000000
vt 0.000000 0.000000
vt 0.505328 0.062500
vt 0.468750 0.062500
vt 0.290785 0.062500
vt 0.656250 0.062500
vt 0.718750 0.062500
vt 0.000000 0.000000
vt 0.468750 0.062500
vt 0.437500 0.062500
vt 0.343750 0.062500
vt 0.312500 0.062500
vt 0.287601 0.062500
vt 0.000000 0.000000
vt 0.625000 0.062500
vt 0.593750 0.062500
vt 0.581714 0.062500
vt 0.581714 0.062500
vt 0.554687 0.062500
vt 0.554687 0.062500
vt 0.484532 0.062500
vt 0.484532 0.062500
vt 0.484532 0.062500
vt 0.484532 0.062500
vt 0.484250 0.062500
vt 0.312500 0.062500
vt 0.287969 0.062500
vt 0.343750 0.062500
vt 0.484250 0.062500
vt 0.500002 0.062500
vt 0.500048 0.062500
vt 0.000000 0.000000
vt 0.656250 0.062500
vt 0.468750 0.062500
vt 0.718750 0.062500
vt 0.343750 0.062500
vt 0.375000 0.062500
vt 0.375000 0.062500
vt 0.343750 0.062500
vt 0.406250 0.062500
vt 0.485252 0.062500
vt 0.485252 0.062500
vt 0.532939 0.062500
vt 0.532939 0.062500
vt 0.516493 0.062500
vt 0.512802 0.062500
vt 0.500000 0.062500
vt 0.554687 0.062500
vt 0.000000 0.000000
vt 0.000000 0.000000
vt 0.578125 0.062500
vt 0.484250 0.062500
vt 0.500002 0.062500
vt 0.406250 0.062500
vt 0.375000 0.062500
vt 0.718750 0.062500
vt 0.000000 0.000000
vt 0.000000 0.000000
vt 0.718750 0.062500
vt 0.484532 0.062500
vt 0.564876 0.062500
vt 0.548908 0.062500
vt 0.532939 0.062500
vt 0.548908 0.062500
vt 0.500048 0.062500
vt 0.485971 0.062500
vt 0.484532 0.062500
vt 0.485252 0.062500
vt 0.000000 0.000000
vt 0.546875 0.062500
vt 0.484250 0.062500
vt 0.484250 0.062500
vt 0.485971 0.062500
vt 0.580412 0.062500
vt 0.564876 0.062500
vt 0.485971 0.062500
vt 0.484391 0.062500
vt 0.484532 0.062500
vt 0.484532 0.062500
vt 0.531334 0.062500
vt 0.484250 0.062500
vt 0.485252 0.062500
vt 0.484391 0.062500
vt 0.500048 0.062500
vt 0.532939 0.062500
vt 0.532939 0.062500
vt 0.516493 0.062500
vt 0.516493 0.062500
vt 0.484532 0.062500
vt 0.484532 0.062500
vt 0.484532 0.062500
vt 0.437500 0.062500
vt 0.406250 0.062500
vt 0.406250 0.062500
vt 0.437500 0.062500
vt 0.000000 0.000000
vt 0.000000 0.000000
vt 0.000000 0.000000
vt 0.000000 0.000000
vt 0.578125 0.062500
vt 0.593750 0.062500
vt 0.000000 0.000000
vt 0.000000 0.000000
vt 0.343750 0.062500
vt 0.312500 0.062500
vt 0.312500 0.062500
vt 0.343750 0.062500
vt 0.531250 0.062500
vt 0.546875 0.062500
vt 0.687500 0.062500
vt 0.718750 0.062500
vt 0.287969 0.062500
vt 0.287969 0.062500
vt 0.512766 0.062500
vt 0.500000 0.062500
vt 0.505311 0.062500
vt 0.000000 0.000000
vt 0.000000 0.000000
vt 0.000000 0.000000
vt 0.562500 0.062500
vt 0.468750 0.062500
vt 0.000000 0.000000
vt 0.000000 0.000000
vt 0.554687 0.062500
vt 0.437500 0.062500
vt 0.656250 0.062500
vt 0.375000 0.062500
vt 0.375000 0.062500
vt 0.625000 0.062500
vt 0.000000 0.000000
vt 0.000000 0.000000
vt 0.687500 0.062500
vt 0.718750 0.062500
vt 0.505311 0.062500
vt 0.512766 0.062500
vt 0.500000 0.062500
vt 0.000000 0.000000
vt 0.000000 0.000000
vt 0.578125 0.062500
vt 0.593750 0.062500
vt 0.546875 0.062500
vt 0.554687 0.062500
vt 0.375000 0.062500
vt 0.406250 0.062500
vt 0.000000 0.000000
vt 0.000000 0.000000
vt 0.000000 0.000000
vt 0.625000 0.062500
vt 0.468750 0.062500
vt 0.000000 0.000000
vt 0.000000 0.000000
vt 0.562500 0.062500
vt 0.000000 0.000000
vt 0.437500 0.062500
vt 0.437500 0.062500
vt 0.437500 0.062500
vt 0.437500 0.062500
vt 0.531250 0.062500
vt 0.656250 0.062500
vt 0.437500 0.062500
vt 0.437500 0.062500
vt 0.554687 0.062500
vt 0.562500 0.062500
vt 0.437500 0.062500
vt 0.593750 0.062500
vt 0.625000 0.062500
vt 0.000000 0.000000
vt 0.000000 0.000000
vt 0.578125 0.062500
vt 0.656250 0.062500
vt 0.687500 0.062500
vt 0.468750 0.062500
vt 0.500000 0.062500
vt 0.000000 0.000000
vt 0.000000 0.000000
vt 0.000000 0.000000
vt 0.512766 0.062500
vt 0.531250 0.062500
vt 0.437500 0.062500
vt 0.000000 0.000000
vt 0.505311 0.062500
vt 0.718750 0.062500
vt 0.546875 0.062500
vt 0.687500 0.062500
vt 0.718750 0.062500
vt 0.505311 0.062500
vt 0.512766 0.062500
vt 0.578125 0.062500
vt 0.593750 0.062500
vt 0.500000 0.062500
vt 0.000000 0.000000
vt 0.000000 0.000000
vt 0.468750 0.062500
vt 0.546875 0.062500
vt 0.554687 0.062500
vt 0.312500 0.062500
vt 0.343750 0.062500
vt 0.000000 0.000000
vt 0.000000 0.000000
vt 0.625000 0.062500
vt 0.656250 0.062500
vt 0.562500 0.062500
vt 0.531250 0.062500
vt 0.287969 0.062500
vt 0.287969 0.062500
vt 0.312500 0.062500
vt 0.343750 0.062500
vt 0.375000 0.062500
vt 0.000000 0.000000
vt 0.000000 0.000000
vt 0.406250 0.062500
vt 0.406250 0.062500
vt 0.312500 0.062500
vt 0.343750 0.062500
vt 0.375000 0.062500
vt 0.000000 0.000000
vt 0.000000 0.000000
vt 0.287969 0.062500
vt 0.287969 0.062500
vt 0.312500 0.062500
vt 0.343750 0.062500
vt 0.375000 0.062500
vt 0.406250 0.062500
vt 0.437500 0.062500
vt 0.437500 0.062500
vt 0.437500 0.062500
vt 0.406250 0.062500
vt 0.406250 0.062500
vt 0.000000 0.000000
vt 0.000000 0.000000
vt 0.000000 0.000000
vt 0.000000 0.000000
vt 0.593750 0.062500
vt 0.578125 0.062500
vt 0.000000 0.000000
vt 0.000000 0.000000
vt 0.343750 0.062500
vt 0.343750 0.062500
vt 0.312500 0.062500
vt 0.312500 0.062500
vt 0.546875 0.062500
vt 0.531250 0.062500
vt 0.718750 0.062500
vt 0.687500 0.062500
vt 0.287969 0.062500
vt 0.287969 0.062500
vt 0.512766 0.062500
vt 0.505311 0.062500
vt 0.500000 0.062500
vt 0.000000 0.000000
vt 0.000000 0.000000
vt 0.000000 0.000000
vt 0.562500 0.062500
vt 0.468750 0.062500
vt 0.000000 0.000000
vt 0.000000 0.000000
vt 0.554687 0.062500
vt 0.437500 0.062500
vt 0.656250 0.062500
vt 0.375000 0.062500
vt 0.375000 0.062500
vt 0.625000 0.062500
vt 0.000000 0.000000
vt 0.000000 0.000000
vt 0.718750 0.062500
vt 0.687500 0.062500
vt 0.512766 0.062500
vt 0.505311 0.062500
vt 0.500000 0.062500
vt 0.000000 0.000000
vt 0.000000 0.000000
vt 0.593750 0.062500
vt 0.578125 0.062500
vt 0.554687 0.062500
vt 0.546875 0.062500
vt 0.406250 0.062500
vt 0.375000 0.062500
vt 0.000000 0.000000
vt 0.000000 0.000000
vt 0.000000 0.000000
vt 0.625000 0.062500
vt 0.468750 0.062500
vt 0.000000 0.000000
vt 0.000000 0.000000
vt 0.562500 0.062500
vt 0.000000 0.000000
vt 0.437500 0.062500
vt 0.437500 0.062500
vt 0.437500 0.062500
vt 0.437500 0.062500
vt 0.531250 0.062500
vt 0.656250 0.062500
vt 0.437500 0.062500
vt 0.437500 0.062500
vt 0.562500 0.062500
vt 0.554687 0.062500
vt 0.437500 0.062500
vt 0.625000 0.062500
vt 0.593750 0.062500
vt 0.000000 0.000000
vt 0.000000 0.000000
vt 0.578125 0.062500
vt 0.687500 0.062500
vt 0.656250 0.062500
vt 0.500000 0.062500
vt 0.468750 0.062500
vt 0.000000 0.000000
vt 0.000000 0.000000
vt 0.000000 0.000000
vt 0.531250 0.062500
vt 0.512766 0.062500
vt 0.437500 0.062500
vt 0.000000 0.000000
vt 0.505311 0.062500
vt 0.718750 0.062500
vt 0.546875 0.062500
vt 0.718750 0.062500
vt 0.687500 0.062500
vt 0.512766 0.062500
vt 0.505311 0.062500
vt 0.593750 0.062500
vt 0.578125 0.062500
vt 0.500000 0.062500
vt 0.000000 0.000000
vt 0.000000 0.000000
vt 0.468750 0.062500
vt 0.554687 0.062500
vt 0.546875 0.062500
vt 0.343750 0.062500
vt 0.312500 0.062500
vt 0.000000 0.000000
vt 0.000000 0.000000
vt 0.625000 0.062500
vt 0.656250 0.062500
vt 0.562500 0.062500
vt 0.531250 0.062500
vt 0.287969 0.062500
vt 0.312500 0.062500
vt 0.287969 0.062500
vt 0.375000 0.062500
vt 0.343750 0.062500
vt 0.000000 0.000000
vt 0.000000 0.000000
vt 0.406250 0.062500
vt 0.406250 0.062500
vt 0.343750 0.062500
vt 0.312500 0.062500
vt 0.375000 0.062500
vt 0.000000 0.000000
vt 0.000000 0.000000
vt 0.287969 0.062500
vt 0.312500 0.062500
vt 0.287969 0.062500
vt 0.343750 0.062500
vt 0.375000 0.062500
vt 0.406250 0.062500
vt 0.437500 0.062500
vn 0.0000 -1.0000 0.0000
vn 0.0306 -0.9995 -0.0007
vn 0.0097 -1.0000 0.0000
vn 0.0012 -1.0000 0.0000
vn 0.0329 -0.9995 -0.0023
vn 0.0012 -1.0000 -0.0001
vn 0.0096 -1.0000 -0.0010
vn -0.0306 -0.9995 -0.0007
vn -0.0097 -1.0000 0.0000
vn -0.0012 -1.0000 0.0000
vn -0.0329 -0.9995 -0.0023
vn -0.0012 -1.0000 -0.0001
vn -0.0096 -1.0000 -0.0010
vn 0.0000 -0.6201 -0.7844
vn 0.0000 -0.4675 -0.8840
vn 0.1763 -0.4671 -0.8664
vn 0.1565 -0.6198 -0.7689
vn 0.0000 0.4675 -0.8840
vn 0.0000 0.6201 -0.7844
vn 0.1565 0.6198 -0.7689
vn 0.1763 0.4671 -0.8664
vn 0.0000 -0.7630 -0.6463
vn 0.1290 -0.7627 -0.6337
vn 0.0000 0.3117 -0.9502
vn 0.1895 0.3114 -0.9312
vn 0.0000 -0.8495 -0.5275
vn 0.1050 -0.8489 -0.5180
vn 0.0000 0.1556 -0.9878
vn 0.1969 0.1555 -0.9680
vn 0.0000 -0.3514 -0.9362
vn 0.1903 -0.3537 -0.9158
vn 0.0000 0.0000 -1.0000
vn 0.1994 0.0000 -0.9799
vn 0.0000 0.9684 -0.2492
vn 0.0000 1.0000 0.0000
vn 0.0498 0.9684 -0.2444
vn 0.3201 -0.5502 0.7712
vn 0.1629 -0.5542 0.8162
vn 0.1859 -0.3641 0.9126
vn 0.3665 -0.3448 0.8641
vn 0.0000 -0.1556 -0.9878
vn 0.1969 -0.1555 -0.9680
vn 0.0000 0.8844 -0.4667
vn 0.0932 0.8842 -0.4576
vn 0.0000 -0.3117 -0.9502
vn 0.1895 -0.3114 -0.9312
vn 0.0000 0.7631 -0.6463
vn 0.1290 0.7627 -0.6337
vn 0.1827 0.8838 -0.4307
vn 0.2527 0.7620 -0.5962
vn 0.3708 -0.3107 -0.8752
vn 0.3452 -0.4662 -0.8145
vn 0.3065 0.6189 -0.7232
vn 0.3065 -0.6189 -0.7232
vn 0.3452 0.4662 -0.8145
vn 0.2527 -0.7620 -0.5962
vn 0.3708 0.3107 -0.8752
vn 0.2066 -0.8470 -0.4898
vn 0.3854 0.1551 -0.9096
vn 0.3708 -0.3604 -0.8559
vn 0.3901 0.0000 -0.9207
vn 0.0977 0.9683 -0.2300
vn -0.5738 -0.8171 -0.0552
vn -0.5785 -0.8156 -0.0035
vn -0.6547 -0.7559 0.0000
vn -0.6497 -0.7576 -0.0625
vn 0.3854 -0.1551 -0.9096
vn 0.5365 0.3096 -0.7850
vn 0.5575 0.1545 -0.8156
vn 0.3016 -0.8439 -0.4436
vn 0.5328 -0.3713 -0.7604
vn 0.5643 0.0000 -0.8256
vn 0.1417 0.9680 -0.2069
vn -0.4390 0.8808 0.1776
vn -0.3955 0.8814 0.2581
vn -0.2116 0.9675 0.1380
vn -0.2350 0.9673 0.0950
vn 0.5575 -0.1545 -0.8156
vn 0.2649 0.8831 -0.3872
vn 0.5365 -0.3096 -0.7850
vn 0.3663 0.7608 -0.5357
vn 0.4996 -0.4649 -0.7309
vn 0.4439 0.6175 -0.6493
vn 0.4439 -0.6175 -0.6493
vn 0.4996 0.4649 -0.7309
vn 0.3663 -0.7608 -0.5357
vn 0.6802 -0.3085 -0.6649
vn 0.6337 -0.4633 -0.6194
vn 0.4653 0.7595 -0.4546
vn 0.5635 0.6158 -0.5507
vn 0.5635 -0.6158 -0.5507
vn 0.6337 0.4633 -0.6194
vn 0.4653 -0.7595 -0.4546
vn 0.6802 0.3085 -0.6649
vn 0.3869 -0.8398 -0.3807
vn 0.7065 0.1539 -0.6907
vn 0.6689 -0.3860 -0.6352
vn 0.7150 0.0000 -0.6991
vn 0.1802 0.9678 -0.1758
vn 0.8709 -0.4181 -0.2581
vn 0.8822 -0.4450 -0.1540
vn 0.9790 0.0753 -0.1893
vn 0.9527 0.1127 -0.2823
vn 0.7065 -0.1539 -0.6907
vn 0.3367 0.8823 -0.3289
vn 0.4598 -0.8347 -0.3030
vn 0.7742 -0.4038 -0.4874
vn 0.8273 0.1532 -0.5404
vn 0.8372 0.0000 -0.5469
vn 0.2116 0.9675 -0.1380
vn 0.3668 0.3451 -0.8639
vn 0.1860 0.3646 -0.9124
vn 0.8273 -0.1532 -0.5404
vn 0.3955 0.8814 -0.2581
vn 0.7967 -0.3072 -0.5204
vn 0.5461 0.7581 -0.3565
vn 0.7426 -0.4617 -0.4850
vn 0.6607 0.6142 -0.4315
vn 0.6607 -0.6142 -0.4315
vn 0.7426 0.4617 -0.4850
vn 0.5461 -0.7581 -0.3565
vn 0.7967 0.3072 -0.5204
vn 0.8228 -0.4604 -0.3331
vn 0.7325 -0.6128 -0.2965
vn 0.7325 0.6128 -0.2965
vn 0.8228 0.4604 -0.3331
vn 0.6057 -0.7569 -0.2452
vn 0.8824 0.3062 -0.3573
vn 0.5175 -0.8289 -0.2125
vn 0.9160 0.1527 -0.3709
vn 0.8456 -0.4238 -0.3245
vn 0.9269 0.0000 -0.3753
vn 0.2350 0.9673 -0.0950
vn -0.6497 0.7576 -0.0625
vn -0.6547 0.7559 0.0000
vn -0.4747 0.8801 0.0000
vn -0.4687 0.8822 -0.0451
vn 0.9160 -0.1527 -0.3709
vn 0.4390 0.8808 -0.1776
vn 0.8824 -0.3062 -0.3573
vn 0.6057 0.7569 -0.2452
vn 0.2493 0.9672 -0.0484
vn 0.2376 0.9688 -0.0704
vn 0.5968 -0.5334 0.5994
vn 0.4663 -0.5433 0.6981
vn 0.5362 -0.3129 0.7839
vn 0.6890 -0.2687 0.6731
vn 0.9475 -0.1525 -0.2808
vn 0.9588 0.0000 -0.2841
vn 0.9816 0.0000 -0.1909
vn 0.9702 -0.1523 -0.1886
vn 0.4509 0.8825 -0.1336
vn 0.4657 0.8803 -0.0905
vn 0.9128 -0.3059 -0.2705
vn 0.9347 -0.3056 -0.1817
vn 0.6252 0.7581 -0.1853
vn 0.6423 0.7562 -0.1248
vn 0.8511 -0.4604 -0.2522
vn 0.8718 -0.4595 -0.1695
vn 0.7573 0.6133 -0.2244
vn 0.7764 0.6119 -0.1509
vn 0.7573 -0.6133 -0.2244
vn 0.7764 -0.6119 -0.1509
vn 0.8511 0.4603 -0.2522
vn 0.8718 0.4595 -0.1695
vn 0.6252 -0.7581 -0.1853
vn 0.6423 -0.7562 -0.1248
vn 0.9128 0.3059 -0.2705
vn 0.9347 0.3056 -0.1817
vn 0.5429 -0.8242 -0.1609
vn 0.5578 -0.8224 -0.1116
vn 0.9475 0.1525 -0.2808
vn 0.9702 0.1523 -0.1886
vn 0.8839 0.4598 -0.0851
vn 0.7867 0.6126 -0.0757
vn 0.7912 0.6116 0.0000
vn 0.8883 0.4592 0.0000
vn 0.6497 -0.7576 -0.0625
vn 0.7867 -0.6126 -0.0757
vn 0.7912 -0.6116 0.0000
vn 0.6547 -0.7559 0.0000
vn 0.9478 0.3055 -0.0912
vn 0.9522 0.3053 0.0000
vn 0.5738 -0.8171 -0.0552
vn 0.5785 -0.8156 -0.0035
vn 0.9838 0.1522 -0.0946
vn 0.9883 0.1522 0.0000
vn 0.8939 -0.4399 -0.0860
vn 0.8845 -0.4662 0.0171
vn 0.9954 0.0000 -0.0958
vn 1.0000 0.0000 0.0000
vn 0.2542 0.9671 0.0000
vn 0.2470 0.9687 -0.0237
vn 0.8543 -0.4864 0.1829
vn 0.7943 -0.5047 0.3381
vn 0.9166 -0.1484 0.3712
vn 0.9787 -0.0764 0.1907
vn 0.9838 -0.1522 -0.0946
vn 0.9883 -0.1522 0.0000
vn 0.4687 0.8822 -0.0451
vn 0.4747 0.8801 0.0000
vn 0.9478 -0.3055 -0.0912
vn 0.9522 -0.3053 0.0000
vn 0.6497 0.7576 -0.0625
vn 0.6547 0.7559 0.0000
vn 0.8839 -0.4598 -0.0851
vn 0.8883 -0.4592 0.0000
vn 0.9816 0.0000 0.1909
vn 0.9702 -0.1523 0.1886
vn 0.2493 0.9672 0.0484
vn 0.4657 0.8803 0.0905
vn 0.9347 -0.3056 0.1817
vn 0.6423 0.7562 0.1248
vn 0.8718 -0.4595 0.1695
vn 0.7764 0.6119 0.1509
vn 0.7764 -0.6119 0.1509
vn 0.8718 0.4595 0.1695
vn 0.6423 -0.7562 0.1248
vn 0.9347 0.3056 0.1817
vn 0.5781 -0.8086 0.1086
vn 0.9702 0.1523 0.1886
vn -0.4663 -0.5433 0.6981
vn -0.3201 -0.5502 0.7712
vn -0.2456 -0.7807 0.5745
vn -0.3522 -0.7845 0.5104
vn 0.7325 -0.6128 0.2965
vn 0.6057 -0.7569 0.2452
vn 0.8228 0.4604 0.3331
vn 0.8824 0.3062 0.3573
vn 0.5553 -0.8018 0.2207
vn 0.9160 0.1527 0.3709
vn 0.9269 0.0000 0.3753
vn 0.2350 0.9673 0.0949
vn -0.6423 0.7562 0.1248
vn -0.4657 0.8803 0.0905
vn 0.9160 -0.1527 0.3709
vn 0.4390 0.8808 0.1776
vn 0.8824 -0.3062 0.3573
vn 0.6057 0.7569 0.2452
vn 0.8228 -0.4604 0.3331
vn 0.7325 0.6128 0.2965
vn 0.2116 0.9675 0.1380
vn 0.3955 0.8814 0.2581
vn 0.8273 -0.1532 0.5404
vn 0.7967 -0.3072 0.5204
vn 0.5461 0.7581 0.3565
vn 0.7426 -0.4617 0.4850
vn 0.6607 0.6142 0.4315
vn 0.6607 -0.6142 0.4315
vn 0.7426 0.4617 0.4850
vn 0.5461 -0.7581 0.3565
vn 0.7967 0.3072 0.5204
vn 0.5095 -0.7953 0.3284
vn 0.8273 0.1532 0.5404
vn 0.7073 -0.5205 0.4782
vn 0.8372 0.0000 0.5469
vn 1.0000 -0.0006 0.0007
vn 0.9947 0.0382 -0.0957
vn 0.6337 0.4633 0.6194
vn 0.6802 0.3085 0.6649
vn 0.4653 -0.7595 0.4546
vn 0.4412 -0.7894 0.4267
vn 0.7065 0.1539 0.6907
vn 0.7150 0.0000 0.6991
vn 0.1802 0.9678 0.1758
vn 0.8187 0.2128 -0.5332
vn 0.6896 0.2685 -0.6725
vn 0.7065 -0.1539 0.6907
vn 0.3367 0.8823 0.3289
vn 0.6802 -0.3085 0.6649
vn 0.4653 0.7595 0.4546
vn 0.6337 -0.4633 0.6194
vn 0.5635 0.6158 0.5507
vn 0.5635 -0.6158 0.5507
vn 0.5575 -0.1545 0.8156
vn 0.5365 -0.3096 0.7850
vn 0.2649 0.8831 0.3872
vn 0.3663 0.7608 0.5357
vn 0.4996 -0.4649 0.7309
vn 0.4439 0.6175 0.6493
vn 0.4439 -0.6175 0.6493
vn 0.4996 0.4649 0.7309
vn 0.3663 -0.7608 0.5357
vn 0.5365 0.3096 0.7850
vn 0.3522 -0.7845 0.5104
vn 0.5575 0.1545 0.8156
vn 0.5643 0.0000 0.8256
vn 0.1417 0.9680 0.2069
vn -0.7912 0.6116 0.0000
vn -0.7764 0.6119 0.1509
vn 0.2527 -0.7620 0.5962
vn 0.2456 -0.7807 0.5745
vn 0.3708 0.3107 0.8752
vn 0.3854 0.1551 0.9096
vn 0.3901 0.0000 0.9207
vn 0.0977 0.9682 0.2300
vn -0.8718 0.4595 0.1695
vn -0.8228 0.4604 0.3331
vn -0.7325 0.6128 0.2965
vn 0.3854 -0.1551 0.9096
vn 0.1827 0.8838 0.4307
vn 0.3708 -0.3107 0.8752
vn 0.2527 0.7620 0.5962
vn 0.3452 -0.4662 0.8145
vn 0.3065 0.6189 0.7232
vn 0.3065 -0.6189 0.7232
vn 0.3452 0.4662 0.8145
vn 0.1895 -0.3114 0.9312
vn 0.1763 -0.4671 0.8664
vn 0.1290 0.7627 0.6337
vn 0.1565 0.6198 0.7689
vn 0.1565 -0.6198 0.7689
vn 0.1763 0.4671 0.8664
vn 0.1290 -0.7628 0.6337
vn 0.1895 0.3114 0.9312
vn 0.1262 -0.7784 0.6149
vn 0.1969 0.1555 0.9680
vn 0.1994 0.0000 0.9799
vn 0.0498 0.9684 0.2444
vn -0.9478 -0.3055 -0.0912
vn -0.9522 -0.3053 0.0000
vn -0.9883 -0.1522 0.0000
vn -0.9838 -0.1522 -0.0946
vn 0.1969 -0.1555 0.9680
vn 0.0932 0.8842 0.4576
vn 0.0000 -0.7776 0.6287
vn 0.0000 -0.5556 0.8314
vn 0.0000 0.1556 0.9878
vn 0.0000 0.0000 1.0000
vn 0.0000 0.9684 0.2492
vn 0.8180 -0.2134 0.5341
vn 0.0000 -0.1556 0.9878
vn 0.0000 0.8844 0.4667
vn 0.0000 -0.3117 0.9502
vn 0.0000 0.7630 0.6463
vn 0.0000 -0.4675 0.8840
vn 0.0000 0.6201 0.7844
vn 0.0000 -0.6201 0.7844
vn 0.0000 0.4675 0.8840
vn 0.0000 -0.7631 0.6463
vn 0.0000 0.3117 0.9502
vn -0.1565 -0.6198 -0.7689
vn -0.1763 -0.4671 -0.8664
vn -0.3665 -0.3448 0.8641
vn -0.1859 -0.3641 0.9126
vn -0.1629 -0.5542 0.8162
vn -0.5635 0.6158 0.5507
vn -0.4439 0.6175 0.6493
vn -0.3663 0.7608 0.5357
vn -0.4653 0.7595 0.4546
vn -0.9702 -0.1523 0.1886
vn -0.9160 -0.1527 0.3709
vn -0.9269 0.0000 0.3753
vn -0.9816 0.0000 0.1909
vn -0.0932 0.8842 -0.4576
vn -0.0498 0.9684 -0.2444
vn -0.1802 0.9678 0.1758
vn -0.1763 0.4671 -0.8664
vn -0.1565 0.6198 -0.7689
vn -0.1050 -0.8489 -0.5180
vn -0.1290 -0.7627 -0.6337
vn -0.1994 0.0000 -0.9799
vn -0.1969 0.1555 -0.9680
vn -0.1895 -0.3114 -0.9312
vn -0.1969 -0.1555 -0.9680
vn -0.8273 -0.1532 0.5404
vn -0.7065 -0.1539 0.6907
vn -0.7150 0.0000 0.6991
vn -0.8372 0.0000 0.5469
vn -0.3708 0.3107 0.8752
vn -0.1895 0.3114 0.9312
vn -0.1763 0.4671 0.8664
vn -0.3452 0.4662 0.8145
vn -0.8824 0.3062 0.3573
vn -0.7967 0.3072 0.5204
vn -0.7426 0.4617 0.4850
vn -0.6057 0.7569 0.2452
vn -0.1290 0.7627 -0.6337
vn -0.3065 -0.6189 -0.7232
vn -0.3452 -0.4662 -0.8145
vn -0.2066 -0.8470 -0.4898
vn -0.2527 -0.7620 -0.5962
vn -0.1903 -0.3537 -0.9158
vn -0.3708 -0.3604 -0.8559
vn -0.1827 0.8838 -0.4307
vn -0.0977 0.9683 -0.2300
vn -0.2527 0.7620 -0.5962
vn -0.3065 0.6189 -0.7232
vn -0.3452 0.4662 -0.8145
vn -0.1895 0.3114 -0.9312
vn -0.3708 0.3107 -0.8752
vn -0.3901 0.0000 -0.9207
vn -0.3854 0.1551 -0.9096
vn -0.3854 -0.1551 -0.9096
vn -0.3708 -0.3107 -0.8752
vn -0.4439 -0.6175 -0.6493
vn -0.4996 -0.4649 -0.7309
vn -0.5328 -0.3713 -0.7604
vn -0.3016 -0.8439 -0.4436
vn -0.2649 0.8831 -0.3872
vn -0.1417 0.9680 -0.2069
vn -0.3663 0.7608 -0.5357
vn -0.4439 0.6175 -0.6493
vn 0.0000 -0.3706 0.9288
vn -0.5365 0.3096 -0.7850
vn -0.4996 0.4649 -0.7309
vn -0.5575 0.1545 -0.8156
vn -0.5643 0.0000 -0.8256
vn -0.5575 -0.1545 -0.8156
vn -0.5365 -0.3096 -0.7850
vn 0.0000 0.3710 -0.9286
vn -0.9160 0.1527 0.3709
vn -0.8273 0.1532 0.5404
vn -0.3663 -0.7608 -0.5357
vn -0.4653 -0.7595 -0.4546
vn -0.5635 -0.6158 -0.5507
vn -0.7065 0.1539 -0.6907
vn -0.6802 0.3085 -0.6649
vn -0.8709 -0.4181 -0.2581
vn -0.9527 0.1127 -0.2823
vn -0.9790 0.0753 -0.1893
vn -0.8822 -0.4450 -0.1540
vn -0.6337 0.4633 -0.6194
vn -0.5635 0.6158 -0.5507
vn -0.7073 -0.5205 0.4782
vn -0.5968 -0.5334 0.5994
vn -0.4412 -0.7894 0.4267
vn -0.5095 -0.7953 0.3284
vn -0.8845 -0.4662 0.0171
vn -0.8543 -0.4864 0.1829
vn -0.5781 -0.8086 0.1086
vn 0.1504 -0.1957 0.9691
vn 0.1531 -0.1285 0.9798
vn 0.6042 -0.2684 0.7502
vn 0.5940 -0.2848 0.7524
vn -0.8824 -0.3062 0.3573
vn -0.7967 -0.3072 0.5204
vn -0.3385 0.2917 0.8946
vn -0.1241 0.8446 0.5208
vn -0.0666 0.8161 0.5740
vn -0.1705 0.2515 0.9527
vn -0.3869 -0.8398 -0.3807
vn -0.6337 -0.4633 -0.6194
vn -0.9588 0.0000 -0.2841
vn -0.9816 0.0000 -0.1909
vn -0.9702 0.1523 -0.1886
vn -0.9475 0.1525 -0.2808
vn -0.7150 0.0000 -0.6991
vn -0.6607 0.6142 -0.4315
vn -0.5461 0.7581 -0.3565
vn -0.4653 0.7595 -0.4546
vn -0.7065 -0.1539 -0.6907
vn -0.8372 0.0000 -0.5469
vn -0.8273 0.1532 -0.5404
vn -0.3367 0.8823 -0.3289
vn -0.3955 0.8814 -0.2581
vn -0.2116 0.9675 -0.1380
vn -0.1802 0.9678 -0.1758
vn -0.7426 -0.4617 -0.4850
vn -0.7967 -0.3072 -0.5204
vn -0.6802 -0.3085 -0.6649
vn -0.5461 -0.7581 -0.3565
vn -0.6057 -0.7569 -0.2452
vn -0.7325 -0.6128 -0.2965
vn -0.6607 -0.6142 -0.4315
vn -0.7742 -0.4038 -0.4874
vn -0.8456 -0.4238 -0.3245
vn -0.5175 -0.8289 -0.2125
vn -0.4598 -0.8347 -0.3030
vn -0.6607 0.6142 0.4315
vn -0.5461 0.7581 0.3565
vn -0.8228 -0.4604 0.3331
vn -0.7426 -0.4617 0.4850
vn -0.7426 0.4617 -0.4850
vn -0.8228 0.4604 -0.3331
vn -0.7325 0.6128 -0.2965
vn -0.7967 0.3072 -0.5204
vn -0.8824 0.3062 -0.3573
vn -0.9160 0.1527 -0.3709
vn -0.8273 -0.1532 -0.5404
vn -0.9160 -0.1527 -0.3709
vn -0.9269 0.0000 -0.3753
vn -0.8824 -0.3062 -0.3573
vn -0.6689 -0.3860 -0.6352
vn -0.5553 -0.8018 0.2207
vn -0.5461 -0.7581 0.3565
vn -0.6057 -0.7569 0.2452
vn 0.5368 0.3130 -0.7835
vn -0.7325 -0.6128 0.2965
vn -0.6607 -0.6142 0.4315
vn -0.1860 0.3646 -0.9124
vn -0.3668 0.3451 -0.8639
vn -0.7764 -0.6119 0.1509
vn -0.8718 -0.4595 0.1695
vn 0.9172 0.1476 -0.3701
vn -0.2527 0.7620 0.5962
vn -0.1827 0.8838 0.4307
vn -0.2649 0.8831 0.3872
vn -0.7065 0.1539 0.6907
vn 0.4955 -0.8329 -0.2465
vn 0.7938 -0.5786 -0.1870
vn 0.7454 -0.5841 -0.3212
vn 0.2335 -0.9679 -0.0923
vn -0.6802 0.3085 0.6649
vn -0.6337 0.4633 0.6194
vn -0.2350 0.9673 -0.0950
vn -0.6129 0.0324 -0.7895
vn -0.5662 -0.0303 -0.8237
vn -0.7256 0.0387 -0.6869
vn -0.7420 0.1020 -0.6626
vn -0.3048 0.0414 0.9515
vn -0.3042 -0.0317 0.9521
vn -0.1581 -0.0580 0.9857
vn -0.1585 0.0176 0.9872
vn -0.3367 0.8823 0.3289
vn -0.0788 -0.0427 0.9960
vn 0.0786 -0.0126 0.9968
vn 0.6452 -0.2757 0.7125
vn 0.3472 -0.2000 0.9162
vn -0.2493 0.9672 0.0484
vn -0.5575 -0.1545 0.8156
vn -0.5643 0.0000 0.8256
vn -0.9347 -0.3056 0.1817
vn -0.4390 0.8808 -0.1776
vn -0.8717 0.1164 -0.4760
vn -0.8673 0.1322 -0.4798
vn -0.8715 0.1178 -0.4759
vn -0.6897 0.2685 -0.6725
vn -0.8187 0.2128 -0.5332
vn -0.7943 -0.5047 0.3381
vn -0.4939 0.0033 -0.8695
vn -0.4887 -0.1222 -0.8638
vn -0.6377 -0.0901 -0.7649
vn -0.6421 0.0273 -0.7661
vn 0.6567 -0.1946 -0.7286
vn 0.6253 -0.3434 -0.7008
vn 0.1827 -0.2775 -0.9432
vn 0.1907 -0.1214 -0.9741
vn -0.8861 0.1380 -0.4425
vn -0.8812 0.1027 -0.4614
vn -0.8809 0.1059 -0.4613
vn -0.8858 0.1400 -0.4423
vn -0.1570 -0.1175 0.9806
vn -0.1616 -0.0299 0.9864
vn -0.7147 0.0384 0.6983
vn -0.7167 -0.0091 0.6973
vn -0.4987 -0.0442 0.8657
vn -0.4989 0.0031 0.8666
vn -0.6423 -0.7562 0.1248
vn -0.9690 0.1831 -0.1658
vn -0.9832 0.0789 -0.1645
vn -0.9832 0.0787 -0.1645
vn -0.9691 0.1823 -0.1658
vn 0.4303 -0.8980 -0.0916
vn 0.4364 -0.8961 -0.0804
vn 0.3804 -0.8624 -0.3339
vn 0.3568 -0.8485 -0.3907
vn -0.1380 -0.0622 -0.9885
vn -0.1346 -0.2087 -0.9687
vn -0.3505 -0.1555 -0.9236
vn -0.3558 -0.0214 -0.9343
vn -0.9728 0.1613 -0.1664
vn -0.9771 0.1275 -0.1704
vn -0.9916 0.1294 0.0024
vn -0.9865 0.1637 0.0033
vn -0.8511 0.0622 0.5213
vn -0.8531 0.0119 0.5216
vn -0.8733 0.0623 -0.4831
vn -0.8744 -0.0386 -0.4837
vn -0.9403 -0.0244 -0.3394
vn -0.9399 0.0708 -0.3339
vn -0.9840 0.0256 -0.1759
vn -0.9796 0.1027 -0.1727
vn -0.9953 0.0962 0.0114
vn -0.9995 0.0326 -0.0020
vn -0.8456 0.1290 0.5179
vn -0.7113 0.1070 0.6946
vn 0.9128 -0.2229 -0.3421
vn 0.8765 -0.3484 -0.3322
vn -0.9840 0.0505 -0.1707
vn -0.9840 0.0509 -0.1707
vn 0.9786 -0.2034 -0.0293
vn 0.9859 -0.1658 -0.0200
vn 0.9255 -0.1559 -0.3452
vn 0.9160 -0.2644 -0.3015
vn -0.9351 0.1283 -0.3301
vn -0.9406 0.1185 -0.3180
vn -0.8016 0.0730 -0.5934
vn -0.7508 0.0726 -0.6565
vn -0.8146 0.1012 -0.5712
vn -0.8443 0.0906 -0.5282
vn -0.7224 0.0570 0.6890
vn -0.5068 0.0375 0.8612
vn 0.6283 -0.1138 0.7696
vn 0.6317 -0.1358 0.7632
vn 0.9090 -0.1270 0.3970
vn 0.9107 -0.0609 0.4084
vn -0.3452 -0.4662 0.8145
vn -0.1763 -0.4671 0.8664
vn -0.1895 -0.3114 0.9312
vn -0.3708 -0.3107 0.8752
vn 0.1964 -0.1340 -0.9713
vn 0.1899 -0.1583 -0.9689
vn -0.1383 -0.1108 -0.9842
vn -0.1442 -0.0908 -0.9854
vn -0.6765 0.3638 -0.6402
vn -0.7050 0.2738 -0.6542
vn -0.7880 0.2561 -0.5598
vn -0.7598 0.3631 -0.5394
vn 0.9973 -0.0678 -0.0271
vn 0.9998 0.0172 -0.0136
vn -0.4141 -0.1049 -0.9041
vn -0.3682 -0.0291 -0.9293
vn -0.5081 0.0033 -0.8613
vn -0.6670 0.0407 -0.7439
vn 0.6875 0.1986 -0.6984
vn 0.6775 0.1571 -0.7185
vn 0.1978 0.2730 -0.9414
vn 0.1935 0.3000 -0.9341
vn 0.1498 -0.1153 0.9819
vn 0.6359 -0.1536 0.7563
vn 0.9065 -0.1616 0.3900
vn 0.1523 -0.0894 0.9843
vn 0.1211 0.5699 0.8127
vn 0.5806 0.4586 0.6727
vn 0.6142 -0.1539 0.7739
vn -0.8223 0.3587 -0.4417
vn -0.8595 0.2370 -0.4528
vn -0.9246 0.2115 -0.3169
vn -0.8906 0.3430 -0.2987
vn 0.1966 0.0064 -0.9804
vn -0.1454 0.0565 -0.9878
vn -0.8228 -0.4604 -0.3331
vn -0.4880 0.3023 -0.8188
vn -0.5155 0.0812 -0.8530
vn -0.6615 0.0879 -0.7447
vn -0.6325 0.2855 -0.7200
vn -0.7175 0.0270 0.6960
vn -0.6397 0.5130 0.5724
vn -0.4284 0.5520 0.7153
vn -0.5010 0.0053 0.8654
vn 0.9774 -0.2099 -0.0221
vn 0.9879 -0.1527 -0.0263
vn 0.9329 -0.1388 -0.3322
vn 0.9158 -0.2113 -0.3415
vn 0.6748 -0.1740 -0.7172
vn 0.6581 -0.2077 -0.7237
vn -0.1728 -0.2004 -0.9644
vn -0.1569 -0.0805 -0.9843
vn -0.1565 0.6198 0.7689
vn -0.3065 0.6189 0.7232
vn 0.9052 -0.3357 -0.2604
vn 0.7281 -0.4100 -0.5492
vn 0.6095 -0.3283 -0.7215
vn 0.1703 -0.1734 -0.9700
vn 0.3543 -0.3338 -0.8735
vn -0.6890 -0.2687 0.6731
vn -0.5362 -0.3129 0.7839
vn -0.7707 0.5540 0.3148
vn -0.2370 0.9549 0.1788
vn -0.2232 0.9369 0.2692
vn -0.7211 0.4872 0.4925
vn -0.8854 0.0892 -0.4562
vn -0.9426 0.0853 -0.3227
vn -0.9787 -0.0764 0.1907
vn -0.9166 -0.1484 0.3712
vn -0.7175 -0.0204 -0.6962
vn -0.7187 0.1033 -0.6876
vn -0.8072 0.1078 -0.5803
vn -0.8031 -0.0087 -0.5958
vn -0.3190 -0.0536 0.9462
vn -0.3247 -0.0525 0.9443
vn -0.1696 -0.0717 0.9829
vn -0.1658 -0.0706 0.9836
vn -0.4653 -0.7595 0.4546
vn -0.5635 -0.6158 0.5507
vn -0.7912 -0.6116 0.0000
vn -0.1631 -0.0862 0.9828
vn 0.1584 -0.1037 0.9819
vn 0.1539 -0.1136 0.9815
vn -0.2376 0.9688 -0.0704
vn -0.2493 0.9672 -0.0484
vn -0.8636 0.0460 0.5020
vn -0.8687 0.0289 0.4944
vn -0.7401 0.0062 0.6724
vn -0.7351 0.0143 0.6777
vn -0.9883 0.1520 -0.0056
vn -0.9975 0.0705 -0.0084
vn -0.9498 0.0469 0.3092
vn -0.9456 0.0863 0.3138
vn -0.6057 0.7569 -0.2452
vn -0.8533 0.0394 0.5199
vn -0.8984 0.2162 0.3823
vn -0.9702 0.1523 0.1886
vn -0.7573 -0.6133 -0.2244
vn -0.7764 -0.6119 -0.1509
vn -0.8718 -0.4595 -0.1695
vn -0.8511 -0.4604 -0.2522
vn -0.7373 0.0904 -0.6694
vn -0.8138 0.0902 -0.5740
vn -0.6252 0.7581 -0.1853
vn -0.6423 0.7562 -0.1248
vn -0.4657 0.8803 -0.0905
vn -0.4509 0.8825 -0.1336
vn -0.3062 -0.0198 0.9518
vn -0.2648 0.5636 0.7824
vn -0.1361 0.5470 0.8260
vn -0.1591 -0.0401 0.9864
vn 0.9893 -0.1427 -0.0286
vn -0.8511 0.4603 -0.2522
vn -0.8718 0.4595 -0.1695
vn -0.7764 0.6119 -0.1509
vn -0.7573 0.6133 -0.2244
vn -0.9478 0.3055 -0.0912
vn -0.9522 0.3053 0.0000
vn -0.8883 0.4592 0.0000
vn -0.8839 0.4598 -0.0851
vn -0.7421 0.6658 -0.0765
vn -0.2408 0.9697 -0.0415
vn -0.2472 0.9689 0.0000
vn -0.7415 0.6706 -0.0233
vn -0.7867 -0.6126 -0.0757
vn -0.9425 0.0402 0.3318
vn -0.9481 0.0902 0.3049
vn -0.3563 -0.0756 -0.9313
vn -0.3641 0.0811 -0.9278
vn -0.5020 0.0924 -0.8599
vn -0.4945 -0.0538 -0.8675
vn -0.8883 -0.4592 0.0000
vn -0.8839 -0.4598 -0.0851
vn 0.1582 -0.1119 0.9810
vn -0.9128 -0.3059 -0.2705
vn -0.9347 -0.3056 -0.1817
vn -0.9702 -0.1523 -0.1886
vn -0.9475 -0.1525 -0.2808
vn -0.5429 -0.8242 -0.1609
vn -0.5578 -0.8224 -0.1116
vn -0.6423 -0.7562 -0.1248
vn -0.6252 -0.7581 -0.1853
vn -0.9347 0.3056 -0.1817
vn -0.9128 0.3059 -0.2705
vn -0.2013 0.9111 0.3596
vn -0.6269 0.4181 0.6574
vn -0.8939 -0.4399 -0.0860
vn -0.9947 0.0382 -0.0957
vn -1.0000 -0.0006 0.0007
vn -0.1363 0.3078 -0.9416
vn -0.1461 0.0493 -0.9880
vn -0.3752 0.0716 -0.9241
vn -0.3524 0.3122 -0.8822
vn -0.9883 0.1522 0.0000
vn -0.9347 0.3056 0.1817
vn -0.9838 0.1522 -0.0946
vn -0.2470 0.9687 -0.0237
vn -0.2542 0.9671 0.0000
vn -1.0000 0.0000 0.0000
vn -0.9954 0.0000 -0.0958
vn -0.7867 0.6126 -0.0757
vn -0.4996 0.4649 0.7309
vn -0.2527 -0.7620 0.5962
vn -0.3663 -0.7608 0.5357
vn -0.1417 0.9680 0.2069
vn -0.0977 0.9682 0.2300
vn -0.8472 0.1166 0.5183
vn -0.7001 0.1161 0.7046
vn -0.5575 0.1545 0.8156
vn 0.9109 0.1989 -0.3615
vn 0.8052 0.2874 -0.5187
vn -0.5365 0.3096 0.7850
vn 0.1844 -0.3137 -0.9314
vn -0.1387 -0.2259 -0.9642
vn 0.6705 0.3602 -0.6485
vn 0.5162 0.4161 -0.7486
vn 0.0000 -0.4796 0.8775
vn 0.1754 -0.4725 0.8637
vn 0.3497 0.4551 -0.8189
vn 0.3475 -0.4509 0.8221
vn -0.5365 -0.3096 0.7850
vn -0.3854 -0.1551 0.9096
vn 0.1763 0.4781 -0.8604
vn 0.5123 -0.4144 0.7522
vn 0.6648 -0.3622 0.6532
vn -0.6337 -0.4633 0.6194
vn -0.6802 -0.3085 0.6649
vn 0.7983 -0.2940 0.5256
vn 0.9044 -0.2102 0.3713
vn -0.3901 0.0000 0.9207
vn -0.3854 0.1551 0.9096
vn 0.9741 -0.1134 0.1955
vn 0.0000 0.4856 -0.8741
vn 0.9999 -0.0083 0.0068
vn -0.9755 0.1346 -0.1738
vn -0.9732 0.1491 -0.1748
vn -0.9885 0.1511 -0.0001
vn -0.9905 0.1373 0.0007
vn 0.9940 0.0536 -0.0956
vn -0.1290 -0.7628 0.6337
vn -0.1565 -0.6198 0.7689
vn -0.3065 -0.6189 0.7232
vn 0.9782 0.0982 -0.1830
vn 0.9469 0.1569 -0.2806
vn 0.1082 0.7575 -0.6438
vn 0.0000 0.7544 -0.6564
vn 0.7754 0.6160 0.1390
vn 0.7415 0.6706 -0.0233
vn -0.4996 -0.4649 0.7309
vn 0.7421 0.6658 -0.0765
vn -0.7142 -0.0728 -0.6961
vn -0.7203 -0.0811 -0.6889
vn -0.8066 -0.0628 -0.5877
vn -0.7992 -0.0569 -0.5983
vn 0.6792 0.7151 -0.1653
vn 0.6725 0.7083 -0.2143
vn 0.8828 -0.2830 0.3749
vn 0.8959 -0.1517 0.4175
vn 0.5996 0.7474 -0.2862
vn 0.5099 0.7678 -0.3878
vn -0.4439 -0.6175 0.6493
vn 0.4155 0.7761 -0.4743
vn 0.3174 0.7741 -0.5478
vn 0.0000 0.2375 0.9714
vn 0.1705 0.2515 0.9527
vn -0.1262 -0.7784 0.6149
vn 0.2148 0.7657 -0.6062
vn 0.3385 0.2917 0.8946
vn 0.4951 0.3506 0.7949
vn 0.6269 0.4181 0.6574
vn -0.1290 0.7627 0.6337
vn 0.7211 0.4872 0.4925
vn 0.7707 0.5540 0.3148
vn 0.2373 0.9633 -0.1257
vn 0.2444 0.9656 -0.0889
vn 0.6096 0.7562 -0.2378
vn 0.5555 0.7225 -0.4115
vn -0.5411 0.8408 -0.0148
vn -0.4069 0.9134 -0.0129
vn -0.3826 0.9116 0.1500
vn -0.5096 0.8452 0.1610
vn -0.9741 -0.1134 0.1955
vn -0.9044 -0.2102 0.3713
vn 0.2232 0.9369 -0.2692
vn 0.2377 0.9547 -0.1791
vn 0.5721 0.6344 -0.5197
vn 0.4768 0.6137 -0.6293
vn 0.2194 -0.8437 0.4899
vn 0.6648 -0.2084 0.7173
vn 0.8042 -0.1401 -0.5776
vn 0.6991 -0.4959 -0.5151
vn -0.9450 0.0415 -0.3244
vn 0.2013 0.9111 -0.3596
vn 0.3657 0.5906 -0.7193
vn -0.4723 -0.7696 -0.4297
vn -0.5859 -0.2477 -0.7715
vn 0.8006 -0.3398 -0.4935
vn 0.4253 -0.8490 -0.3135
vn 0.1690 0.8790 -0.4459
vn 0.2700 0.5508 -0.7898
vn -0.9998 0.0198 -0.0063
vn -0.9749 -0.2219 0.0182
vn -0.4185 -0.3587 0.8343
vn -0.4292 -0.0552 0.9015
vn -0.9420 0.0146 -0.3353
vn -0.9418 0.1072 -0.3185
vn -0.9796 0.1030 -0.1727
vn 0.1241 0.8446 -0.5208
vn 0.1790 0.5144 -0.8386
vn 0.0666 0.8161 0.5740
vn 0.0000 0.8047 0.5937
vn 0.0000 0.4783 0.8782
vn 0.0893 0.4881 0.8682
vn -0.7346 0.2856 0.6154
vn -0.7656 0.1469 0.6263
vn -0.5958 0.1345 0.7917
vn -0.5734 0.2547 0.7786
vn 0.0666 0.8161 -0.5740
vn 0.0895 0.4881 -0.8682
vn 0.1241 0.8446 0.5208
vn 0.1785 0.5144 0.8387
vn -0.3640 0.8156 0.4497
vn -0.5262 0.7499 0.4008
vn -0.4715 0.4595 0.7526
vn -0.3098 0.5417 0.7814
vn 0.1690 0.8790 0.4459
vn 0.2693 0.5507 0.7900
vn 0.0000 0.8047 -0.5937
vn 0.0000 0.4783 -0.8782
vn -0.4283 0.2312 0.8735
vn -0.4440 0.1252 0.8872
vn -0.3139 0.1193 0.9419
vn -0.3034 0.2154 0.9282
vn 0.2013 0.9111 0.3596
vn 0.3648 0.5905 0.7198
vn 0.2232 0.9369 0.2692
vn 0.4684 0.6284 0.6210
vn -0.8605 -0.4881 0.1455
vn -0.5347 0.0146 0.8449
vn 0.2370 0.9549 0.1788
vn 0.5792 0.6604 0.4780
vn -0.9677 0.1939 -0.1608
vn -0.9728 0.1610 -0.1664
vn -0.9675 0.1949 -0.1608
vn 0.2448 0.9654 0.0892
vn 0.6968 0.6682 0.2608
vn -0.2448 0.9654 0.0892
vn -0.7754 0.6160 0.1390
vn 0.2472 0.9689 0.0000
vn 0.7466 0.6638 0.0428
vn -0.9840 0.1499 -0.0956
vn -0.9848 0.1731 -0.0123
vn 0.2408 0.9697 -0.0415
vn 0.6644 0.7439 -0.0707
vn -0.0498 0.9684 0.2444
vn -0.6062 0.7650 -0.2175
vn -0.6259 0.7595 -0.1772
vn -0.6417 0.7657 -0.0446
vn -0.6360 0.7682 -0.0728
vn 0.4444 0.1251 -0.8870
vn 0.3143 0.1192 -0.9418
vn -0.2615 0.8585 -0.4410
vn -0.3783 0.8710 -0.3134
vn -0.4692 0.8818 -0.0473
vn -0.3781 0.9242 -0.0537
vn 0.2008 0.1158 -0.9727
vn 0.0947 0.2002 0.9752
vn 0.0000 0.1985 0.9801
vn 0.0000 0.1135 0.9935
vn 0.0978 0.1140 0.9886
vn 0.0979 0.1140 -0.9886
vn 0.1942 0.2055 0.9592
vn 0.2006 0.1158 0.9728
vn -0.9321 -0.0584 -0.3574
vn -0.9320 -0.0874 -0.3518
vn -0.9783 -0.0885 -0.1874
vn -0.9797 -0.0595 -0.1912
vn 0.3034 0.2154 0.9282
vn 0.3139 0.1193 0.9419
vn -0.9109 0.1989 -0.3615
vn -0.5996 0.7474 -0.2862
vn -0.6725 0.7083 -0.2143
vn -0.9469 0.1569 -0.2806
vn 0.4283 0.2312 0.8735
vn 0.4440 0.1252 0.8872
vn -0.7817 -0.0781 -0.6187
vn -0.7877 -0.0640 -0.6127
vn -0.8631 -0.0674 -0.5005
vn -0.8583 -0.0822 -0.5065
vn 0.5734 0.2547 0.7786
vn 0.5958 0.1345 0.7917
vn -0.0932 0.8842 0.4576
vn 0.7346 0.2856 0.6154
vn 0.7656 0.1469 0.6263
vn 0.9116 0.3343 0.2389
vn 0.9100 0.1969 0.3648
vn -0.5792 0.6604 0.4780
vn -0.4684 0.6284 0.6210
vn 0.2752 -0.9424 0.1903
vn 0.1255 -0.9880 -0.0897
vn -0.4576 -0.8793 -0.1321
vn -0.2431 -0.9386 0.2448
vn -0.3503 0.1711 -0.9209
vn -0.6048 0.1702 -0.7779
vn -0.6050 -0.0462 -0.7949
vn -0.3771 -0.0934 -0.9214
vn 0.3640 0.8156 0.4497
vn 0.3098 0.5417 0.7814
vn 0.4715 0.4595 0.7526
vn 0.5262 0.7499 0.4008
vn -0.3648 0.5905 0.7198
vn 0.3501 -0.1307 0.9275
vn 0.4172 -0.2722 0.8671
vn 0.2589 -0.3727 0.8911
vn 0.2988 -0.1440 0.9434
vn -0.8853 0.0897 -0.4562
vn -0.8591 0.2391 -0.4525
vn 0.0000 0.1135 -0.9935
vn 0.0309 0.4611 -0.8867
vn 0.1476 0.7578 -0.6355
vn 0.2438 0.7709 -0.5884
vn 0.0028 0.4884 -0.8726
vn 0.1024 -0.8626 -0.4953
vn 0.4841 -0.7765 -0.4033
vn 0.5124 -0.6067 -0.6077
vn 0.1657 -0.6953 -0.6993
vn -0.5174 0.1246 -0.8466
vn -0.5359 0.0680 -0.8415
vn 0.6048 0.1702 -0.7779
vn -0.6968 0.6682 0.2608
vn -0.7466 0.6638 0.0428
vn 0.3170 0.0223 0.9481
vn 0.2026 0.0255 0.9789
vn 0.2066 0.0081 0.9784
vn 0.3229 0.0017 0.9464
vn 0.4482 0.0179 0.8937
vn 0.4557 -0.0074 0.8901
vn -0.6295 0.7769 0.0062
vn -0.6410 0.7672 0.0211
vn -0.6324 0.7664 0.1124
vn -0.6165 0.7781 0.1203
vn 0.6016 0.0127 0.7987
vn 0.6097 -0.0194 0.7924
vn -0.8194 -0.1466 0.5542
vn -0.4172 -0.2722 0.8671
vn -0.4557 -0.6783 0.5763
vn -0.9279 -0.3024 0.2177
vn 0.7737 0.0071 0.6335
vn 0.7801 -0.0340 0.6247
vn -0.2373 0.9633 -0.1257
vn -0.2444 0.9656 -0.0889
vn -0.6792 0.7151 -0.1653
vn 0.9203 -0.0017 0.3912
vn 0.9331 -0.0501 0.3560
vn 0.4557 -0.6783 0.5763
vn -0.0782 -0.8437 0.5310
vn -0.2015 -0.4445 -0.8728
vn -0.1558 -0.2204 -0.9629
vn -0.4015 -0.2066 -0.8922
vn -0.4916 -0.4693 -0.7335
vn -0.9395 0.2979 0.1688
vn -0.9075 -0.3814 0.1757
vn 0.1867 -0.7963 -0.5753
vn -0.9194 0.0161 -0.3929
vn 0.2615 0.8585 -0.4410
vn 0.3781 0.9242 -0.0537
vn 0.4692 0.8818 -0.0473
vn 0.3783 0.8710 -0.3134
vn -0.9172 0.1476 -0.3701
vn 0.1004 -0.0160 -0.9948
vn 0.0000 -0.0149 -0.9999
vn -0.0890 0.1953 -0.9767
vn -0.1786 0.2258 -0.9576
vn -0.7238 0.1429 0.6750
vn -0.5163 0.1199 0.8480
vn -0.5059 0.2106 -0.8365
vn -0.4760 0.3522 -0.8058
vn -0.6132 0.3612 -0.7024
vn -0.6451 0.2439 -0.7241
vn 0.6050 -0.0462 -0.7949
vn 0.4537 -0.0320 -0.8905
vn 0.6234 -0.4036 -0.6697
vn 0.5682 -0.8193 -0.0768
vn 0.5555 -0.8282 -0.0740
vn 0.5479 -0.8175 -0.1774
vn 0.5567 -0.8094 -0.1872
vn 0.3215 -0.0245 -0.9466
vn -0.3749 0.6077 0.7001
vn -0.4487 0.5784 0.6812
vn -0.1258 0.3255 0.9371
vn -0.1039 0.3586 0.9277
vn 0.2057 -0.0192 -0.9784
vn 0.0988 0.0275 0.9947
vn 0.0000 0.0282 0.9996
vn 0.0000 0.0130 0.9999
vn 0.1008 0.0117 0.9948
vn 0.2564 -0.9642 0.0677
vn 0.5817 -0.8126 0.0371
vn 0.2382 -0.9696 -0.0550
vn -0.5323 0.8249 0.1903
vn -0.4673 0.8278 0.3104
vn -0.4783 0.8022 0.3573
vn 0.6132 -0.0444 0.7886
vn 0.7815 -0.0605 0.6210
vn 0.6929 -0.0854 -0.7159
vn 0.9318 -0.0771 0.3548
vn -0.1686 -0.0253 0.9854
vn 0.1449 -0.0660 0.9872
vn 0.9982 -0.0595 -0.0031
vn 0.9961 -0.0879 0.0017
vn -0.4498 0.3959 -0.8005
vn -0.4501 0.4973 -0.7416
vn -0.5340 0.6961 -0.4798
vn -0.5634 0.6455 -0.5156
vn 0.9797 -0.0599 -0.1911
vn 0.9782 -0.0887 -0.1874
vn 0.5733 0.3169 0.7555
vn 0.6796 0.5036 0.5334
vn 0.9171 0.2298 0.3258
vn 0.7945 0.1105 0.5971
vn 0.8560 -0.0561 -0.5138
vn 0.9321 -0.0584 -0.3574
vn 0.9320 -0.0874 -0.3518
vn 0.8582 -0.0828 -0.5065
vn 0.4327 -0.8888 0.1508
vn 0.2838 -0.9523 0.1118
vn 0.2659 -0.9588 0.0994
vn 0.4124 -0.9017 0.1295
vn 0.1022 -0.0397 -0.9940
vn 0.0000 -0.0386 -0.9992
vn 0.6907 -0.0552 -0.7210
vn 0.7817 -0.0546 -0.6212
vn 0.7817 -0.0781 -0.6187
vn 0.6914 -0.0717 -0.7189
vn -0.9727 -0.2237 0.0608
vn -0.4971 0.1556 0.8536
vn 0.5529 -0.4005 0.7306
vn 0.3108 -0.9486 0.0585
vn 0.6134 -0.0664 -0.7870
vn 0.4600 -0.0565 -0.8861
vn -0.3665 0.8374 -0.4054
vn -0.4024 0.8357 -0.3738
vn -0.4778 0.8621 -0.1686
vn -0.4221 0.8889 -0.1776
vn 0.4154 -0.2109 -0.8848
vn 0.5236 -0.1925 -0.8299
vn 0.1078 0.3620 -0.9259
vn -0.0328 0.3987 -0.9165
vn 0.3267 -0.0485 -0.9438
vn -0.9756 0.1343 -0.1738
vn 0.2094 -0.0430 -0.9769
vn 0.0000 -0.0107 0.9999
vn 0.1022 -0.0119 0.9947
vn -0.1476 0.7578 -0.6355
vn -0.2438 0.7709 -0.5884
vn 0.2094 -0.0156 0.9777
vn 0.3267 -0.0220 0.9449
vn -0.3871 0.8742 0.2932
vn -0.5199 0.8218 0.2332
vn 0.4599 -0.0315 0.8874
vn -0.4974 -0.1291 -0.8578
vn -0.6466 -0.0969 -0.7566
vn -0.6250 0.7284 -0.2807
vn -0.6096 0.7562 -0.2378
vn -0.5555 0.7225 -0.4115
vn -0.5022 0.6386 -0.5831
vn 0.9974 -0.0716 -0.0011
vn 0.9801 -0.0723 -0.1845
vn -0.6823 0.6403 0.3527
vn -0.7886 0.4853 0.3775
vn 0.9348 -0.0709 -0.3481
vn 0.8630 -0.0678 -0.5005
vn 0.1042 -0.0354 -0.9939
vn 0.0000 -0.0346 -0.9994
vn 0.7877 -0.0640 -0.6127
vn 0.6982 -0.0595 -0.7134
vn -0.1969 -0.1555 0.9680
vn -0.1994 0.0000 0.9799
vn 0.6208 -0.0554 -0.7820
vn 0.4670 -0.0479 -0.8829
vn -0.3174 0.7741 -0.5478
vn -0.1690 0.8790 -0.4459
vn -0.2013 0.9111 -0.3596
vn -0.4155 0.7761 -0.4743
vn 0.3324 -0.0420 -0.9422
vn -0.3475 -0.4509 0.8221
vn -0.1754 -0.4725 0.8637
vn -0.9445 0.0539 0.3240
vn -0.8600 0.0455 0.5083
vn 0.2132 -0.0378 -0.9763
vn 0.0000 -0.0146 0.9999
vn 0.1043 -0.0155 0.9944
vn 0.4901 -0.7502 -0.4437
vn 0.3937 -0.8094 -0.4357
vn 0.2869 -0.6986 -0.6554
vn 0.3927 -0.6396 -0.6608
vn 0.2135 -0.0183 0.9767
vn -0.1969 0.1555 0.9680
vn 0.3329 -0.0231 0.9427
vn 0.4678 -0.0303 0.8833
vn -0.5650 0.7844 0.2558
vn -0.5762 0.7840 0.2311
vn -0.3594 0.6525 0.6671
vn -0.4436 0.6660 0.5997
vn 0.6219 -0.0401 0.7820
vn -0.6904 0.7089 0.1441
vn 0.7891 -0.0520 0.6121
vn -0.0609 0.3737 0.9255
vn -0.0998 0.4274 0.8985
vn 0.0482 0.2015 0.9783
vn 0.0379 0.2301 0.9724
vn 0.9359 -0.0641 0.3464
vn -0.6424 -0.4551 -0.6166
vn -0.5531 -0.2756 -0.7862
vn 0.0818 -0.4324 -0.8979
vn 0.0830 -0.4594 -0.8843
vn -0.2422 0.0351 -0.9696
vn -0.1878 -0.0190 -0.9820
vn -0.0666 0.8161 -0.5740
vn -0.1082 0.7575 -0.6438
vn 0.6427 0.0056 -0.7660
vn 0.4885 0.0307 -0.8720
vn -0.8816 0.0311 -0.4708
vn -0.8759 0.0037 -0.4824
vn 0.1558 -0.2204 -0.9629
vn 0.4015 -0.2066 -0.8922
vn 0.1786 0.2258 -0.9576
vn 0.0890 0.1953 -0.9767
vn 0.3466 0.0514 -0.9366
vn -0.5368 0.3130 -0.7835
vn 0.9584 -0.2803 0.0529
vn 0.8639 -0.4431 0.2394
vn 0.1914 0.0548 -0.9800
vn 0.0000 -0.0309 0.9995
vn 0.1076 -0.0325 0.9937
vn -0.5162 0.4161 -0.7486
vn -0.6705 0.3602 -0.6485
vn 0.0095 0.0222 -0.9997
vn 0.2200 -0.0373 0.9748
vn 0.8492 -0.3571 0.3890
vn 0.8563 -0.3303 0.3971
vn 0.3419 -0.0449 0.9386
vn 0.1671 -0.9859 0.0017
vn 0.2040 -0.9614 -0.1847
vn 0.4782 -0.0548 0.8765
vn 0.6315 -0.0660 0.7725
vn -0.3461 0.3415 -0.8738
vn 0.7945 -0.0760 0.6025
vn -0.5714 0.7899 0.2224
vn -0.4830 0.8446 0.2311
vn -0.4573 0.8008 0.3867
vn -0.5768 0.7134 0.3978
vn 0.9359 -0.0799 0.3431
vn -0.1376 0.3309 -0.9336
vn 0.9973 -0.0726 0.0072
vn -0.5349 0.8446 -0.0211
vn 0.9819 -0.0631 -0.1786
vn 0.5263 -0.7285 -0.4385
vn 0.4971 -0.6348 -0.5915
vn 0.9419 -0.0519 -0.3318
vn 0.8719 -0.0370 -0.4883
vn -0.8817 0.0302 -0.4709
vn 0.0000 -0.0101 -0.9999
vn 0.8034 -0.0240 -0.5950
vn 0.7153 -0.0087 -0.6988
vn 0.0000 -0.0550 0.9985
vn 0.1136 -0.0562 0.9919
vn -0.9812 0.0780 -0.1762
vn -0.9842 -0.0080 -0.1768
vn -1.0000 0.0010 -0.0054
vn -0.9968 0.0794 -0.0002
vn 0.1452 0.2463 -0.9582
vn -0.2868 0.1861 -0.9397
vn 0.2317 -0.0595 0.9709
vn -0.9998 0.0157 0.0000
vn -0.9433 0.0457 0.3287
vn -0.9436 0.0125 0.3307
vn 0.3587 -0.0645 0.9312
vn 0.0985 0.1925 -0.9763
vn -0.0354 0.0621 -0.9974
vn -0.2014 0.4322 -0.8790
vn -0.0702 0.4916 -0.8680
vn 0.4988 -0.0699 0.8639
vn 0.1952 -0.1289 -0.9722
vn -0.1518 -0.0452 -0.9874
vn 0.6528 -0.0733 0.7539
vn 0.8576 -0.4063 -0.3153
vn 0.8119 -0.0708 0.5795
vn -0.4729 0.8404 -0.2646
vn -0.5405 0.8028 -0.2515
vn -0.5132 0.8582 -0.0105
vn -0.4942 0.8676 -0.0548
vn 0.9449 -0.0571 0.3222
vn 0.1507 -0.0328 0.9880
vn 0.9996 -0.0290 -0.0002
vn 0.7530 -0.6482 0.1131
vn 0.7920 -0.5997 0.1143
vn 0.9859 -0.0112 -0.1670
vn 0.5465 -0.8325 0.0903
vn 0.5923 -0.7951 0.1302
vn 0.5709 -0.8205 0.0270
vn 0.5872 -0.8086 0.0369
vn 0.9484 0.0120 -0.3168
vn 0.8893 0.0348 -0.4559
vn 0.1830 -0.4029 -0.8967
vn 0.0000 0.1297 -0.9915
vn 0.8284 0.0606 -0.5568
vn 0.7571 0.0860 -0.6476
vn -0.8848 -0.4642 -0.0403
vn -0.9797 -0.0599 -0.1911
vn -0.8996 -0.4338 -0.0503
vn 0.6906 0.1186 -0.7134
vn 0.5420 0.1737 -0.8222
vn -0.8780 -0.0435 -0.4766
vn -0.9440 -0.0235 -0.3291
vn 0.3782 0.2236 -0.8983
vn -0.3723 0.6976 -0.6121
vn -0.3172 0.7529 -0.5766
vn 0.9721 -0.2336 -0.0192
vn 0.9368 -0.3490 -0.0240
vn 0.3619 -0.0484 0.9310
vn 0.5030 -0.0252 0.8639
vn -0.8018 0.0511 -0.5954
vn 0.6576 0.0054 0.7533
vn -0.5415 -0.2730 -0.7952
vn 0.8153 0.0426 0.5774
vn -0.6134 -0.0664 -0.7870
vn -0.6914 -0.0717 -0.7189
vn -0.6907 -0.0552 -0.7210
vn 0.9444 0.0815 0.3185
vn -0.1460 0.2759 0.9500
vn 0.0383 0.3574 0.9331
vn 0.0991 0.2662 0.9588
vn -0.0940 0.1924 0.9768
vn 0.9937 0.1119 -0.0002
vn 0.2540 -0.9654 -0.0593
vn 0.3940 -0.9165 -0.0696
vn 0.9800 0.1198 -0.1587
vn 0.9450 0.1265 -0.3016
vn 0.8960 0.1285 -0.4251
vn -0.4956 0.1856 -0.8484
vn 0.0000 0.1900 -0.9818
vn 0.8457 0.1333 -0.5167
vn 0.7947 0.1380 -0.5911
vn -0.9420 0.2953 -0.1594
vn -0.9315 0.3252 -0.1625
vn -0.9313 0.3259 -0.1625
vn -0.9417 0.2962 -0.1594
vn -0.3958 0.3630 -0.8435
vn 0.7385 0.1505 -0.6572
vn 0.6045 0.1735 -0.7774
vn -0.0424 0.1003 0.9940
vn 0.1597 0.1658 0.9731
vn 0.3281 -0.1563 0.9316
vn 0.1565 -0.2190 0.9631
vn 0.3787 -0.8861 -0.2672
vn 0.2443 -0.9446 -0.2188
vn 0.2625 -0.9394 -0.2204
vn 0.3950 -0.8787 -0.2678
vn 0.4220 0.1955 -0.8853
vn -0.3580 -0.1627 -0.9194
vn -0.6929 -0.0560 0.7189
vn -0.3501 -0.1307 0.9275
vn 0.1442 0.2190 -0.9650
vn 0.0000 -0.0591 0.9982
vn 0.1267 -0.0645 0.9898
vn 0.2336 -0.0644 0.9702
vn -0.7817 -0.0546 -0.6212
vn 0.8025 0.1364 0.5808
vn 0.9308 0.1750 0.3207
vn 0.1545 -0.0997 0.9829
vn 0.6254 -0.1467 0.7664
vn 0.9810 0.1941 0.0021
vn -0.4975 0.4082 0.7654
vn 0.9675 0.1949 -0.1608
vn -0.8968 0.4172 0.1468
vn -0.9263 0.3221 0.1953
vn -0.2599 0.1004 0.9604
vn -0.2600 0.1281 0.9570
vn 0.9367 0.1864 -0.2962
vn 0.8879 0.1751 -0.4252
vn -0.4557 -0.0074 0.8901
vn -0.4599 -0.0315 0.8874
vn -0.3267 -0.0220 0.9449
vn -0.3229 0.0017 0.9464
vn -0.4982 -0.0306 -0.8665
vn 0.0000 -0.2669 -0.9637
vn 0.8467 0.1602 -0.5074
vn 0.7980 0.1436 -0.5852
vn -0.9999 -0.0083 0.0068
vn -0.9782 0.0982 -0.1830
vn 0.7555 0.1242 -0.6432
vn 0.6374 0.0905 -0.7652
vn -0.9771 0.1270 -0.1704
vn 0.4537 0.0546 -0.8895
vn -0.2159 0.8198 0.5304
vn -0.4733 0.4529 0.7555
vn -0.0632 0.7450 0.6640
vn 0.9043 -0.0997 0.4151
vn 0.9978 -0.0654 -0.0078
vn 0.1723 0.0235 -0.9847
vn 0.1311 -0.0270 0.9910
vn -0.2589 -0.3727 0.8911
vn -0.0771 -0.3386 0.9377
vn 0.2818 -0.7766 0.5634
vn 0.0782 -0.8437 0.5310
vn 0.2288 -0.0117 0.9734
vn -0.2988 -0.1440 0.9434
vn -0.2543 -0.0626 0.9651
vn 0.3533 0.0127 0.9354
vn 0.4678 -0.7143 0.5206
vn 0.4929 0.0485 0.8687
vn 0.6461 0.0911 0.7577
vn 0.2803 -0.5329 -0.7983
vn 0.1470 -0.5269 -0.8371
vn -0.5663 0.7548 -0.3309
vn -0.5786 0.7648 -0.2835
vn -0.6235 0.7741 -0.1099
vn -0.6246 0.7674 -0.1447
vn -0.4331 -0.2359 -0.8699
vn 0.0000 -0.4824 -0.8759
vn 0.2235 0.0246 -0.9744
vn 0.2079 0.0566 -0.9765
vn 0.8873 -0.0585 0.4574
vn 0.8173 -0.5389 -0.2037
vn 0.0000 -0.1862 0.9825
vn 0.1075 -0.0506 0.9929
vn 0.0000 -0.5932 0.8050
vn -0.1018 -0.4068 0.9078
vn -0.0028 0.4884 -0.8726
vn -0.5488 -0.5090 -0.6631
vn 0.0000 -0.6536 -0.7569
vn -0.4807 -0.6867 -0.5453
vn -0.6055 -0.7952 -0.0323
vn 0.0000 -1.0000 -0.0054
vn 0.0000 -0.9193 -0.3934
vn 0.7886 0.4853 0.3775
vn 0.6823 0.6403 0.3527
vn 0.6904 0.7089 0.1441
vn 0.6250 0.7284 -0.2807
vn 0.5022 0.6386 -0.5831
vn 0.4424 0.4339 -0.7848
vn 0.5303 0.3638 -0.7658
vn 0.6926 0.4027 0.5985
vn 0.3503 0.1711 -0.9209
vn 0.9279 -0.3024 0.2177
vn 0.8194 -0.1466 0.5542
vn 0.8996 -0.4338 -0.0503
vn 0.6597 -0.4346 -0.6131
vn 0.8274 -0.4093 -0.3846
vn 0.4424 -0.2227 -0.8687
vn 0.5531 -0.2756 -0.7862
vn 0.6929 -0.0560 0.7189
vn 0.6951 0.1537 0.7022
vn 0.3771 -0.0934 -0.9214
vn -0.4635 -0.8618 0.2060
vn -0.4303 -0.8980 -0.0916
vn -0.4364 -0.8961 -0.0804
vn -0.4648 -0.8675 0.1770
vn 0.4783 0.8022 0.3573
vn 0.2512 0.5971 0.7618
vn 0.2719 0.6416 0.7172
vn 0.4673 0.8278 0.3104
vn -0.1311 0.0668 0.9891
vn -0.2753 -0.2511 0.9279
vn -0.3123 -0.3324 0.8899
vn -0.1815 -0.0366 0.9827
vn 0.4498 0.3959 -0.8005
vn 0.5634 0.6455 -0.5156
vn 0.5340 0.6961 -0.4798
vn 0.4501 0.4973 -0.7416
vn -0.4522 -0.7343 0.5062
vn -0.4593 -0.7609 0.4582
vn -0.1796 -0.6069 -0.7742
vn -0.0830 -0.4594 -0.8843
vn -0.1231 -0.4830 -0.8669
vn -0.2703 -0.6923 -0.6690
vn 0.5896 0.7762 -0.2234
vn 0.5739 0.8188 -0.0132
vn 0.5411 0.8408 -0.0148
vn 0.5539 0.8094 -0.1950
vn 0.2422 0.0351 -0.9696
vn 0.2668 0.1491 -0.9521
vn 0.3194 0.2891 0.9024
vn 0.3589 0.1032 0.9276
vn 0.3514 0.0402 0.9354
vn 0.3986 0.2142 0.8917
vn 0.3871 0.8742 0.2932
vn 0.5199 0.8218 0.2332
vn -0.1024 -0.8626 -0.4953
vn -0.1657 -0.6953 -0.6993
vn -0.5124 -0.6067 -0.6077
vn -0.4841 -0.7765 -0.4033
vn 0.6424 -0.4551 -0.6166
vn 0.8848 -0.4642 -0.0404
vn 0.0609 0.3737 0.9255
vn -0.0379 0.2301 0.9724
vn -0.0482 0.2015 0.9783
vn 0.0998 0.4274 0.8985
vn 0.5323 0.8249 0.1903
vn 0.5096 0.8452 0.1610
vn -0.3597 -0.8473 -0.3906
vn -0.2688 -0.7418 -0.6144
vn -0.3263 -0.7870 -0.5235
vn -0.3828 -0.8614 -0.3339
vn -0.5263 -0.7285 -0.4385
vn -0.4971 -0.6348 -0.5915
vn -0.3927 -0.6396 -0.6608
vn -0.4901 -0.7502 -0.4437
vn 0.5714 0.7899 0.2224
vn 0.5768 0.7134 0.3978
vn 0.4573 0.8008 0.3867
vn 0.4830 0.8446 0.2311
vn -0.3098 -0.3018 -0.9016
vn -0.0985 0.1925 -0.9763
vn 0.0354 0.0621 -0.9974
vn -0.1830 -0.4029 -0.8967
vn 0.3900 0.1692 0.9051
vn 0.3266 0.0510 0.9438
vn 0.0940 0.1924 0.9768
vn 0.1460 0.2759 0.9500
vn 0.0702 0.4916 -0.8680
vn 0.2014 0.4322 -0.8790
vn 0.4635 0.8455 -0.2649
vn 0.5349 0.8446 -0.0211
vn 0.4942 0.8676 -0.0548
vn 0.4729 0.8404 -0.2646
vn -0.4261 -0.5318 -0.7318
vn -0.2803 -0.5329 -0.7983
vn 0.0771 -0.3386 0.9377
vn -0.2818 -0.7766 0.5634
vn -0.4678 -0.7143 0.5206
vn -0.1565 -0.2190 0.9631
vn 0.3172 0.7529 -0.5766
vn 0.3723 0.6976 -0.6121
vn 0.2543 -0.0626 0.9651
vn 0.0424 0.1003 0.9940
vn 0.4975 0.4082 0.7654
vn 0.3086 0.5352 0.7863
vn -0.4261 -0.8713 0.2434
vn -0.5078 -0.8556 -0.1004
vn -0.5341 -0.8303 -0.1593
vn -0.5209 -0.8186 0.2419
vn -0.2869 -0.6986 -0.6554
vn -0.3937 -0.8094 -0.4357
vn 0.3927 0.8281 0.3999
vn 0.4601 0.8595 0.2226
vn 0.1878 -0.0190 -0.9820
vn -0.0818 -0.4324 -0.8979
vn -0.0991 0.2662 0.9588
vn -0.0383 0.3574 0.9331
vn 0.3958 0.3630 -0.8435
vn 0.5132 0.8582 -0.0105
vn 0.5405 0.8028 -0.2516
vn -0.1470 -0.5269 -0.8371
vn -0.5250 -0.6653 0.5307
vn -0.3281 -0.1563 0.9316
vn 0.5132 0.6583 -0.5507
vn -0.1597 0.1658 0.9731
vn 0.1489 0.5971 0.7882
vn -0.4951 -0.8629 -0.1005
vn -0.5400 -0.8095 0.2303
vn 0.0000 -0.9130 0.4079
vn -0.4105 -0.6714 0.6169
vn -0.1763 0.4781 -0.8604
vn 0.7191 -0.2775 0.6370
vn 0.7426 -0.0542 0.6675
vn -0.3497 0.4551 -0.8189
vn 0.4659 -0.8669 0.1770
vn 0.7896 -0.5921 0.1609
vn 0.4648 -0.8675 0.1770
vn -0.8180 -0.2134 0.5341
vn -0.7877 0.2784 -0.5495
vn -0.8229 0.3571 -0.4420
vn -0.8497 0.2859 -0.4429
vn 0.0913 -0.0138 0.9957
vn 0.6144 -0.1071 0.7817
vn 0.5339 -0.2134 0.8181
vn 0.2018 -0.9788 -0.0338
vn 0.4987 -0.7974 -0.3398
vn -0.3900 0.1692 0.9051
vn -0.3266 0.0510 0.9438
vn 0.3311 -0.4171 -0.8464
vn 0.3836 -0.4667 -0.7968
vn -0.3085 0.3403 -0.8882
vn -0.2588 0.3543 -0.8986
vn -0.3096 0.1011 0.9455
vn -0.1861 0.0757 0.9796
vn -0.6343 -0.7729 0.0181
vn -0.9845 -0.1582 0.0756
vn -0.7983 -0.2940 0.5256
vn -0.6219 0.1519 -0.7682
vn 0.8330 -0.1173 -0.5407
vn -0.2094 -0.0156 0.9777
vn -0.2066 0.0081 0.9784
vn -0.3112 0.0031 0.9503
vn -0.3030 -0.0854 0.9492
vn -0.9985 0.0548 -0.0001
vn -0.2057 -0.0192 -0.9784
vn -0.2094 -0.0430 -0.9769
vn -0.3267 -0.0485 -0.9438
vn -0.3215 -0.0245 -0.9466
vn -0.9704 0.2399 0.0279
vn -0.9889 0.1297 0.0726
vn -0.9599 0.2795 0.0213
vn -0.7278 0.0249 0.6853
vn -0.9160 0.2426 0.3193
vn -0.9223 0.2131 0.3224
vn -0.8495 0.1519 0.5052
vn -0.8472 0.1988 0.4927
vn -0.5739 0.8188 -0.0132
vn -0.6906 0.1186 -0.7134
vn -0.7385 0.1505 -0.6572
vn -0.7947 0.1380 -0.5911
vn -0.7571 0.0860 -0.6476
vn -0.6926 0.4027 0.5985
vn -0.3194 0.2891 0.9024
vn -0.3589 0.1032 0.9276
vn -0.6951 0.1537 0.7022
vn -0.8166 0.0868 -0.5707
vn -0.8820 0.1007 -0.4603
vn -0.8780 -0.0418 -0.4767
vn 0.1919 -0.0394 -0.9806
vn -0.1391 0.0143 -0.9901
vn -0.3986 0.2142 0.8917
vn -0.3514 0.0402 0.9354
vn -0.7968 0.1207 -0.5920
vn -0.6486 0.6574 -0.3835
vn -0.5637 0.7081 -0.4251
vn -0.3927 0.8281 0.3999
vn -0.1489 0.5971 0.7882
vn -0.3086 0.5352 0.7863
vn 0.2580 -0.9489 -0.1813
vn 0.2692 -0.9224 -0.2768
vn 0.2811 -0.8997 -0.3338
vn -0.5076 -0.0325 -0.8610
vn -0.6429 -0.0320 -0.7653
vn -0.6559 -0.0079 -0.7548
vn 0.6230 -0.1487 0.7679
vn 0.8834 -0.2418 0.4015
vn 0.3597 -0.8473 -0.3906
vn 0.3828 -0.8614 -0.3339
vn 0.3263 -0.7870 -0.5236
vn 0.2688 -0.7417 -0.6144
vn -0.3324 -0.0420 -0.9422
vn -0.4670 -0.0479 -0.8829
vn -0.4600 -0.0565 -0.8861
vn -0.7100 0.2702 -0.6503
vn -0.6282 0.3074 -0.7147
vn 0.5558 -0.3788 -0.7400
vn 0.6815 -0.2341 -0.6933
vn 0.1311 0.0668 0.9891
vn 0.2753 -0.2511 0.9279
vn -0.7707 -0.1240 -0.6249
vn -0.9586 0.0752 0.2746
vn -0.9121 0.3355 0.2356
vn -0.2132 -0.0378 -0.9763
vn 0.9853 -0.1698 -0.0198
vn 0.9272 -0.1711 -0.3330
vn -0.9848 -0.0029 -0.1736
vn -0.1022 -0.0119 0.9947
vn -0.1043 -0.0155 0.9944
vn -0.4424 -0.2227 -0.8687
vn 0.8823 -0.2246 0.4136
vn 0.6902 -0.3134 0.6522
vn 0.3861 -0.8776 0.2840
vn -0.1008 0.0117 0.9948
vn 0.6925 0.0161 -0.7212
vn 0.1974 0.0957 -0.9756
vn -0.0895 0.4881 -0.8682
vn -0.0979 0.1140 -0.9886
vn -0.2008 0.1158 -0.9727
vn -0.1790 0.5144 -0.8386
vn -0.8126 0.0183 -0.5825
vn -0.5123 -0.4144 0.7522
vn -0.9782 -0.0887 -0.1874
vn -0.9801 -0.0723 -0.1845
vn -0.9974 -0.0716 -0.0011
vn -0.9961 -0.0879 0.0017
vn -0.4601 0.8595 0.2226
vn -0.9763 0.1718 -0.1318
vn -0.8851 -0.1756 -0.4310
vn -0.2232 0.9369 -0.2692
vn -0.4768 0.6137 -0.6293
vn -0.5721 0.6344 -0.5197
vn -0.2377 0.9547 -0.1791
vn -0.9940 0.0536 -0.0956
vn 0.4261 -0.8713 0.2434
vn 0.5209 -0.8186 0.2419
vn 0.5341 -0.8303 -0.1593
vn 0.5078 -0.8556 -0.1004
vn -0.8052 0.2874 -0.5187
vn -0.2700 0.5508 -0.7897
vn -0.3143 0.1192 -0.9418
vn -0.4444 0.1251 -0.8870
vn -0.3657 0.5906 -0.7193
vn -0.3513 -0.8413 -0.4109
vn 0.1976 -0.2485 -0.9482
vn 0.1307 -0.8671 -0.4807
vn -0.6208 -0.0554 -0.7820
vn -0.6427 0.0056 -0.7660
vn -0.7153 -0.0087 -0.6988
vn -0.6982 -0.0595 -0.7134
vn -0.2512 0.5971 0.7618
vn -0.6648 -0.3622 0.6532
vn 0.8912 -0.1917 0.4110
vn 0.9547 -0.0408 0.2945
vn -0.8557 0.0600 0.5140
vn -0.8551 0.1505 0.4960
vn -0.9419 -0.0519 -0.3318
vn -0.9484 0.0120 -0.3168
vn -0.9859 -0.0102 -0.1670
vn -0.9819 -0.0625 -0.1786
vn 0.6226 -0.1075 0.7751
vn 0.4260 -0.8713 0.2434
vn 0.5215 -0.8182 0.2418
vn -0.9228 -0.2514 0.2920
vn -0.3472 -0.2000 0.9162
vn 0.8079 0.1451 0.5711
vn 0.9312 0.1550 0.3298
vn 0.1762 -0.1194 -0.9771
vn -0.2265 -0.3162 -0.9213
vn 0.9865 0.1637 0.0033
vn -0.9052 -0.3357 -0.2604
vn -0.9786 -0.2034 -0.0293
vn -0.6572 -0.4402 -0.6118
vn 0.9728 0.1613 -0.1664
vn 0.9389 0.1524 -0.3086
vn 0.8858 0.1400 -0.4423
vn 0.2341 0.0553 0.9706
vn 0.3440 0.0745 0.9360
vn 0.8475 0.1308 -0.5144
vn 0.8025 0.1281 -0.5827
vn 0.4802 0.1042 0.8709
vn 0.7420 0.1020 -0.6626
vn 0.6129 0.0324 -0.7895
vn 0.6461 0.1324 0.7516
vn 0.0788 -0.0427 0.9960
vn 0.4412 -0.0468 -0.8962
vn 0.1728 -0.2004 -0.9644
vn -0.3543 -0.3338 -0.8735
vn 0.6966 0.1298 0.7056
vn 0.8363 0.1179 0.5354
vn 0.8443 0.0906 -0.5282
vn 0.8016 0.0730 -0.5934
vn -0.8828 -0.2830 0.3749
vn -0.6452 -0.2757 0.7125
vn 0.4910 0.1331 0.8609
vn -0.0786 -0.0126 0.9968
vn 0.2294 0.0884 0.9693
vn 0.9406 0.1185 -0.3180
vn 0.8809 0.1059 -0.4613
vn -0.7281 -0.4100 -0.5492
vn -0.9160 -0.2644 -0.3015
vn 0.9916 0.1294 0.0024
vn 0.9771 0.1275 -0.1704
vn 0.5662 -0.0303 -0.8237
vn 0.4141 -0.1049 -0.9041
vn 0.7256 0.0387 -0.6869
vn 0.3426 0.1187 0.9319
vn 0.9358 0.1224 0.3305
vn 0.9905 0.1373 0.0007
vn 0.9755 0.1346 -0.1738
vn -0.5339 -0.2134 0.8181
vn 0.9341 0.1293 0.3328
vn -0.0913 -0.0138 0.9957
vn 0.1861 0.0757 0.9796
vn 0.8472 0.1166 0.5183
vn 0.3682 -0.0291 -0.9293
vn 0.1569 -0.0805 -0.9843
vn -0.1703 -0.1734 -0.9700
vn -0.6095 -0.3283 -0.7215
vn 0.7001 0.1161 0.7046
vn 0.5081 0.0033 -0.8613
vn 0.4869 0.1143 0.8659
vn 0.6670 0.0407 -0.7439
vn 0.3096 0.1011 0.9455
vn 0.8146 0.1012 -0.5712
vn 0.7508 0.0726 -0.6565
vn 0.9351 0.1283 -0.3301
vn 0.8715 0.1178 -0.4759
vn -0.5099 0.7678 -0.3878
vn -0.4760 0.8794 -0.0101
vn -0.6323 0.7747 -0.0066
vn -0.6163 0.7767 0.1303
vn -0.4556 0.8784 0.1444
vn -0.4979 0.0728 0.8642
vn -0.6638 0.0590 -0.7455
vn -0.7112 0.2596 -0.6532
vn -0.7343 0.0700 -0.6752
vn -0.5132 0.6583 -0.5507
vn -0.9139 0.4053 0.0205
vn -0.9840 0.1725 0.0445
vn -0.4939 0.0310 0.8690
vn 0.7539 -0.6542 -0.0597
vn 0.7375 -0.6184 -0.2712
vn 0.2015 -0.4445 -0.8728
vn 0.5400 -0.8095 0.2303
vn 0.4951 -0.8629 -0.1005
vn -0.8274 -0.4093 -0.3846
vn -0.5896 0.7762 -0.2234
vn -0.4424 0.4339 -0.7848
vn -0.3377 -0.8116 0.4767
vn 0.0581 -0.0200 0.9981
vn -0.0810 -0.2642 0.9611
vn 0.5372 -0.4788 0.6943
vn 0.6466 -0.2237 0.7292
vn -0.4869 0.1143 0.8659
vn -0.8561 -0.0555 -0.5138
vn 0.9402 0.0828 -0.3304
vn 0.9412 0.0124 -0.3376
vn -0.0893 0.4881 0.8682
vn -0.2148 0.7657 -0.6062
vn -0.9326 0.1422 -0.3315
vn -0.4099 -0.3215 0.8536
vn -0.1241 0.8446 -0.5208
vn -0.2997 0.1946 0.9340
vn 0.1508 -0.0694 0.9861
vn 0.2121 -0.0164 0.9771
vn -0.8845 0.3179 0.3415
vn -0.7914 0.4094 0.4539
vn -0.9327 0.1425 0.3314
vn -0.9341 0.1293 0.3328
vn -0.1502 0.1459 -0.9778
vn -0.3710 0.1805 -0.9109
vn -0.4951 0.3506 0.7949
vn -0.7653 0.3405 0.5463
vn -0.6459 0.4002 0.6501
vn -0.7168 -0.6562 -0.2356
vn 0.5443 -0.5448 -0.6378
vn 0.0934 -0.9437 -0.3173
vn -0.1206 0.2942 -0.9481
vn -0.2106 0.3402 -0.9164
vn -0.5053 0.7085 -0.4926
vn -0.4356 0.6796 -0.5902
vn 0.4059 -0.8262 -0.3906
vn 0.2978 -0.8039 -0.5148
vn 0.4087 -0.6995 -0.5862
vn -0.7555 0.1242 -0.6432
vn -0.8025 0.1281 -0.5827
vn -0.7980 0.1436 -0.5852
vn -0.1690 0.8790 0.4459
vn -0.2693 0.5507 0.7900
vn -0.1785 0.5144 0.8387
vn -0.5171 0.0322 -0.8553
vn 0.5584 -0.8081 -0.1873
vn 0.5575 -0.8108 -0.1783
vn 0.5593 -0.7893 -0.2532
vn 0.5498 -0.7891 -0.2739
vn -0.9450 0.1265 -0.3016
vn -0.9801 0.1193 -0.1587
vn 0.7113 0.1070 0.6946
vn 0.8456 0.1290 0.5179
vn 0.4928 0.0721 -0.8671
vn 0.3559 0.0498 -0.9332
vn -0.9255 -0.1559 -0.3452
vn -0.9859 -0.1658 -0.0200
vn -0.6673 -0.1154 -0.7358
vn 0.4979 0.0728 0.8642
vn 0.6394 0.0956 -0.7629
vn -0.1507 -0.0328 0.9880
vn 0.1585 0.0176 0.9872
vn 0.3048 0.0414 0.9515
vn 0.7968 0.1207 -0.5920
vn 0.7119 0.1074 -0.6940
vn -0.1919 -0.0394 -0.9806
vn 0.9326 0.1422 -0.3315
vn 0.8673 0.1322 -0.4798
vn 0.1391 0.0143 -0.9901
vn -0.8959 -0.1517 0.4175
vn -0.6144 -0.1071 0.7817
vn 0.9885 0.1511 -0.0001
vn 0.9732 0.1491 -0.1748
vn 0.9327 0.1425 0.3314
vn 0.4989 0.0031 0.8666
vn 0.7147 0.0384 0.6983
vn 0.6421 0.0273 -0.7661
vn 0.4939 0.0033 -0.8695
vn -0.1498 -0.1153 0.9819
vn 0.1581 -0.0580 0.9857
vn 0.3042 -0.0317 0.9521
vn 0.8018 0.0511 -0.5954
vn 0.7155 0.0392 -0.6975
vn -0.1907 -0.1214 -0.9741
vn -0.6567 -0.1946 -0.7286
vn 0.9399 0.0708 -0.3339
vn 0.8733 0.0623 -0.4831
vn 0.1380 -0.0622 -0.9885
vn -0.8823 -0.2246 0.4136
vn -0.6054 -0.1875 0.7735
vn 0.9968 0.0794 -0.0002
vn 0.9812 0.0780 -0.1762
vn -0.9721 -0.2336 -0.0192
vn -0.9128 -0.2229 -0.3421
vn 0.9399 0.0731 0.3334
vn 0.8511 0.0622 0.5213
vn 0.3558 -0.0214 -0.9343
vn 0.9436 0.0125 0.3307
vn 1.0000 0.0010 -0.0054
vn -0.5940 -0.2848 0.7524
vn -0.1504 -0.1957 0.9691
vn -0.6253 -0.3434 -0.7008
vn -0.8765 -0.3484 -0.3322
vn 0.8531 0.0119 0.5216
vn 0.3505 -0.1555 -0.9236
vn 0.1346 -0.2087 -0.9687
vn 0.7167 -0.0091 0.6973
vn 0.4887 -0.1222 -0.8638
vn 0.4987 -0.0442 0.8657
vn 0.6377 -0.0901 -0.7649
vn 0.1570 -0.1175 0.9806
vn 0.3030 -0.0854 0.9492
vn 0.7992 -0.0569 -0.5983
vn 0.7142 -0.0728 -0.6961
vn -0.1827 -0.2775 -0.9432
vn 0.9403 -0.0244 -0.3394
vn 0.8744 -0.0386 -0.4837
vn -0.8563 -0.3303 0.3971
vn 0.9842 -0.0080 -0.1768
vn -0.9368 -0.3490 -0.0240
vn 0.8066 -0.0628 -0.5877
vn 0.7203 -0.0811 -0.6889
vn -0.1844 -0.3137 -0.9314
vn -0.6234 -0.4036 -0.6697
vn 0.1616 -0.0299 0.9864
vn 0.3112 0.0031 0.9503
vn 0.9440 -0.0235 -0.3291
vn 0.8780 -0.0435 -0.4766
vn 0.1387 -0.2259 -0.9642
vn -0.8492 -0.3571 0.3890
vn -0.6042 -0.2684 0.7502
vn 0.9998 0.0157 0.0000
vn 0.9848 -0.0029 -0.1736
vn -0.9153 -0.4023 -0.0193
vn -0.8576 -0.4063 -0.3153
vn 0.9433 0.0457 0.3287
vn -0.1531 -0.1285 0.9798
vn 0.8557 0.0600 0.5140
vn 0.3580 -0.1627 -0.9194
vn 0.7224 0.0570 0.6890
vn 0.4974 -0.1291 -0.8578
vn 0.5068 0.0375 0.8612
vn 0.6466 -0.0969 -0.7566
vn 0.3771 0.0059 -0.9261
vn 0.1518 -0.0452 -0.9874
vn 0.7238 0.1429 0.6750
vn 0.8551 0.1505 0.4960
vn 0.5171 0.0322 -0.8553
vn 0.5163 0.1199 0.8480
vn 0.6638 0.0590 -0.7455
vn -0.1484 -0.0153 0.9888
vn 0.1684 0.0605 0.9838
vn 0.3209 0.0893 0.9429
vn 0.8166 0.0868 -0.5707
vn 0.7343 0.0700 -0.6752
vn -0.1952 -0.1289 -0.9722
vn -0.6682 -0.2413 -0.7037
vn 0.9427 0.1154 -0.3130
vn 0.8822 0.0989 -0.4604
vn -0.8834 -0.2418 0.4015
vn -0.6230 -0.1487 0.7679
vn 0.9904 0.1383 0.0056
vn 0.9781 0.1256 -0.1657
vn -0.9585 -0.2848 -0.0131
vn -0.9059 -0.2799 -0.3178
vn 0.9353 0.1489 0.3211
vn 0.1502 0.1459 -0.9778
vn -0.1974 0.0957 -0.9756
vn -0.9043 -0.0997 0.4151
vn -0.6226 -0.1075 0.7751
vn 0.9577 0.2875 0.0091
vn 0.9417 0.2962 -0.1594
vn -0.9978 -0.0654 -0.0078
vn -0.9443 -0.0419 -0.3264
vn 0.9160 0.2426 0.3193
vn -0.1449 -0.0660 0.9872
vn -0.6925 0.0161 -0.7212
vn 0.8472 0.1988 0.4927
vn 0.3710 0.1805 -0.9109
vn 0.7201 0.1370 0.6802
vn 0.5059 0.2106 -0.8365
vn 0.5170 0.0638 0.8536
vn 0.6451 0.2439 -0.7241
vn 0.1686 -0.0253 0.9854
vn 0.3207 0.0092 0.9471
vn 0.7877 0.2784 -0.5495
vn 0.7112 0.2596 -0.6532
vn 0.9065 0.2982 -0.2990
vn 0.8491 0.2884 -0.4426
vn 0.5123 -0.0005 0.8588
vn 0.7246 0.0844 0.6840
vn 0.6132 0.3612 -0.7024
vn 0.4760 0.3522 -0.8058
vn -0.1539 -0.1136 0.9815
vn 0.1631 -0.0862 0.9828
vn 0.3151 -0.0551 0.9474
vn 0.7598 0.3631 -0.5394
vn 0.6765 0.3638 -0.6402
vn -0.1935 0.3000 -0.9341
vn -0.6875 0.1986 -0.6984
vn 0.8906 0.3430 -0.2987
vn 0.8223 0.3587 -0.4417
vn 0.1376 0.3309 -0.9336
vn -0.9107 -0.0609 0.4084
vn -0.6283 -0.1138 0.7696
vn 0.9565 0.2915 0.0075
vn 0.9313 0.3259 -0.1625
vn -0.9998 0.0172 -0.0136
vn -0.9402 0.0828 -0.3304
vn 0.9223 0.2131 0.3224
vn 0.8495 0.1519 0.5052
vn 0.3461 0.3415 -0.8738
vn -0.9412 0.0124 -0.3376
vn -0.9973 -0.0678 -0.0271
vn 0.9456 0.0863 0.3138
vn 0.9883 0.1520 -0.0056
vn -0.6317 -0.1358 0.7632
vn -0.1584 -0.1037 0.9819
vn -0.6775 0.1571 -0.7185
vn 0.8636 0.0460 0.5020
vn 0.3524 0.3122 -0.8822
vn 0.1363 0.3078 -0.9416
vn 0.7351 0.0143 0.6777
vn 0.4880 0.3023 -0.8188
vn 0.5188 -0.0275 0.8544
vn 0.6325 0.2855 -0.7200
vn 0.1658 -0.0706 0.9836
vn 0.3190 -0.0536 0.9462
vn 0.7880 0.2561 -0.5598
vn 0.7050 0.2738 -0.6542
vn -0.1978 0.2730 -0.9414
vn 0.9246 0.2115 -0.3169
vn 0.8595 0.2370 -0.4528
vn -0.9090 -0.1270 0.3970
vn 0.9691 0.1823 -0.1658
vn 0.3247 -0.0525 0.9443
vn 0.5260 -0.0255 0.8501
vn 0.8138 0.0902 -0.5740
vn 0.7373 0.0904 -0.6694
vn -0.2016 0.0096 -0.9794
vn -0.6757 -0.0584 -0.7348
vn 0.1696 -0.0717 0.9829
vn 0.9426 0.0853 -0.3227
vn 0.8854 0.0892 -0.4562
vn 0.1461 0.0493 -0.9880
vn -0.9065 -0.1616 0.3900
vn -0.6359 -0.1536 0.7563
vn 0.9975 0.0705 -0.0084
vn 0.9832 0.0787 -0.1645
vn -0.9893 -0.1427 -0.0286
vn -0.9362 -0.1145 -0.3324
vn 0.9498 0.0469 0.3092
vn -0.1582 -0.1119 0.9810
vn 0.8687 0.0289 0.4944
vn 0.3752 0.0716 -0.9241
vn 0.7401 0.0062 0.6724
vn 0.5155 0.0812 -0.8530
vn 0.6615 0.0879 -0.7447
vn 0.8600 0.0455 0.5083
vn 0.9445 0.0539 0.3240
vn 0.3674 -0.0566 -0.9283
vn 0.1442 -0.0908 -0.9854
vn 0.7278 0.0249 0.6853
vn 0.5076 -0.0325 -0.8610
vn 0.5130 -0.0055 0.8583
vn 0.6559 -0.0079 -0.7548
vn -0.1545 -0.0997 0.9829
vn 0.1641 -0.0568 0.9848
vn 0.3154 -0.0350 0.9483
vn 0.8126 0.0183 -0.5825
vn 0.7283 0.0052 -0.6852
vn -0.1964 -0.1340 -0.9713
vn -0.6748 -0.1740 -0.7172
vn 0.9450 0.0415 -0.3244
vn 0.8816 0.0311 -0.4708
vn -0.9001 -0.1644 0.4034
vn -0.6254 -0.1467 0.7664
vn 0.9985 0.0548 -0.0001
vn 0.9840 0.0509 -0.1707
vn -0.9853 -0.1698 -0.0198
vn -0.9272 -0.1711 -0.3330
vn 0.9420 0.0146 -0.3353
vn 0.8759 0.0037 -0.4824
vn 0.1383 -0.1108 -0.9842
vn -0.1899 -0.1583 -0.9689
vn -0.8912 -0.1917 0.4110
vn -0.6142 -0.1539 0.7739
vn 0.9995 0.0326 -0.0020
vn 0.9840 0.0256 -0.1759
vn -0.9774 -0.2099 -0.0221
vn -0.9158 -0.2113 -0.3415
vn 0.9425 0.0402 0.3318
vn -0.1523 -0.0894 0.9843
vn -0.6581 -0.2077 -0.7237
vn 0.8533 0.0394 0.5199
vn 0.3563 -0.0756 -0.9313
vn 0.7175 0.0270 0.6960
vn 0.4945 -0.0538 -0.8675
vn 0.5010 0.0053 0.8654
vn 0.6429 -0.0320 -0.7653
vn 0.1591 -0.0401 0.9864
vn 0.3062 -0.0198 0.9518
vn 0.8031 -0.0087 -0.5958
vn 0.7175 -0.0204 -0.6962
vn 0.5020 0.0924 -0.8599
vn 0.3641 0.0811 -0.9278
vn 0.4284 0.5520 0.7153
vn 0.6397 0.5130 0.5724
vn 0.6494 0.1018 -0.7536
vn -0.1211 0.5699 0.8127
vn 0.1361 0.5470 0.8260
vn 0.2648 0.5636 0.7824
vn 0.8072 0.1078 -0.5803
vn 0.7187 0.1033 -0.6876
vn -0.1966 0.0064 -0.9804
vn -0.6929 -0.0854 -0.7159
vn 0.9418 0.1072 -0.3185
vn 0.8737 0.1072 -0.4744
vn 0.1454 0.0565 -0.9878
vn -0.9547 -0.0408 0.2945
vn -0.5806 0.4586 0.6727
vn 0.9953 0.0962 0.0114
vn 0.9796 0.1027 -0.1727
vn -0.9879 -0.1527 -0.0263
vn -0.9329 -0.1388 -0.3322
vn 0.9481 0.0902 0.3049
vn 0.8984 0.2162 0.3823
vn -0.6394 0.7609 0.1107
vn -0.7123 0.6921 0.1163
vn -0.6971 0.6916 0.1888
vn -0.6256 0.7572 0.1874
vn -0.1942 0.2055 0.9592
vn -0.2006 0.1158 0.9728
vn -0.0978 0.1140 0.9886
vn -0.0947 0.2002 0.9752
vn 0.0514 -0.0860 0.9950
vn 0.0468 -0.0317 0.9984
vn 0.5534 -0.3447 0.7582
vn 0.3604 -0.5093 0.7815
vn 0.1484 -0.0153 0.9888
vn -0.3170 0.0223 0.9481
vn -0.2026 0.0255 0.9789
vn 0.4916 -0.4693 -0.7335
vn -0.2752 -0.9424 0.1903
vn 0.2431 -0.9386 0.2448
vn 0.4576 -0.8793 -0.1321
vn -0.1255 -0.9880 -0.0897
vn -0.0309 0.4611 -0.8867
vn -0.8751 0.4374 0.2072
vn -0.1004 -0.0160 -0.9948
vn -0.6644 0.7439 -0.0707
vn -0.9116 0.3343 0.2389
vn -0.9100 0.1969 0.3648
vn 0.7098 -0.1446 0.6894
vn -0.9203 -0.0017 0.3912
vn -0.9331 -0.0501 0.3560
vn -0.7801 -0.0340 0.6247
vn -0.7737 0.0071 0.6335
vn -0.7815 -0.0605 0.6210
vn -0.6132 -0.0444 0.7886
vn -0.6097 -0.0194 0.7924
vn 0.5640 -0.8253 0.0274
vn -0.4482 0.0179 0.8937
vn -0.1022 -0.0397 -0.9940
vn -0.9982 -0.0595 -0.0031
vn -0.9318 -0.0771 0.3548
vn -0.6016 0.0127 0.7987
vn 0.8853 0.0168 -0.4646
vn -0.8560 -0.0561 -0.5138
vn -0.8582 -0.0828 -0.5065
vn -0.6315 -0.0660 0.7725
vn -0.6528 -0.0733 0.7539
vn -0.4988 -0.0699 0.8639
vn -0.4782 -0.0548 0.8765
vn -0.4537 -0.0320 -0.8905
vn -0.3076 -0.4755 -0.8242
vn -0.4902 -0.8495 -0.1950
vn -0.7858 -0.6156 -0.0590
vn -0.8637 -0.0523 -0.5012
vn -0.9819 -0.0631 -0.1786
vn -0.9973 -0.0726 0.0072
vn 0.8200 -0.2821 -0.4980
vn 0.5535 -0.7859 -0.2755
vn 0.8404 -0.4622 0.2828
vn 0.5536 -0.7762 0.3016
vn 0.2603 -0.7656 -0.5882
vn 0.5592 -0.4763 -0.6785
vn -0.6890 0.2317 -0.6867
vn -0.5885 0.2621 -0.7648
vn 0.6178 -0.3678 -0.6950
vn 0.7262 -0.2431 -0.6430
vn -0.5854 0.6509 0.4833
vn -0.5101 0.7011 0.4982
vn -0.7947 0.4081 0.4493
vn -0.4620 0.2462 0.8520
vn -0.4233 0.1382 0.8954
vn -0.0095 0.0222 -0.9997
vn -0.1042 -0.0354 -0.9939
vn 0.5250 -0.6653 0.5307
vn 0.4522 -0.7343 0.5062
vn 0.4648 -0.8611 0.2060
vn 0.5412 -0.8087 0.2303
vn 0.1704 -0.1927 -0.9663
vn 0.2758 -0.3986 -0.8746
vn 0.2430 -0.9532 -0.1797
vn -0.0988 0.0275 0.9947
vn -0.8630 -0.0678 -0.5005
vn -0.9348 -0.0709 -0.3481
vn -0.5539 0.8094 -0.1950
vn -0.6597 -0.4346 -0.6131
vn 0.0975 -0.8573 -0.5055
vn -0.1076 -0.0325 0.9937
vn -0.1136 -0.0562 0.9919
vn -0.9802 -0.0721 -0.1845
vn -0.6219 -0.0401 0.7820
vn -0.4678 -0.0303 0.8833
vn -0.9848 -0.0022 -0.1736
vn -0.9781 0.1262 -0.1657
vn -0.9781 0.1256 -0.1657
vn -0.7530 0.0810 -0.6530
vn 0.5098 0.3570 0.7827
vn 0.3934 0.1982 0.8977
vn 0.8834 -0.1559 0.4420
vn 0.8832 -0.1350 0.4490
vn 0.7382 -0.3963 0.5459
vn 0.8186 -0.2494 0.5173
vn -0.5260 -0.0255 0.8501
vn -0.5130 -0.0055 0.8583
vn -0.3154 -0.0350 0.9483
vn 0.2016 0.0096 -0.9794
vn -0.9367 0.1864 -0.2962
vn -0.4989 0.2627 -0.8258
vn -0.2135 -0.0183 0.9767
vn -0.2200 -0.0373 0.9748
vn -0.4885 0.0307 -0.8720
vn -0.3466 0.0514 -0.9366
vn 0.1322 -0.9563 -0.2609
vn -0.9389 0.1524 -0.3086
vn 0.5006 -0.7689 -0.3977
vn 0.5264 -0.7284 -0.4385
vn -0.5107 0.6153 0.6005
vn -0.5648 0.4613 0.6842
vn -0.3347 0.9021 0.2724
vn -0.1255 0.8019 0.5841
vn -0.2719 0.6416 0.7172
vn -0.1641 -0.0568 0.9848
vn -0.3419 -0.0449 0.9386
vn -0.3329 -0.0231 0.9427
vn 0.7411 -0.6083 -0.2843
vn 0.7158 -0.5592 -0.4181
vn -0.9654 0.1001 0.2406
vn -0.2903 -0.1895 0.9380
vn -0.5282 -0.8491 0.0032
vn -0.2174 -0.8411 0.4953
vn -0.6609 0.1091 -0.7425
vn 0.9362 -0.1145 -0.3324
vn 0.7225 -0.4707 0.5063
vn 0.1941 -0.9369 0.2905
vn 0.1150 -0.9487 -0.2944
vn 0.5807 -0.5546 -0.5959
vn -0.1689 -0.1295 -0.9771
vn -0.7625 0.3294 -0.5568
vn -0.7891 -0.0520 0.6121
vn -0.7945 -0.0760 0.6025
vn 0.0173 0.0675 0.9976
vn -0.8907 -0.0028 -0.4544
vn -0.8009 0.2370 0.5498
vn -0.5048 0.2847 0.8149
vn -0.0301 -0.8401 -0.5416
vn 0.6701 -0.4489 -0.5911
vn -0.4268 -0.6781 0.5984
vn -0.1914 0.0548 -0.9800
vn 0.1044 0.6669 0.7378
vn 0.3961 0.5521 0.7336
vn 0.6808 -0.3981 -0.6147
vn 0.2105 -0.8336 -0.5107
vn -0.5434 -0.1240 0.8303
vn -0.6276 -0.6582 0.4157
vn -0.2904 -0.8305 0.4753
vn 0.5014 -0.8019 0.3248
vn -0.5029 0.1733 0.8468
vn -0.3889 0.6496 -0.6532
vn 0.2868 0.1861 -0.9397
vn -0.1452 0.2463 -0.9582
vn -0.8719 -0.0370 -0.4883
vn 0.7404 -0.6090 -0.2844
vn -0.9359 -0.0799 0.3431
vn -0.9359 -0.0641 0.3464
vn -0.0489 0.3139 -0.9482
vn -0.2114 0.7017 -0.6804
vn -0.3012 -0.9356 0.1840
vn 0.4894 -0.7506 -0.4439
vn 0.3915 -0.8104 -0.4358
vn 0.0586 0.4273 0.9022
vn 0.2219 -0.0022 0.9750
vn -0.8034 -0.0240 -0.5950
vn 0.9001 -0.1644 0.4034
vn -0.4604 0.1468 -0.8755
vn -0.8119 -0.0708 0.5795
vn -0.8153 0.0426 0.5774
vn -0.6576 0.0054 0.7533
vn -0.7521 -0.1056 -0.6505
vn -0.5420 0.1737 -0.8222
vn -0.3587 -0.0645 0.9312
vn -0.2317 -0.0595 0.9709
vn -0.9859 -0.0112 -0.1670
vn -0.9996 -0.0290 -0.0002
vn 0.1815 -0.0366 0.9827
vn 0.3123 -0.3324 0.8899
vn 0.2491 -0.9633 -0.1001
vn 0.0854 -0.9956 -0.0391
vn -0.2646 0.6759 -0.6879
vn -0.5030 -0.0252 0.8639
vn -0.3619 -0.0484 0.9310
vn -0.3782 0.2236 -0.8983
vn -0.9444 0.0815 0.3185
vn -0.9308 0.1750 0.3207
vn -0.8025 0.1364 0.5808
vn 0.2209 -0.9750 0.0229
vn 0.2670 -0.9613 0.0677
vn -0.6045 0.1735 -0.7774
vn 0.4635 -0.8618 0.2060
vn 0.4622 -0.4216 0.7802
vn -0.9800 0.1198 -0.1587
vn -0.9937 0.1119 -0.0002
vn -0.9449 -0.0571 0.3222
vn -0.8284 0.0606 -0.5568
vn 0.0925 -0.9886 0.1183
vn -0.8893 0.0348 -0.4559
vn -0.8960 0.1285 -0.4251
vn -0.1270 -0.9621 0.2413
vn -0.2816 -0.9473 -0.1529
vn -0.4220 0.1955 -0.8853
vn -0.4537 0.0546 -0.8895
vn -0.6374 0.0905 -0.7652
vn -0.3533 0.0127 0.9354
vn -0.2288 -0.0117 0.9734
vn -0.2336 -0.0644 0.9702
vn 0.1969 -0.8668 0.4581
vn -0.8879 0.1751 -0.4252
vn -0.8457 0.1333 -0.5167
vn -0.1442 0.2190 -0.9650
vn -0.1267 -0.0645 0.9898
vn -0.8467 0.1602 -0.5074
vn -0.1723 0.0235 -0.9847
vn 0.4956 0.1856 -0.8484
vn -0.9309 0.3245 0.1673
vn 0.4982 -0.0306 -0.8665
vn -0.1075 -0.0506 0.9929
vn 0.1018 -0.4068 0.9078
vn -0.9810 0.1941 0.0021
vn -0.4929 0.0485 0.8687
vn -0.6436 0.7646 0.0326
vn -0.1311 -0.0270 0.9910
vn 0.3868 -0.0389 0.9213
vn 0.3563 -0.0714 0.9316
vn 0.8865 -0.3404 0.3134
vn 0.4331 -0.2359 -0.8699
vn 0.2070 -0.4917 -0.8457
vn 0.4807 -0.6867 -0.5453
vn 0.6055 -0.7952 -0.0323
vn 0.5488 -0.5090 -0.6631
vn -0.6076 0.7682 0.2017
vn -0.5303 0.3638 -0.7658
vn -0.6461 0.0911 0.7577
vn 0.4593 -0.7609 0.4582
vn 0.1796 -0.6069 -0.7742
vn 0.2703 -0.6923 -0.6690
vn 0.1231 -0.4830 -0.8669
vn -0.4635 0.8455 -0.2649
vn 0.7986 -0.5992 -0.0566
vn -0.2668 0.1491 -0.9521
vn -0.7158 -0.5592 -0.4181
vn -0.7411 -0.6083 -0.2843
vn 0.3347 0.9021 0.2724
vn 0.3826 0.9116 0.1500
vn 0.0328 0.3987 -0.9165
vn -0.4154 -0.2109 -0.8848
vn -0.3961 0.5521 0.7336
vn -0.1044 0.6669 0.7378
vn -0.7986 -0.5992 -0.0566
vn -0.7896 -0.5921 0.1609
vn 0.1255 0.8019 0.5841
vn 0.3665 0.8374 -0.4054
vn 0.2646 0.6759 -0.6879
vn -0.8639 -0.4431 0.2394
vn -0.7945 0.1105 0.5971
vn -0.6491 -0.4779 -0.5918
vn 0.4069 0.9134 -0.0129
vn 0.4221 0.8889 -0.1776
vn -0.5733 0.3169 0.7555
vn 0.4024 0.8357 -0.3738
vn 0.2114 0.7017 -0.6804
vn -0.9584 -0.2803 0.0529
vn -0.9171 0.2298 0.3258
vn -0.6796 0.5036 0.5334
vn -0.5236 -0.1925 -0.8299
vn -0.6773 -0.4633 -0.5715
vn 0.4760 0.8793 -0.0101
vn 0.4778 0.8621 -0.1686
vn -0.1078 0.3620 -0.9259
vn -0.7251 -0.5741 -0.3802
vn -0.7436 -0.6115 -0.2702
vn 0.3977 0.8748 0.2765
vn 0.4556 0.8784 0.1444
vn 0.0513 0.7238 0.6880
vn 0.0632 0.7450 0.6640
vn -0.7539 -0.6542 -0.0597
vn -0.7712 -0.6183 0.1514
vn 0.2159 0.8198 0.5304
vn 0.5637 0.7081 -0.4251
vn 0.6259 0.7595 -0.1772
vn 0.7083 0.6902 -0.1482
vn 0.6486 0.6574 -0.3835
vn -0.4622 -0.4216 0.7802
vn -0.5465 -0.8325 0.0903
vn -0.5923 -0.7951 0.1302
vn -0.4974 -0.5069 0.7040
vn -0.2219 -0.0022 0.9750
vn -0.2121 -0.0164 0.9771
vn -0.5282 -0.7403 -0.4158
vn -0.3311 -0.4171 -0.8464
vn -0.3836 -0.4667 -0.7968
vn -0.5535 -0.7365 -0.3887
vn 0.6417 0.7657 -0.0446
vn 0.6436 0.7646 0.0326
vn 0.7185 0.6940 0.0466
vn 0.7198 0.6937 -0.0255
vn 0.2588 0.3543 -0.8986
vn 0.3085 0.3403 -0.8882
vn -0.5584 -0.8081 -0.1873
vn -0.5498 -0.7891 -0.2739
vn -0.5593 -0.7893 -0.2532
vn -0.5575 -0.8108 -0.1783
vn 0.6394 0.7609 0.1107
vn 0.6256 0.7572 0.1874
vn 0.6971 0.6916 0.1888
vn 0.7123 0.6921 0.1163
vn 0.3749 0.6077 0.7001
vn 0.1039 0.3586 0.9277
vn 0.1258 0.3255 0.9371
vn 0.4487 0.5784 0.6812
vn -0.5817 -0.8126 0.0371
vn -0.5682 -0.8193 -0.0768
vn -0.5555 -0.8282 -0.0740
vn -0.5640 -0.8253 0.0274
vn 0.5101 0.7011 0.4982
vn 0.5854 0.6509 0.4833
vn 0.7914 0.4094 0.4539
vn 0.9395 0.2979 0.1688
vn 0.9763 0.1718 -0.1318
vn 0.9163 0.2868 -0.2796
vn -0.2491 -0.9633 -0.1001
vn -0.3465 -0.6059 0.7161
vn -0.1508 -0.0694 0.9861
vn -0.2758 -0.3986 -0.8746
vn -0.4987 -0.7974 -0.3398
vn 0.9599 0.2795 0.0213
vn 0.9704 0.2399 0.0279
vn 0.4604 0.1468 -0.8755
vn -0.2018 -0.9788 -0.0338
vn -0.1322 -0.9563 -0.2609
vn 0.9309 0.3245 0.1673
vn 0.2997 0.1946 0.9340
vn 0.6459 0.4002 0.6501
vn -0.1671 -0.9859 0.0017
vn -0.0925 -0.9886 0.1183
vn 0.5650 0.7844 0.2558
vn 0.4436 0.6660 0.5997
vn 0.3594 0.6525 0.6671
vn 0.5762 0.7840 0.2311
vn -0.4124 -0.9017 0.1295
vn -0.3940 -0.9165 -0.0696
vn -0.2540 -0.9654 -0.0593
vn -0.2659 -0.9588 0.0994
vn 0.4733 0.4529 0.7555
vn 0.7185 0.4846 0.4989
vn 0.4204 0.6005 0.6801
vn 0.2426 0.5065 0.8274
vn 0.6163 0.7767 0.1303
vn 0.6165 0.7781 0.1203
vn -0.3950 -0.8787 -0.2678
vn -0.4059 -0.8262 -0.3906
vn -0.2811 -0.8997 -0.3338
vn -0.2625 -0.9394 -0.2204
vn -0.3188 -0.3359 -0.8863
vn 0.0489 0.3139 -0.9482
vn 0.1206 0.2942 -0.9481
vn -0.2323 -0.4533 -0.8605
vn 0.3889 0.6496 -0.6532
vn 0.4356 0.6796 -0.5902
vn 0.6246 0.7674 -0.1447
vn 0.6323 0.7747 -0.0066
vn 0.6295 0.7769 0.0062
vn 0.6235 0.7741 -0.1099
vn -0.4087 -0.6995 -0.5862
vn -0.2978 -0.8039 -0.5148
vn -0.4955 -0.8329 -0.2465
vn -0.2335 -0.9679 -0.0923
vn -0.7454 -0.5841 -0.3212
vn -0.7938 -0.5786 -0.1870
vn 0.5663 0.7548 -0.3309
vn 0.5786 0.7648 -0.2835
vn -0.3604 -0.5093 0.7815
vn -0.1867 -0.7963 -0.5753
vn -0.5558 -0.3788 -0.7400
vn -0.5534 -0.3447 0.7582
vn -0.0514 -0.0860 0.9950
vn -0.0468 -0.0317 0.9984
vn 0.9194 0.0161 -0.3929
vn 0.8845 0.3179 0.3415
vn 0.8751 0.4374 0.2072
vn 0.6282 0.3074 -0.7147
vn 0.7653 0.3405 0.5463
vn 0.4233 0.1382 0.8954
vn 0.4620 0.2462 0.8520
vn 0.7947 0.4081 0.4493
vn 0.9121 0.3355 0.2356
vn 0.7100 0.2702 -0.6503
vn -0.6815 -0.2341 -0.6933
vn -0.6466 -0.2237 0.7292
vn -0.0581 -0.0200 0.9981
vn 0.5029 0.1733 0.8468
vn 0.8600 0.2997 0.4129
vn 0.5434 -0.1240 0.8303
vn 0.9109 0.0752 0.4058
vn 0.9586 0.0752 0.2746
vn 0.7707 -0.1240 -0.6249
vn -0.5443 -0.5448 -0.6378
vn -0.5372 -0.4788 0.6943
vn 0.0810 -0.2642 0.9611
vn 0.7732 -0.6067 0.1845
vn 0.7168 -0.6561 -0.2356
vn -0.0934 -0.9437 -0.3173
vn -0.0876 -0.8725 0.4807
vn 0.2904 -0.8305 0.4753
vn 0.6276 -0.6582 0.4157
vn 0.7350 -0.6342 0.2396
vn 0.4173 0.6998 0.5797
vn 0.6076 0.7682 0.2017
vn -0.2382 -0.9696 -0.0550
vn -0.2564 -0.9642 0.0677
vn -0.0173 0.0675 0.9976
vn -0.0586 0.4273 0.9022
vn 0.1370 0.5550 0.8204
vn 0.6324 0.7664 0.1124
vn -0.2692 -0.9224 -0.2768
vn -0.2580 -0.9489 -0.1813
vn 0.2106 0.3402 -0.9164
vn -0.2070 -0.4917 -0.8457
vn 0.5053 0.7085 -0.4926
vn 0.6410 0.7672 0.0211
vn 0.6360 0.7682 -0.0728
vn -0.2888 -0.8521 -0.4364
vn 0.8907 -0.0028 -0.4544
vn 0.0301 -0.8401 -0.5416
vn -0.2209 -0.9750 0.0229
vn 0.6062 0.7650 -0.2175
vn 0.9075 -0.3814 0.1757
vn 0.9607 0.1936 0.1987
vn -0.3108 -0.9486 0.0585
vn -0.1969 -0.8668 0.4581
vn -0.6178 -0.3678 -0.6950
vn -0.7382 -0.3963 0.5459
vn 0.2600 0.1281 0.9570
vn 0.7530 0.0810 -0.6530
vn 0.8968 0.4172 0.1468
vn 0.5885 0.2621 -0.7648
vn 0.9263 0.3221 0.1953
vn 0.6890 0.2317 -0.6867
vn -0.7262 -0.2431 -0.6430
vn -0.8186 -0.2494 0.5173
vn 0.2599 0.1004 0.9604
vn 0.2903 -0.1895 0.9380
vn 0.9654 0.1001 0.2406
vn 0.7521 -0.1056 -0.6505
vn -0.5807 -0.5546 -0.5959
vn -0.7225 -0.4707 0.5063
vn 0.8106 -0.5579 0.1776
vn 0.7381 -0.6170 -0.2730
vn -0.1150 -0.9487 -0.2944
vn -0.1941 -0.9369 0.2905
vn 0.4268 -0.6781 0.5984
vn -0.0854 -0.9956 -0.0391
vn -0.2670 -0.9613 0.0677
vn -0.5872 -0.8086 0.0369
vn -0.2838 -0.9523 0.1118
vn -0.4327 -0.8888 0.1508
vn -0.5709 -0.8205 0.0270
vn -0.7920 -0.5997 0.1143
vn -0.7530 -0.6482 0.1131
vn -0.4659 -0.8669 0.1770
vn 0.9796 0.1030 -0.1727
vn 0.9840 0.0505 -0.1707
vn 0.9832 0.0789 -0.1645
vn 0.9690 0.1831 -0.1658
vn 0.9315 0.3252 -0.1625
vn 0.9420 0.2953 -0.1594
vn 0.9781 0.1262 -0.1657
vn 0.9848 -0.0022 -0.1736
vn 0.9756 0.1343 -0.1738
vn 0.9771 0.1270 -0.1704
vn 0.9728 0.1610 -0.1664
vn 0.9677 0.1939 -0.1608
vn -0.5412 -0.8087 0.2303
vn -0.4648 -0.8611 0.2060
vn -0.2500 -0.9367 0.2452
vn -0.4260 -0.8713 0.2434
vn -0.5215 -0.8182 0.2418
vn 0.3012 -0.9356 0.1840
vn 0.9797 -0.0595 -0.1912
vn 0.9801 0.1193 -0.1587
vn 0.9859 -0.0102 -0.1670
vn 0.9819 -0.0625 -0.1786
vn 0.9802 -0.0721 -0.1845
vn 0.9783 -0.0885 -0.1874
vn -0.2105 -0.8336 -0.5107
vn -0.6808 -0.3981 -0.6147
vn -0.5529 -0.4005 0.7306
vn 0.9727 -0.2237 0.0608
vn 0.4971 0.1556 0.8536
vn 0.8851 -0.1756 -0.4310
vn 0.9889 0.1297 0.0726
vn 0.9139 0.4053 0.0205
vn 0.4989 0.2627 -0.8258
vn 0.9840 0.1725 0.0445
vn 0.6219 0.1519 -0.7682
vn -0.8330 -0.1173 -0.5407
vn -0.7098 -0.1446 0.6894
vn 0.4939 0.0310 0.8690
vn 0.4099 -0.3215 0.8536
vn 0.9845 -0.1582 0.0756
vn 0.5859 -0.2477 -0.7715
vn -0.8006 -0.3398 -0.4935
vn -0.6902 -0.3134 0.6522
vn 0.6343 -0.7729 0.0181
vn 0.4723 -0.7696 -0.4297
vn -0.4253 -0.8490 -0.3135
vn -0.3861 -0.8776 0.2840
vn 0.3377 -0.8116 0.4767
vn -0.2040 -0.9614 -0.1847
vn 0.8605 -0.4881 0.1455
vn 0.9840 0.1499 -0.0956
vn -0.6991 -0.4959 -0.5151
vn -0.2194 -0.8437 0.4899
vn -0.8042 -0.1401 -0.5776
vn -0.6648 -0.2084 0.7173
vn 0.5347 0.0146 0.8449
vn 0.6609 0.1091 -0.7425
vn 0.9848 0.1731 -0.0123
vn 0.5174 0.1246 -0.8466
vn 0.9998 0.0198 -0.0063
vn 0.5359 0.0680 -0.8415
vn -0.8853 0.0168 -0.4646
vn -0.7426 -0.0542 0.6675
vn 0.4292 -0.0552 0.9015
vn 0.4185 -0.3587 0.8343
vn 0.9749 -0.2219 0.0182
vn 0.5415 -0.2730 -0.7952
vn -0.8200 -0.2821 -0.4980
vn -0.7191 -0.2775 0.6370
vn 0.5282 -0.8491 0.0032
vn 0.3513 -0.8413 -0.4109
vn -0.5535 -0.7859 -0.2755
vn -0.5014 -0.8019 0.3248
vn 0.2174 -0.8411 0.4953
vn -0.1704 -0.1927 -0.9663
vn -0.2235 0.0246 -0.9744
vn -0.2079 0.0566 -0.9765
vn -0.1976 -0.2485 -0.9482
vn -0.1307 -0.8671 -0.4807
vn -0.2430 -0.9532 -0.1797
vn -0.5567 -0.8094 -0.1872
vn -0.2443 -0.9446 -0.2188
vn -0.3787 -0.8861 -0.2672
vn -0.5480 -0.8175 -0.1774
vn -0.7404 -0.6090 -0.2844
vn -0.7375 -0.6184 -0.2712
vn -0.3804 -0.8624 -0.3339
vn 0.8737 0.1079 -0.4744
vn 0.8817 0.0302 -0.4709
vn 0.8853 0.0897 -0.4562
vn 0.8591 0.2391 -0.4525
vn 0.8229 0.3571 -0.4420
vn 0.8497 0.2859 -0.4429
vn 0.8820 0.1007 -0.4603
vn 0.8780 -0.0418 -0.4767
vn 0.8717 0.1164 -0.4760
vn 0.8812 0.1027 -0.4614
vn 0.8861 0.1380 -0.4425
vn 0.8884 0.1723 -0.4255
vn -0.3915 -0.8104 -0.4358
vn -0.3568 -0.8485 -0.3907
vn -0.5006 -0.7689 -0.3977
vn -0.5264 -0.7284 -0.4385
vn -0.4894 -0.7506 -0.4439
vn -0.0975 -0.8573 -0.5055
vn 0.8561 -0.0555 -0.5138
vn 0.8960 0.1283 -0.4251
vn 0.8892 0.0385 -0.4559
vn 0.8719 -0.0354 -0.4883
vn 0.8631 -0.0674 -0.5005
vn 0.8583 -0.0822 -0.5065
vn -0.5098 0.3570 0.7827
vn -0.8832 -0.1350 0.4490
vn -0.8834 -0.1559 0.4420
vn -0.3934 0.1982 0.8977
vn 0.4476 0.6544 0.6094
vn 0.5107 0.6153 0.6005
vn -0.6701 -0.4489 -0.5911
vn -0.8865 -0.3404 0.3134
vn -0.3868 -0.0389 0.9213
vn 0.5648 0.4613 0.6842
vn 0.8009 0.2370 0.5498
vn 0.5048 0.2847 0.8149
vn 0.7946 0.4183 0.4399
vn 0.8664 0.3599 0.3461
vn -0.3559 0.0498 -0.9332
vn 0.4261 -0.5318 -0.7318
vn 0.3098 -0.3018 -0.9016
vn 0.7436 -0.6115 -0.2702
vn 0.5535 -0.7365 -0.3887
vn 0.5282 -0.7403 -0.4158
vn -0.5435 0.3787 0.7491
vn -0.8173 -0.5389 -0.2037
vn -0.8873 -0.0585 0.4574
vn -0.9399 0.0731 0.3334
vn -0.8475 0.1308 -0.5144
vn -0.8884 0.1723 -0.4255
vn 0.5435 0.3787 0.7491
vn 0.7251 -0.5741 -0.3802
vn 0.6773 -0.4633 -0.5715
vn 0.6491 -0.4779 -0.5918
vn -0.8822 0.0989 -0.4604
vn -0.8491 0.2884 -0.4426
vn -0.9065 0.2982 -0.2990
vn -0.9427 0.1154 -0.3130
vn -0.6494 0.1018 -0.7536
vn -0.6461 0.1324 0.7516
vn -0.6966 0.1298 0.7056
vn -0.4910 0.1331 0.8609
vn -0.4802 0.1042 0.8709
vn 0.8362 0.5361 0.1154
vn 0.7625 0.3294 -0.5568
vn -0.8404 -0.4622 0.2828
vn -0.3563 -0.0714 0.9316
vn 0.6253 0.3440 0.7005
vn 0.5868 0.4566 0.6686
vn -0.0808 -0.4218 0.9031
vn 0.7164 0.1320 0.6850
vn -0.5592 -0.4763 -0.6785
vn 0.1689 -0.1295 -0.9771
vn 0.3077 -0.4755 -0.8242
vn -0.2603 -0.7656 -0.5882
vn 0.8637 -0.0523 -0.5012
vn 0.9549 0.2285 0.1895
vn 0.8209 -0.5258 0.2229
vn 0.7858 -0.6156 -0.0590
vn -0.5536 -0.7762 0.3016
vn 0.1270 -0.9621 0.2413
vn 0.3414 -0.8138 0.4703
vn 0.4902 -0.8495 -0.1950
vn 0.7694 -0.5058 0.3901
vn 0.2816 -0.9473 -0.1529
vn 0.8396 0.5309 0.1151
vn 0.9554 0.2269 0.1892
vn -0.8079 0.1451 0.5711
vn 0.6054 -0.1875 0.7735
vn 0.4105 -0.6714 0.6169
vn 0.9228 -0.2514 0.2920
vn -0.2426 0.5065 0.8274
vn -0.4204 0.6005 0.6801
vn -0.7185 0.4846 0.4989
vn -0.9607 0.1936 0.1987
vn -0.7119 0.1074 -0.6940
vn -0.7155 0.0392 -0.6975
vn 0.2888 -0.8521 -0.4364
vn -0.9577 0.2875 0.0091
vn -0.9565 0.2915 0.0075
vn -0.9549 0.2285 0.1895
vn -0.9554 0.2269 0.1892
vn -0.8396 0.5309 0.1151
vn -0.8362 0.5361 0.1154
vn 0.6572 -0.4402 -0.6118
vn 0.2265 -0.3162 -0.9213
vn -0.3440 0.0745 0.9360
vn -0.2341 0.0553 0.9706
vn -0.8737 0.1079 -0.4744
vn -0.3674 -0.0566 -0.9283
vn 0.6673 -0.1154 -0.7358
vn -0.1762 -0.1194 -0.9771
vn 0.6682 -0.2413 -0.7037
vn 0.2500 -0.9367 0.2452
vn -0.9312 0.1550 0.3298
vn -0.4412 -0.0468 -0.8962
vn 0.9443 -0.0419 -0.3264
vn -0.9358 0.1224 0.3305
vn -0.8363 0.1179 0.5354
vn -0.3426 0.1187 0.9319
vn -0.2294 0.0884 0.9693
vn -0.4928 0.0721 -0.8671
vn -0.6394 0.0956 -0.7629
vn 0.2323 -0.4533 -0.8605
vn 0.3188 -0.3359 -0.8863
vn -0.8960 0.1283 -0.4251
vn -0.8892 0.0385 -0.4559
vn -0.8664 0.3599 0.3461
vn -0.6253 0.3439 0.7005
vn -0.7946 0.4183 0.4399
vn -0.0513 0.7238 0.6880
vn 0.4974 -0.5069 0.7040
vn -0.1684 0.0605 0.9838
vn -0.3209 0.0893 0.9429
vn -0.3977 0.8748 0.2765
vn 0.9153 -0.4023 -0.0193
vn -0.3771 0.0059 -0.9261
vn -0.9353 0.1489 0.3211
vn -0.3207 0.0092 0.9471
vn -0.5170 0.0638 0.8536
vn -0.5123 -0.0005 0.8588
vn -0.3151 -0.0551 0.9474
vn -0.7201 0.1370 0.6802
vn -0.9109 0.0752 0.4058
vn -0.8600 0.2997 0.4129
vn 0.7712 -0.6183 0.1514
vn -0.9904 0.1383 0.0056
vn -0.8719 -0.0354 -0.4883
vn 0.9585 -0.2848 -0.0131
vn 0.9059 -0.2799 -0.3178
vn -0.7283 0.0052 -0.6852
vn -0.7246 0.0844 0.6840
vn -0.5188 -0.0275 0.8544
vn 0.6757 -0.0584 -0.7348
vn -0.8209 -0.5258 0.2229
vn -0.7083 0.6902 -0.1482
vn -0.7198 0.6937 -0.0255
vn -0.7185 0.6940 0.0466
vn -0.7381 -0.6170 -0.2730
vn -0.8106 -0.5579 0.1776
vn -0.1370 0.5550 0.8204
vn -0.8737 0.1072 -0.4744
vn 0.0876 -0.8725 0.4807
vn 0.3465 -0.6058 0.7161
vn -0.7732 -0.6067 0.1845
vn -0.9163 0.2868 -0.2796
vn -0.4173 0.6998 0.5797
vn -0.3414 -0.8138 0.4703
vn -0.7694 -0.5058 0.3901
vn -0.7350 -0.6342 0.2396
vn 0.0808 -0.4218 0.9031
vn -0.4476 0.6544 0.6094
vn -0.7164 0.1320 0.6850
vn -0.5868 0.4566 0.6686
vn 0.6350 0.7586 0.1460
vn 0.4178 0.8142 0.4030
vn 0.7224 0.0520 0.6894
vn 0.9595 -0.0317 0.2797
vn -0.0887 0.7986 0.5952
vn -0.4096 0.7427 0.5297
vn -0.5508 -0.0914 0.8296
vn -0.1134 0.0378 0.9928
vn 0.7039 0.2734 -0.6555
vn 0.6323 0.2767 -0.7236
vn -0.2001 0.2087 -0.9573
vn -0.6894 0.0889 -0.7189
vn 0.1709 0.8356 0.5220
vn 0.0945 0.8455 0.5256
vn 0.1816 0.1082 0.9774
vn 0.3182 0.1115 0.9414
vn 0.9161 0.2508 -0.3127
vn 0.8534 0.2613 -0.4510
vn 0.1383 0.2552 -0.9569
vn 0.9587 0.2321 -0.1645
vn 0.9774 0.2116 0.0005
vn 0.9587 0.2318 -0.1645
vn -0.9946 -0.0781 -0.0683
vn -0.9950 -0.0770 0.0631
vn -0.9421 -0.0327 -0.3337
vn 0.7838 0.2705 -0.5590
vn 0.9587 0.1836 0.2173
vn -0.7531 0.6139 0.2363
vn -0.8779 -0.2566 0.4041
vn 0.8532 0.2620 -0.4509
vn 0.9575 0.2565 0.1315
vn 0.3562 0.2714 -0.8941
vn 0.2731 0.8359 0.4760
vn 0.5064 0.0999 0.8565
vn 0.4904 0.2755 -0.8267
vn -0.8541 0.4696 0.2238
vn -0.8723 0.4373 0.2185
vn 0.1461 0.1061 -0.9836
vn -0.2034 0.0559 -0.9775
vn 0.9614 0.2239 -0.1597
vn 0.9612 0.2247 -0.1597
vn 0.9724 0.2325 -0.0207
vn -0.9894 -0.1112 -0.0933
vn -0.9942 -0.0913 0.0557
vn 0.7313 0.1757 -0.6590
vn 0.6565 0.1651 -0.7360
vn 0.8723 0.1997 -0.4462
vn 0.8720 0.2016 -0.4461
vn 0.1921 0.9143 0.3565
vn 0.3308 0.8865 0.3235
vn -0.9803 -0.1903 0.0528
vn -0.9510 -0.3082 0.0237
vn -0.8573 0.4859 0.1702
vn 0.5138 0.1488 -0.8449
vn 0.9566 0.2429 0.1610
vn -0.6773 -0.0265 -0.7352
vn 0.8026 0.1848 -0.5671
vn -0.9371 -0.0986 -0.3347
vn 0.9689 -0.2470 0.0139
vn 0.9921 0.1251 0.0118
vn 0.9979 -0.0232 -0.0600
vn 0.5888 -0.8076 -0.0312
vn 0.9231 0.2094 -0.3226
vn 0.3750 0.1354 -0.9171
vn 0.7471 0.6393 0.1819
vn 0.9614 0.2669 0.0662
vn 0.8937 0.0355 -0.4472
vn 0.8272 -0.0126 -0.5617
vn 0.7423 0.6663 0.0711
vn 0.6729 -0.1042 -0.7323
vn 0.5217 -0.1719 -0.8356
vn -0.3336 0.8682 0.3674
vn -0.0764 0.9246 0.3732
vn 0.7487 -0.0589 -0.6602
vn 0.3771 -0.2224 -0.8990
vn 0.1489 -0.2692 -0.9515
vn 0.9705 0.2009 0.1333
vn 0.9852 0.1712 0.0035
vn -0.9882 -0.1439 -0.0522
vn -0.6496 -0.2962 -0.7002
vn -0.9243 -0.2107 -0.3182
vn 0.9783 0.1330 -0.1589
vn 0.9476 0.0872 -0.3072
vn 0.7409 0.6612 0.1174
vn -0.1906 -0.3059 -0.9327
vn 0.9781 0.1347 -0.1589
vn -0.8942 -0.4430 0.0639
vn -0.4974 -0.8674 0.0162
vn 0.8936 0.0394 -0.4471
vn 0.1537 -0.4798 -0.8637
vn -0.1784 -0.5102 -0.8413
vn 0.9823 0.0988 -0.1592
vn 0.9827 0.0945 -0.1593
vn 0.7418 -0.1538 -0.6527
vn 0.6809 -0.2143 -0.7002
vn 0.9917 0.1275 0.0164
vn -0.6842 -0.4109 -0.6026
vn 0.9824 0.1417 0.1220
vn 0.8946 -0.0151 -0.4467
vn 0.8943 -0.0278 -0.4465
vn 0.0598 0.9274 0.3693
vn 0.1197 0.9234 0.3646
vn -0.9865 -0.1567 -0.0463
vn -0.9286 -0.2299 -0.2913
vn 0.5192 -0.3222 -0.7915
vn 0.3678 -0.4104 -0.8344
vn 0.8427 -0.0776 -0.5327
vn 0.9583 0.0504 -0.2811
vn -0.0674 0.9386 0.3383
vn 0.0565 0.9421 0.3305
vn 0.1082 0.9405 0.3221
vn 0.1659 0.9342 0.3157
vn -0.2728 0.8992 0.3420
vn 0.2676 0.9194 0.2882
vn 0.1046 0.9855 0.1337
vn 0.0268 0.9882 0.1505
vn 0.0466 0.9892 0.1391
vn 0.0722 0.9879 0.1373
vn -0.1054 0.9833 0.1484
vn -0.0196 0.9909 0.1328
vn -0.4836 -0.8474 0.2189
vn -0.0348 -0.7641 0.6442
vn 0.1212 -0.7807 0.6130
vn -0.3075 -0.8173 0.4872
vn 0.2182 -0.7639 0.6073
vn 0.3266 -0.7731 0.5437
vn 0.4502 -0.7788 0.4367
vn 0.5859 -0.7911 0.1755
vn -0.6350 0.7586 0.1460
vn -0.9595 -0.0317 0.2797
vn -0.7224 0.0520 0.6894
vn -0.4178 0.8142 0.4030
vn 0.0887 0.7986 0.5952
vn 0.1134 0.0378 0.9928
vn 0.5508 -0.0914 0.8296
vn 0.4096 0.7427 0.5297
vn -0.6323 0.2767 -0.7236
vn -0.7039 0.2734 -0.6555
vn 0.6894 0.0889 -0.7189
vn 0.2001 0.2087 -0.9573
vn -0.1709 0.8356 0.5220
vn -0.3182 0.1115 0.9414
vn -0.1816 0.1082 0.9774
vn -0.0945 0.8455 0.5256
vn -0.8534 0.2613 -0.4510
vn -0.9161 0.2508 -0.3127
vn -0.1383 0.2552 -0.9569
vn -0.9587 0.2321 -0.1645
vn -0.9587 0.2318 -0.1645
vn -0.9774 0.2116 0.0005
vn 0.9950 -0.0770 0.0631
vn 0.9946 -0.0781 -0.0683
vn 0.9421 -0.0327 -0.3337
vn -0.7838 0.2705 -0.5590
vn -0.9587 0.1836 0.2173
vn 0.8779 -0.2566 0.4041
vn 0.7531 0.6139 0.2363
vn -0.8532 0.2620 -0.4509
vn -0.9575 0.2565 0.1315
vn -0.3562 0.2714 -0.8941
vn -0.2731 0.8359 0.4760
vn -0.5064 0.0999 0.8565
vn -0.4904 0.2755 -0.8267
vn 0.8723 0.4373 0.2185
vn 0.8541 0.4696 0.2238
vn 0.2034 0.0559 -0.9775
vn -0.1461 0.1061 -0.9836
vn -0.9612 0.2247 -0.1597
vn -0.9614 0.2239 -0.1597
vn -0.9724 0.2325 -0.0207
vn 0.9942 -0.0913 0.0557
vn 0.9894 -0.1112 -0.0933
vn -0.6565 0.1651 -0.7360
vn -0.7313 0.1757 -0.6590
vn -0.8720 0.2016 -0.4461
vn -0.8723 0.1997 -0.4462
vn -0.3308 0.8865 0.3235
vn -0.1921 0.9143 0.3565
vn 0.8573 0.4859 0.1702
vn 0.9510 -0.3082 0.0237
vn 0.9803 -0.1903 0.0528
vn -0.5138 0.1488 -0.8449
vn -0.9566 0.2429 0.1610
vn 0.6773 -0.0265 -0.7352
vn -0.8026 0.1848 -0.5671
vn 0.9371 -0.0986 -0.3347
vn -0.9689 -0.2470 0.0139
vn -0.5888 -0.8076 -0.0312
vn -0.9979 -0.0232 -0.0600
vn -0.9921 0.1251 0.0118
vn -0.9231 0.2094 -0.3226
vn -0.3750 0.1354 -0.9171
vn -0.7471 0.6393 0.1819
vn -0.9614 0.2669 0.0662
vn -0.8272 -0.0126 -0.5617
vn -0.8937 0.0355 -0.4472
vn -0.7423 0.6663 0.0711
vn -0.5217 -0.1719 -0.8356
vn -0.6729 -0.1042 -0.7323
vn 0.0764 0.9246 0.3732
vn 0.3336 0.8682 0.3674
vn -0.7487 -0.0589 -0.6602
vn -0.1489 -0.2692 -0.9515
vn -0.3771 -0.2224 -0.8990
vn -0.9852 0.1712 0.0035
vn -0.9705 0.2009 0.1333
vn 0.9882 -0.1439 -0.0522
vn 0.9243 -0.2107 -0.3182
vn 0.6496 -0.2962 -0.7002
vn -0.9476 0.0872 -0.3072
vn -0.9783 0.1330 -0.1589
vn -0.7409 0.6612 0.1174
vn 0.1906 -0.3059 -0.9327
vn -0.9781 0.1347 -0.1589
vn 0.4974 -0.8674 0.0162
vn 0.8942 -0.4430 0.0639
vn -0.8936 0.0394 -0.4471
vn 0.1784 -0.5102 -0.8413
vn -0.1537 -0.4798 -0.8637
vn -0.9827 0.0945 -0.1593
vn -0.9823 0.0988 -0.1592
vn -0.6809 -0.2143 -0.7002
vn -0.7418 -0.1538 -0.6527
vn -0.9917 0.1275 0.0164
vn 0.6842 -0.4109 -0.6026
vn -0.9824 0.1417 0.1220
vn -0.8943 -0.0278 -0.4465
vn -0.8946 -0.0151 -0.4467
vn -0.1197 0.9234 0.3646
vn -0.0598 0.9274 0.3693
vn 0.9865 -0.1567 -0.0463
vn 0.9286 -0.2299 -0.2913
vn -0.5192 -0.3222 -0.7915
vn -0.3678 -0.4104 -0.8344
vn -0.8427 -0.0776 -0.5327
vn -0.9583 0.0504 -0.2811
vn -0.0565 0.9421 0.3305
vn 0.0674 0.9386 0.3383
vn -0.1659 0.9342 0.3157
vn -0.1082 0.9405 0.3221
vn 0.2728 0.8992 0.3420
vn -0.2676 0.9194 0.2882
vn -0.1046 0.9855 0.1337
vn -0.0466 0.9892 0.1391
vn -0.0268 0.9882 0.1505
vn -0.0722 0.9879 0.1373
vn 0.1054 0.9833 0.1484
vn 0.0196 0.9909 0.1328
vn 0.4836 -0.8474 0.2189
vn -0.1212 -0.7807 0.6130
vn 0.0348 -0.7641 0.6442
vn 0.3075 -0.8173 0.4872
vn -0.2182 -0.7639 0.6073
vn -0.3266 -0.7731 0.5437
vn -0.4502 -0.7788 0.4367
vn -0.5859 -0.7911 0.1755
usemtl None
s off
f 2836/1/1 2835/2/1 2888/3/1 2887/4/1
f 2841/5/2 2840/6/2 2886/7/2 2885/8/2
f 2840/6/3 2838/9/3 2892/10/3 2886/7/3
f 2833/11/1 2832/12/1 2891/13/1 2890/14/1
f 2834/15/1 2833/11/1 2890/14/1 2889/16/1
f 2838/9/4 2836/1/4 2887/4/4 2892/10/4
f 2835/2/1 2834/15/1 2889/16/1 2888/3/1
f 2887/4/1 2888/3/1 2894/17/1 2893/18/1
f 2885/8/5 2886/7/5 258/19/5 259/20/5
f 2892/10/6 2887/4/6 2893/18/6 2898/21/6
f 2886/7/7 2892/10/7 2898/21/7 258/19/7
f 2890/14/1 2891/13/1 2897/22/1 2896/23/1
f 2889/16/1 2890/14/1 2896/23/1 2895/24/1
f 2888/3/1 2889/16/1 2895/24/1 2894/17/1
f 3040/25/1 3085/26/1 3086/27/1 3039/28/1
f 3045/29/8 3083/30/8 3084/31/8 3044/32/8
f 3044/32/9 3084/31/9 3090/33/9 3042/34/9
f 3037/35/1 3088/36/1 3089/37/1 3036/38/1
f 3038/39/1 3087/40/1 3088/36/1 3037/35/1
f 3042/34/10 3090/33/10 3085/26/10 3040/25/10
f 3039/28/1 3086/27/1 3087/40/1 3038/39/1
f 3085/26/1 3091/41/1 3092/42/1 3086/27/1
f 3083/30/11 852/43/11 851/44/11 3084/31/11
f 3090/33/12 3096/45/12 3091/41/12 3085/26/12
f 3084/31/13 851/44/13 3096/45/13 3090/33/13
f 3088/36/1 3094/46/1 3095/47/1 3089/37/1
f 3087/40/1 3093/48/1 3094/46/1 3088/36/1
f 3086/27/1 3092/42/1 3093/48/1 3087/40/1
s 1
f 420/49/14 419/50/15 21/51/16 22/52/17
f 5/53/18 4/54/19 14/55/20 15/56/21
f 10/57/22 420/49/14 22/52/17 23/58/23
f 6/59/24 5/53/18 15/56/21 16/60/25
f 421/61/26 10/57/22 23/58/23 24/62/27
f 7/63/28 6/59/24 16/60/25 17/64/29
f 422/65/30 421/61/26 24/62/27 25/66/31
f 8/67/32 7/63/28 17/64/29 18/68/33
f 1/69/34 252/70/35 11/71/36
f 221/72/37 236/73/38 438/74/39 437/75/40
f 9/76/41 8/67/32 18/68/33 19/77/42
f 2/78/43 1/69/34 11/71/36 12/79/44
f 418/80/45 9/76/41 19/77/42 20/81/46
f 3/82/47 2/78/43 12/79/44 13/83/48
f 419/50/15 418/80/45 20/81/46 21/51/16
f 4/54/19 3/82/47 13/83/48 14/55/20
f 13/83/48 12/79/44 27/84/49 28/85/50
f 21/51/16 20/81/46 35/86/51 36/87/52
f 14/55/20 13/83/48 28/85/50 29/88/53
f 22/52/17 21/51/16 36/87/52 37/89/54
f 15/56/21 14/55/20 29/88/53 30/90/55
f 23/58/23 22/52/17 37/89/54 38/91/56
f 16/60/25 15/56/21 30/90/55 31/92/57
f 24/62/27 23/58/23 38/91/56 39/93/58
f 17/64/29 16/60/25 31/92/57 32/94/59
f 25/66/31 24/62/27 39/93/58 40/95/60
f 18/68/33 17/64/29 32/94/59 33/96/61
f 11/71/36 252/97/35 26/98/62
f 2524/99/63 381/100/64 380/101/65 2521/102/66
f 19/77/42 18/68/33 33/96/61 34/103/67
f 12/79/44 11/71/36 26/98/62 27/84/49
f 20/81/46 19/77/42 34/103/67 35/86/51
f 32/94/59 31/92/57 46/104/68 47/105/69
f 40/95/60 39/93/58 54/106/70 55/107/71
f 33/96/61 32/94/59 47/105/69 48/108/72
f 26/98/62 252/109/35 41/110/73
f 399/111/74 414/112/75 413/113/76 398/114/77
f 34/103/67 33/96/61 48/108/72 49/115/78
f 27/84/49 26/98/62 41/110/73 42/116/79
f 35/86/51 34/103/67 49/115/78 50/117/80
f 28/85/50 27/84/49 42/116/79 43/118/81
f 36/87/52 35/86/51 50/117/80 51/119/82
f 29/88/53 28/85/50 43/118/81 44/120/83
f 37/89/54 36/87/52 51/119/82 52/121/84
f 30/90/55 29/88/53 44/120/83 45/122/85
f 38/91/56 37/89/54 52/121/84 53/123/86
f 31/92/57 30/90/55 45/122/85 46/104/68
f 39/93/58 38/91/56 53/123/86 54/106/70
f 51/119/82 50/117/80 65/124/87 66/125/88
f 44/120/83 43/118/81 58/126/89 59/127/90
f 52/121/84 51/119/82 66/125/88 67/128/91
f 45/122/85 44/120/83 59/127/90 60/129/92
f 53/123/86 52/121/84 67/128/91 68/130/93
f 46/104/68 45/122/85 60/129/92 61/131/94
f 54/106/70 53/123/86 68/130/93 69/132/95
f 47/105/69 46/104/68 61/131/94 62/133/96
f 55/107/71 54/106/70 69/132/95 70/134/97
f 48/108/72 47/105/69 62/133/96 63/135/98
f 41/110/73 252/136/35 56/137/99
f 1744/138/100 115/139/101 429/140/102 1758/141/103
f 49/115/78 48/108/72 63/135/98 64/142/104
f 42/116/79 41/110/73 56/137/99 57/143/105
f 50/117/80 49/115/78 64/142/104 65/124/87
f 43/118/81 42/116/79 57/143/105 58/126/89
f 70/134/97 69/132/95 84/144/106 85/145/107
f 63/135/98 62/133/96 77/146/108 78/147/109
f 56/137/99 252/148/35 71/149/110
f 25/66/31 40/95/60 423/150/111 424/151/112
f 64/142/104 63/135/98 78/147/109 79/152/113
f 57/143/105 56/137/99 71/149/110 72/153/114
f 65/124/87 64/142/104 79/152/113 80/154/115
f 58/126/89 57/143/105 72/153/114 73/155/116
f 66/125/88 65/124/87 80/154/115 81/156/117
f 59/127/90 58/126/89 73/155/116 74/157/118
f 67/128/91 66/125/88 81/156/117 82/158/119
f 60/129/92 59/127/90 74/157/118 75/159/120
f 68/130/93 67/128/91 82/158/119 83/160/121
f 61/131/94 60/129/92 75/159/120 76/161/122
f 69/132/95 68/130/93 83/160/121 84/144/106
f 62/133/96 61/131/94 76/161/122 77/146/108
f 82/158/119 81/156/117 96/162/123 97/163/124
f 75/159/120 74/157/118 89/164/125 90/165/126
f 83/160/121 82/158/119 97/163/124 98/166/127
f 76/161/122 75/159/120 90/165/126 91/167/128
f 84/144/106 83/160/121 98/166/127 99/168/129
f 77/146/108 76/161/122 91/167/128 92/169/130
f 85/145/107 84/144/106 99/168/129 100/170/131
f 78/147/109 77/146/108 92/169/130 93/171/132
f 71/149/110 252/172/35 86/173/133
f 2532/174/134 370/175/135 369/176/136 2530/177/137
f 79/152/113 78/147/109 93/171/132 94/178/138
f 72/153/114 71/149/110 86/173/133 87/179/139
f 80/154/115 79/152/113 94/178/138 95/180/140
f 73/155/116 72/153/114 87/179/139 88/181/141
f 81/156/117 80/154/115 95/180/140 96/162/123
f 74/157/118 73/155/116 88/181/141 89/164/125
f 86/173/133 252/182/35 101/183/142 1743/184/143
f 190/185/144 205/186/145 435/187/146 434/188/147
f 1745/189/148 1746/190/149 108/191/150 109/192/151
f 1747/193/152 1743/184/143 101/183/142 102/194/153
f 1748/195/154 1745/189/148 109/192/151 110/196/155
f 1749/197/156 1747/193/152 102/194/153 103/198/157
f 1750/199/158 1748/195/154 110/196/155 111/200/159
f 1751/201/160 1749/197/156 103/198/157 104/202/161
f 1752/203/162 1750/199/158 111/200/159 112/204/163
f 1753/205/164 1751/201/160 104/202/161 105/206/165
f 1754/207/166 1752/203/162 112/204/163 113/208/167
f 1755/209/168 1753/205/164 105/206/165 106/210/169
f 1756/211/170 1754/207/166 113/208/167 114/212/171
f 1757/213/172 1755/209/168 106/210/169 107/214/173
f 1744/138/100 1756/211/170 114/212/171 115/139/101
f 1746/190/149 1757/213/172 107/214/173 108/191/150
f 1708/215/174 1709/216/175 119/217/176 120/218/177
f 1710/219/178 1711/220/179 127/221/180 128/222/181
f 1712/223/182 1708/215/174 120/218/177 121/224/183
f 1713/225/184 1710/219/178 128/222/181 129/226/185
f 1714/227/186 1712/223/182 121/224/183 122/228/187
f 1715/229/188 1713/225/184 129/226/185 130/230/189
f 1716/231/190 1714/227/186 122/228/187 123/232/191
f 101/183/142 252/233/35 116/234/192 1717/235/193
f 145/236/194 160/237/195 432/238/196 431/239/197
f 1718/240/198 1716/231/190 123/232/191 124/241/199
f 1719/242/200 1717/235/193 116/234/192 117/243/201
f 1720/244/202 1718/240/198 124/241/199 125/245/203
f 1721/246/204 1719/242/200 117/243/201 118/247/205
f 1722/248/206 1720/244/202 125/245/203 126/249/207
f 1709/216/175 1721/246/204 118/247/205 119/217/176
f 1711/220/179 1722/248/206 126/249/207 127/221/180
f 124/241/199 123/232/191 138/250/208 139/251/209
f 117/243/201 116/234/192 131/252/210 132/253/211
f 125/245/203 124/241/199 139/251/209 140/254/212
f 118/247/205 117/243/201 132/253/211 133/255/213
f 126/249/207 125/245/203 140/254/212 141/256/214
f 119/217/176 118/247/205 133/255/213 134/257/215
f 127/221/180 126/249/207 141/256/214 142/258/216
f 120/218/177 119/217/176 134/257/215 135/259/217
f 128/222/181 127/221/180 142/258/216 143/260/218
f 121/224/183 120/218/177 135/259/217 136/261/219
f 129/226/185 128/222/181 143/260/218 144/262/220
f 122/228/187 121/224/183 136/261/219 137/263/221
f 130/230/189 129/226/185 144/262/220 145/236/194
f 123/232/191 122/228/187 137/263/221 138/250/208
f 116/234/192 252/264/35 131/252/210
f 596/265/222 791/266/223 790/267/224 595/268/225
f 143/260/218 142/258/216 157/269/226 158/270/227
f 136/261/219 135/259/217 150/271/228 151/272/229
f 144/262/220 143/260/218 158/270/227 159/273/230
f 137/263/221 136/261/219 151/272/229 152/274/231
f 145/236/194 144/262/220 159/273/230 160/237/195
f 138/250/208 137/263/221 152/274/231 153/275/232
f 131/252/210 252/276/35 146/277/233
f 370/175/135 385/278/234 384/279/235 369/176/136
f 139/251/209 138/250/208 153/275/232 154/280/236
f 132/253/211 131/252/210 146/277/233 147/281/237
f 140/254/212 139/251/209 154/280/236 155/282/238
f 133/255/213 132/253/211 147/281/237 148/283/239
f 141/256/214 140/254/212 155/282/238 156/284/240
f 134/257/215 133/255/213 148/283/239 149/285/241
f 142/258/216 141/256/214 156/284/240 157/269/226
f 135/259/217 134/257/215 149/285/241 150/271/228
f 147/281/237 146/277/233 161/286/242 162/287/243
f 155/282/238 154/280/236 169/288/244 170/289/245
f 148/283/239 147/281/237 162/287/243 163/290/246
f 156/284/240 155/282/238 170/289/245 171/291/247
f 149/285/241 148/283/239 163/290/246 164/292/248
f 157/269/226 156/284/240 171/291/247 172/293/249
f 150/271/228 149/285/241 164/292/248 165/294/250
f 158/270/227 157/269/226 172/293/249 173/295/251
f 151/272/229 150/271/228 165/294/250 166/296/252
f 159/273/230 158/270/227 173/295/251 174/297/253
f 152/274/231 151/272/229 166/296/252 167/298/254
f 160/237/195 159/273/230 174/297/253 175/299/255
f 153/275/232 152/274/231 167/298/254 168/300/256
f 146/277/233 252/301/35 161/286/242
f 1715/229/188 130/230/189 430/302/257 1723/303/258
f 154/280/236 153/275/232 168/300/256 169/288/244
f 166/296/252 165/294/250 180/304/259 181/305/260
f 174/297/253 173/295/251 188/306/261 189/307/262
f 167/298/254 166/296/252 181/305/260 182/308/263
f 175/299/255 174/297/253 189/307/262 190/185/144
f 168/300/256 167/298/254 182/308/263 183/309/264
f 161/286/242 252/310/35 176/311/265
f 70/134/97 85/145/107 427/312/266 426/313/267
f 169/288/244 168/300/256 183/309/264 184/314/268
f 162/287/243 161/286/242 176/311/265 177/315/269
f 170/289/245 169/288/244 184/314/268 185/316/270
f 163/290/246 162/287/243 177/315/269 178/317/271
f 171/291/247 170/289/245 185/316/270 186/318/272
f 164/292/248 163/290/246 178/317/271 179/319/273
f 172/293/249 171/291/247 186/318/272 187/320/274
f 165/294/250 164/292/248 179/319/273 180/304/259
f 173/295/251 172/293/249 187/320/274 188/306/261
f 185/316/270 184/314/268 199/321/275 200/322/276
f 178/317/271 177/315/269 192/323/277 193/324/278
f 186/318/272 185/316/270 200/322/276 201/325/279
f 179/319/273 178/317/271 193/324/278 194/326/280
f 187/320/274 186/318/272 201/325/279 202/327/281
f 180/304/259 179/319/273 194/326/280 195/328/282
f 188/306/261 187/320/274 202/327/281 203/329/283
f 181/305/260 180/304/259 195/328/282 196/330/284
f 189/307/262 188/306/261 203/329/283 204/331/285
f 182/308/263 181/305/260 196/330/284 197/332/286
f 190/185/144 189/307/262 204/331/285 205/186/145
f 183/309/264 182/308/263 197/332/286 198/333/287
f 176/311/265 252/334/35 191/335/288
f 371/336/289 386/337/290 385/278/234 370/175/135
f 184/314/268 183/309/264 198/333/287 199/321/275
f 177/315/269 176/311/265 191/335/288 192/323/277
f 204/331/285 203/329/283 219/338/291 220/339/292
f 197/332/286 196/330/284 212/340/293 213/341/294
f 205/186/145 204/331/285 220/339/292 221/72/37
f 198/333/287 197/332/286 213/341/294 214/342/295
f 191/335/288 252/343/35 207/344/296
f 387/345/297 402/346/298 401/347/299 386/337/290
f 199/321/275 198/333/287 214/342/295 215/348/300
f 192/323/277 191/335/288 207/344/296 208/349/301
f 200/322/276 199/321/275 215/348/300 216/350/302
f 193/324/278 192/323/277 208/349/301 209/351/303
f 201/325/279 200/322/276 216/350/302 217/352/304
f 194/326/280 193/324/278 209/351/303 210/353/305
f 202/327/281 201/325/279 217/352/304 218/354/306
f 195/328/282 194/326/280 210/353/305 211/355/307
f 203/329/283 202/327/281 218/354/306 219/338/291
f 196/330/284 195/328/282 211/355/307 212/340/293
f 217/352/304 216/350/302 231/356/308 232/357/309
f 210/353/305 209/351/303 224/358/310 225/359/311
f 218/354/306 217/352/304 232/357/309 233/360/312
f 211/355/307 210/353/305 225/359/311 226/361/313
f 219/338/291 218/354/306 233/360/312 234/362/314
f 212/340/293 211/355/307 226/361/313 227/363/315
f 220/339/292 219/338/291 234/362/314 235/364/316
f 213/341/294 212/340/293 227/363/315 228/365/317
f 221/72/37 220/339/292 235/364/316 236/73/38
f 214/342/295 213/341/294 228/365/317 229/366/318
f 207/344/296 252/367/35 222/368/319
f 2531/369/320 377/370/321 376/371/322 2529/372/323
f 215/348/300 214/342/295 229/366/318 230/373/324
f 208/349/301 207/344/296 222/368/319 223/374/325
f 216/350/302 215/348/300 230/373/324 231/356/308
f 209/351/303 208/349/301 223/374/325 224/358/310
f 236/73/38 235/364/316 250/375/326 251/376/327
f 229/366/318 228/365/317 243/377/328 244/378/329
f 222/368/319 252/379/35 237/380/330
f 160/237/195 175/299/255 433/381/331 432/238/196
f 230/373/324 229/366/318 244/378/329 245/382/332
f 223/374/325 222/368/319 237/380/330 238/383/333
f 231/356/308 230/373/324 245/382/332 246/384/334
f 224/358/310 223/374/325 238/383/333 239/385/335
f 232/357/309 231/356/308 246/384/334 247/386/336
f 225/359/311 224/358/310 239/385/335 240/387/337
f 233/360/312 232/357/309 247/386/336 248/388/338
f 226/361/313 225/359/311 240/387/337 241/389/339
f 234/362/314 233/360/312 248/388/338 249/390/340
f 227/363/315 226/361/313 241/389/339 242/391/341
f 235/364/316 234/362/314 249/390/340 250/375/326
f 228/365/317 227/363/315 242/391/341 243/377/328
f 420/49/14 274/392/342 273/393/343 419/50/15
f 791/266/223 872/394/344 873/395/345 833/396/346
f 485/397/347 534/398/348 533/399/349 484/400/350
f 391/401/351 406/402/352 405/403/353 390/404/354
f 2/78/43 264/405/355 263/406/356 1/69/34
f 413/113/76 450/407/357 252/310/35
f 5/53/18 267/408/358 266/409/359 4/54/19
f 421/61/26 276/410/360 275/411/361 10/57/22
f 8/67/32 270/412/362 269/413/363 7/63/28
f 418/80/45 272/414/364 271/415/365 9/76/41
f 443/416/366 490/417/367 489/418/368 442/419/369
f 10/57/22 275/411/361 274/392/342 420/49/14
f 654/420/370 824/421/371 796/422/372 653/423/373
f 403/424/374 440/425/375 417/426/376 402/346/298
f 386/337/290 401/347/299 400/427/377 385/278/234
f 3/82/47 265/428/378 264/405/355 2/78/43
f 274/392/342 289/429/379 288/430/380 273/393/343
f 1/69/34 263/406/356 252/70/35
f 398/114/77 413/113/76 252/301/35
f 276/410/360 291/431/381 290/432/382 275/411/361
f 277/433/383 292/434/384 291/431/381 276/410/360
f 422/65/30 277/433/383 276/410/360 421/61/26
f 264/405/355 279/435/385 278/436/386 263/406/356
f 265/428/378 280/437/387 279/435/385 264/405/355
f 266/409/359 281/438/388 280/437/387 265/428/378
f 267/408/358 282/439/389 281/438/388 266/409/359
f 268/440/390 283/441/391 282/439/389 267/408/358
f 9/76/41 271/415/365 270/412/362 8/67/32
f 270/412/362 285/442/392 284/443/393 269/413/363
f 271/415/365 286/444/394 285/442/392 270/412/362
f 419/50/15 273/393/343 272/414/364 418/80/45
f 273/393/343 288/430/380 287/445/395 272/414/364
f 289/429/379 304/446/396 303/447/397 288/430/380
f 6/59/24 268/440/390 267/408/358 5/53/18
f 4/54/19 266/409/359 265/428/378 3/82/47
f 292/434/384 307/448/398 306/449/399 291/431/381
f 263/406/356 278/436/386 252/97/35
f 279/435/385 294/450/400 293/451/401 278/436/386
f 280/437/387 295/452/402 294/450/400 279/435/385
f 281/438/388 296/453/403 295/452/402 280/437/387
f 7/63/28 269/413/363 268/440/390 6/59/24
f 236/73/38 251/376/327 439/454/404 438/74/39
f 283/441/391 298/455/405 297/456/406 282/439/389
f 284/443/393 299/457/407 298/455/405 283/441/391
f 285/442/392 300/458/408 299/457/407 284/443/393
f 286/444/394 301/459/409 300/458/408 285/442/392
f 287/445/395 302/460/410 301/459/409 286/444/394
f 288/430/380 303/447/397 302/460/410 287/445/395
f 275/411/361 290/432/382 289/429/379 274/392/342
f 422/65/30 25/66/31 424/151/112 451/461/411
f 404/462/412 441/463/413 440/425/375 403/424/374
f 305/464/414 320/465/415 319/466/416 304/446/396
f 299/457/407 314/467/417 313/468/418 298/455/405
f 278/436/386 293/451/401 252/109/35
f 2555/469/419 2569/470/420 864/471/421 367/472/422
f 272/414/364 287/445/395 286/444/394 271/415/365
f 269/413/363 284/443/393 283/441/391 268/440/390
f 297/456/406 312/473/423 311/474/424 296/453/403
f 449/475/425 530/476/426 529/477/427 448/478/428
f 382/479/429 397/480/430 396/481/431 381/100/64
f 2096/482/432 2183/483/433 2181/484/434 2094/485/435
f 407/486/436 444/487/437 443/416/366 406/402/352
f 298/455/405 313/468/418 312/473/423 297/456/406
f 943/488/438 2368/489/439 2366/490/440 944/491/441
f 306/449/399 321/492/442 320/465/415 305/464/414
f 304/446/396 319/466/416 318/493/443 303/447/397
f 2557/494/444 360/495/445 359/496/446 2568/497/447
f 300/458/408 315/498/448 314/467/417 299/457/407
f 311/474/424 326/499/449 325/500/450 310/501/451
f 296/453/403 311/474/424 310/501/451 295/452/402
f 290/432/382 305/464/414 304/446/396 289/429/379
f 301/459/409 316/502/452 315/498/448 300/458/408
f 205/186/145 221/72/37 437/75/40 435/187/146
f 315/498/448 330/503/453 329/504/454 314/467/417
f 282/439/389 297/456/406 296/453/403 281/438/388
f 309/505/455 324/506/456 323/507/457 308/508/458
f 295/452/402 310/501/451 309/505/455 294/450/400
f 318/493/443 333/509/459 332/510/460 317/511/461
f 291/431/381 306/449/399 305/464/414 290/432/382
f 293/451/401 308/508/458 252/136/35
f 335/512/462 350/513/463 349/514/464 334/515/465
f 303/447/397 318/493/443 317/511/461 302/460/410
f 337/516/466 352/517/467 351/518/468 336/519/469
f 319/466/416 334/515/465 333/509/459 318/493/443
f 302/460/410 317/511/461 316/502/452 301/459/409
f 401/347/299 416/520/470 415/521/471 400/427/377
f 408/522/472 445/523/473 444/487/437 407/486/436
f 327/524/474 342/525/475 341/526/476 326/499/449
f 328/527/477 343/528/478 342/525/475 327/524/474
f 329/504/454 344/529/479 343/528/478 328/527/477
f 294/450/400 309/505/455 308/508/458 293/451/401
f 331/530/480 346/531/481 345/532/482 330/503/453
f 332/510/460 347/533/483 346/531/481 331/530/480
f 307/448/398 322/534/484 321/492/442 306/449/399
f 411/535/485 448/478/428 447/536/486 410/537/487
f 40/95/60 55/107/71 425/538/488 423/150/111
f 409/539/489 446/540/490 445/523/473 408/522/472
f 277/433/383 857/541/491 856/542/492 292/434/384
f 394/543/493 409/539/489 408/522/472 393/544/494
f 312/473/423 327/524/474 326/499/449 311/474/424
f 313/468/418 328/527/477 327/524/474 312/473/423
f 316/502/452 331/530/480 330/503/453 315/498/448
f 320/465/415 335/512/462 334/515/465 319/466/416
f 85/145/107 100/170/131 428/545/495 427/312/266
f 533/399/349 651/546/496 650/547/497 532/548/498
f 308/508/458 323/507/457 252/148/35
f 317/511/461 332/510/460 331/530/480 316/502/452
f 442/419/369 489/418/368 488/549/499 441/463/413
f 310/501/451 325/500/450 324/506/456 309/505/455
f 322/534/484 337/516/466 336/519/469 321/492/442
f 2995/550/500 3006/551/501 2434/552/502 2435/553/503
f 440/425/375 487/554/504 486/555/505 417/426/376
f 336/519/469 351/518/468 350/513/463 335/512/462
f 323/507/457 338/556/506 252/172/35
f 1506/557/507 1525/558/508 1524/559/509 1497/560/510
f 1565/561/511 2046/562/512 2045/563/513 1564/564/514
f 484/400/350 533/399/349 532/548/498 483/565/515
f 1474/566/516 1513/567/517 1511/568/518 1463/569/519
f 400/427/377 415/521/471 414/112/75 399/111/74
f 383/570/520 398/114/77 252/276/35
f 490/417/367 590/571/521 589/572/522 489/418/368
f 393/544/494 408/522/472 407/486/436 392/573/523
f 324/506/456 339/574/524 338/556/506 323/507/457
f 2772/575/525 2773/576/526 2735/577/526 2734/578/527
f 322/534/484 861/579/528 862/580/529 337/516/466
f 412/581/530 449/475/425 448/478/428 411/535/485
f 405/403/353 442/419/369 441/463/413 404/462/412
f 321/492/442 336/519/469 335/512/462 320/465/415
f 2088/582/531 2175/583/532 2174/584/533 2087/585/534
f 2042/586/535 2095/587/536 2164/588/537 2044/589/538
f 2770/590/539 2771/591/540 2733/592/541 2732/593/542
f 2165/594/543 2185/595/544 2183/596/433 2096/597/432
f 2048/598/545 2168/599/546 2167/600/547 2047/601/548
f 396/481/431 411/535/485 410/537/487 395/602/549
f 2646/603/550 2647/604/551 2614/605/552 2613/606/553
f 1449/607/554 1402/608/555 2725/609/556 2731/610/557
f 2090/611/558 2177/612/559 2176/613/560 2089/614/561
f 2603/615/562 2604/616/563 1521/617/564 1494/618/565
f 2074/619/566 2169/620/567 2168/599/546 2048/598/545
f 2737/621/568 2738/622/569 2172/623/570 2085/624/571
f 2616/625/572 2617/626/573 2353/627/574 2333/628/575
f 1568/629/576 2074/619/566 2048/598/545 1567/630/577
f 2039/631/578 2092/632/579 2095/587/536 2042/586/535
f 2647/604/551 2648/633/580 2615/634/581 2614/605/552
f 1460/635/582 1557/636/583 1558/637/584 1509/638/585
f 330/503/453 345/532/482 344/529/479 329/504/454
f 2733/592/541 2734/578/527 1539/639/586 1522/640/587
f 2808/641/588 2809/642/589 1540/643/590 1523/644/591
f 2168/599/546 2188/645/592 2187/646/593 2167/600/547
f 2241/647/594 2263/648/595 2262/649/596 2240/650/597
f 787/651/598 829/652/599 828/653/600 658/654/601
f 2306/655/602 2326/656/603 2339/657/604 2319/658/605
f 2816/659/606 2817/660/607 2275/661/608 2255/662/609
f 2240/650/597 2262/649/596 2260/663/610 2238/664/611
f 1526/665/612 1543/666/613 1542/667/614 1525/558/508
f 1525/558/508 1542/667/614 1541/668/615 1524/559/509
f 130/230/189 145/236/194 431/239/197 430/302/257
f 2242/669/616 2264/670/617 2266/671/618 2244/672/619
f 2045/563/513 2165/594/543 2096/597/432 2043/673/620
f 2263/648/595 2283/674/621 2282/675/622 2262/649/596
f 2325/676/623 2345/677/624 2343/678/625 2323/679/626
f 2742/680/627 2743/681/628 2274/682/629 2254/683/630
f 2326/656/603 2346/684/631 2359/685/632 2339/657/604
f 334/515/465 349/514/464 348/686/633 333/509/459
f 2277/687/634 2297/688/635 2296/689/636 2276/690/637
f 314/467/417 329/504/454 328/527/477 313/468/418
f 2330/691/638 2350/692/639 2349/693/640 2329/694/641
f 2320/695/642 2340/696/643 2341/697/644 2321/698/645
f 2304/699/646 2324/700/647 2326/701/603 2306/702/602
f 1527/703/648 1544/704/649 1543/666/613 1526/665/612
f 653/423/373 796/422/372 795/705/650 652/706/651
f 1460/635/582 1509/638/585 1355/707/652
f 1512/708/653 1529/709/654 1531/710/655 1514/711/656
f 530/476/426 869/712/657 870/713/658 596/265/222
f 939/714/659 2372/715/660 2371/716/661 940/717/662
f 2743/681/628 2744/718/663 2294/719/664 2274/682/629
f 397/480/430 866/720/665 867/721/666 412/581/530
f 2865/722/667 2864/723/668 2355/724/669 2335/725/670
f 2268/726/671 2288/727/672 2287/728/673 2267/729/674
f 447/536/486 528/730/675 527/731/676 446/540/490
f 380/101/65 395/602/549 394/543/493 379/732/677
f 2246/733/678 2267/729/674 2265/734/679 2243/735/680
f 338/556/506 2554/736/681 353/737/682 252/182/35
f 2271/738/683 2291/739/684 2290/740/685 2270/741/686
f 2273/742/687 2293/743/688 2292/744/689 2272/745/690
f 326/499/449 341/526/476 340/746/691 325/500/450
f 2331/747/692 2351/748/693 2350/692/639 2330/691/638
f 390/404/354 405/403/353 404/462/412 389/749/694
f 2563/750/695 364/751/696 363/752/697 2561/753/698
f 2817/660/607 2818/754/699 2295/755/700 2275/661/608
f 2560/756/701 355/757/702 354/758/703 2558/759/704
f 2328/760/705 2348/761/706 2347/762/707 2327/763/708
f 402/346/298 417/426/376 416/520/470 401/347/299
f 2262/649/596 2282/675/622 2280/764/709 2260/663/610
f 2564/765/710 357/766/711 356/767/712 2562/768/713
f 385/278/234 400/427/377 399/111/74 384/279/235
f 2523/769/714 373/770/715 372/771/716 2519/772/717
f 2327/763/708 2347/762/707 2345/773/624 2325/774/623
f 2536/775/718 2546/776/719 2374/777/720 937/778/721
f 2521/102/66 380/101/65 379/732/677 2522/779/722
f 2332/780/723 2352/781/724 2351/748/693 2331/747/692
f 2338/782/725 2358/783/726 2357/784/727 2337/785/728
f 2522/779/722 379/732/677 378/786/729 2533/787/730
f 2265/788/679 2285/789/731 2283/674/621 2263/648/595
f 2562/768/713 356/767/712 355/757/702 2560/756/701
f 448/478/428 529/477/427 528/730/675 447/536/486
f 333/509/459 348/686/633 347/533/483 332/510/460
f 377/370/321 392/573/523 391/401/351 376/371/322
f 2559/790/732 362/791/733 361/792/734 2556/793/735
f 2567/794/736 366/795/737 365/796/738 2565/797/739
f 2556/793/735 361/792/734 360/495/445 2557/494/444
f 2561/753/698 363/752/697 362/791/733 2559/790/732
f 2568/497/447 359/496/446 358/798/740 2566/799/741
f 414/112/75 483/565/515 450/407/357 413/113/76
f 940/717/662 2371/716/661 2370/800/742 941/801/743
f 392/573/523 407/486/436 406/402/352 391/401/351
f 2526/802/744 2534/803/745 865/804/746 382/479/429
f 2565/797/739 365/796/738 364/751/696 2563/750/695
f 55/107/71 70/134/97 426/313/267 425/538/488
f 2279/805/747 2299/806/748 2298/807/749 2278/808/750
f 397/480/430 412/581/530 411/535/485 396/481/431
f 374/809/751 389/749/694 388/810/752 373/770/715
f 410/537/487 447/536/486 446/540/490 409/539/489
f 2525/811/753 374/809/751 373/770/715 2523/769/714
f 2533/787/730 378/786/729 377/370/321 2531/369/320
f 378/786/729 393/544/494 392/573/523 377/370/321
f 441/463/413 488/549/499 487/554/504 440/425/375
f 381/100/64 396/481/431 395/602/549 380/101/65
f 353/737/682 2528/812/754 368/813/755 252/233/35
f 375/814/756 390/404/354 389/749/694 374/809/751
f 2558/759/704 354/758/703 353/737/682 2554/736/681
f 384/279/235 399/111/74 398/114/77 383/570/520
f 2529/372/323 376/371/322 375/814/756 2527/815/757
f 369/176/136 384/279/235 383/570/520 368/813/755
f 2555/469/419 367/472/422 366/795/737 2567/794/736
f 325/500/450 340/746/691 339/574/524 324/506/456
f 368/813/755 383/570/520 252/264/35
f 389/749/694 404/462/412 403/424/374 388/810/752
f 406/402/352 443/416/366 442/419/369 405/403/353
f 2520/816/758 371/336/289 370/175/135 2532/174/134
f 388/810/752 403/424/374 402/346/298 387/345/297
f 552/817/759 653/423/373 652/706/651 534/398/348
f 595/268/225 790/267/224 789/818/760 594/819/761
f 531/820/762 649/821/763 252/343/35
f 379/732/677 394/543/493 393/544/494 378/786/729
f 376/371/322 391/401/351 390/404/354 375/814/756
f 2526/802/744 382/479/429 381/100/64 2524/99/63
f 2530/177/137 369/176/136 368/813/755 2528/812/754
f 1536/822/764 1568/629/576 1567/630/577 1535/823/765
f 175/299/255 190/185/144 434/188/147 433/381/331
f 373/770/715 388/810/752 387/345/297 372/771/716
f 2519/772/717 372/771/716 371/336/289 2520/816/758
f 372/771/716 387/345/297 386/337/290 371/336/289
f 2566/799/741 358/798/740 357/766/711 2564/765/710
f 2527/815/757 375/814/756 374/809/751 2525/811/753
f 395/602/549 410/537/487 409/539/489 394/543/493
f 489/418/368 589/572/522 588/824/766 488/549/499
f 532/548/498 650/547/497 649/821/763 531/820/762
f 427/312/266 428/545/495 456/825/767 455/826/768
f 487/554/504 553/827/769 552/817/759 486/555/505
f 2164/828/537 2184/829/770 2197/830/771 2177/612/559
f 426/313/267 427/312/266 455/826/768 454/831/772
f 486/555/505 552/817/759 534/398/348 485/397/347
f 450/407/357 531/820/762 252/334/35
f 425/538/488 426/313/267 454/831/772 453/832/773
f 438/74/39 439/454/404 467/833/774 466/834/775
f 483/565/515 532/548/498 531/820/762 450/407/357
f 423/150/111 425/538/488 453/832/773 206/835/776
f 437/75/40 438/74/39 466/834/775 465/836/777
f 591/837/778 658/654/601 657/838/779 590/571/521
f 424/151/112 423/150/111 206/835/776 452/839/780
f 435/187/146 437/75/40 465/836/777 463/840/781
f 529/477/427 595/268/225 594/819/761 528/730/675
f 434/188/147 435/187/146 463/840/781 462/841/782
f 417/426/376 486/555/505 485/397/347 416/520/470
f 445/523/473 492/842/783 491/843/784 444/487/437
f 433/381/331 434/188/147 462/841/782 461/844/785
f 416/520/470 485/397/347 484/400/350 415/521/471
f 432/238/196 433/381/331 461/844/785 460/845/786
f 589/572/522 656/846/787 655/847/788 588/824/766
f 431/239/197 432/238/196 460/845/786 459/848/789
f 488/549/499 588/824/766 553/827/769 487/554/504
f 451/461/411 424/151/112 452/839/780 468/849/790
f 430/302/257 431/239/197 459/848/789 458/850/791
f 2605/851/792 2606/852/793 1570/853/794 1538/854/795
f 1723/303/258 430/302/257 458/850/791 1724/855/796
f 789/818/760 831/856/797 830/857/798 788/858/799
f 1758/141/103 429/140/102 457/859/800 1759/860/801
f 588/824/766 655/847/788 654/420/370 553/827/769
f 468/849/790 452/839/780 436/861/802 493/862/803
f 458/850/791 459/848/789 475/863/804 474/864/805
f 492/842/783 592/865/806 591/837/778 491/843/784
f 1724/855/796 458/850/791 474/864/805 1725/866/807
f 2812/867/808 2813/868/809 2193/869/810 2173/870/811
f 1759/860/801 457/859/800 473/871/812 1760/872/813
f 1510/873/814 1559/874/815 1557/636/583 1460/635/582
f 590/571/521 657/838/779 656/846/787 589/572/522
f 455/826/768 456/825/767 472/875/816 471/876/817
f 527/731/676 593/877/818 592/865/806 492/842/783
f 446/540/490 527/731/676 492/842/783 445/523/473
f 454/831/772 455/826/768 471/876/817 470/878/819
f 415/521/471 484/400/350 483/565/515 414/112/75
f 528/730/675 594/819/761 593/877/818 527/731/676
f 453/832/773 454/831/772 470/878/819 469/879/820
f 466/834/775 467/833/774 482/880/821 481/881/822
f 790/267/224 832/882/823 831/856/797 789/818/760
f 206/835/776 453/832/773 469/879/820 464/883/824
f 465/836/777 466/834/775 481/881/822 480/884/825
f 592/865/806 787/651/598 658/654/601 591/837/778
f 452/839/780 206/835/776 464/883/824 436/861/802
f 463/840/781 465/836/777 480/884/825 479/885/826
f 444/487/437 491/843/784 490/417/367 443/416/366
f 462/841/782 463/840/781 479/885/826 478/886/827
f 652/706/651 795/705/650 794/887/828 651/546/496
f 530/476/426 596/265/222 595/268/225 529/477/427
f 461/844/785 462/841/782 478/886/827 477/888/829
f 534/398/348 652/706/651 651/546/496 533/399/349
f 460/845/786 461/844/785 477/888/829 476/889/830
f 491/843/784 591/837/778 590/571/521 490/417/367
f 459/848/789 460/845/786 476/889/830 475/863/804
f 1770/890/831 1263/891/832 688/892/833 1761/893/834
f 1399/894/835 2387/895/836 2547/896/837 2539/897/838
f 866/720/665 883/898/839 884/899/840 867/721/666
f 1265/900/841 1262/901/842 689/902/843 690/903/844
f 2718/904/845 2701/905/846 2699/906/847 2696/907/848
f 2294/719/664 2314/908/849 2648/633/580 2647/604/551
f 1266/909/850 1265/900/841 690/903/844 497/910/851
f 2684/911/852 2679/912/853 2681/913/854 2686/914/855
f 1267/915/856 1266/909/850 497/910/851 496/916/857
f 2705/917/858 2711/918/859 2708/919/860 2703/920/861
f 2334/921/862 2354/922/863 2650/923/864 2649/924/572
f 1269/925/865 1267/915/856 496/916/857 495/926/866
f 1270/927/867 1268/928/868 509/929/869 508/930/870
f 2942/931/871 973/932/872 974/933/873 2941/934/874
f 1271/935/875 1269/925/865 495/926/866 494/936/876
f 1272/937/877 1270/927/867 508/930/870 507/938/878
f 1397/939/879 1377/940/880 1383/941/881 971/942/882
f 1273/943/883 1272/937/877 507/938/878 506/944/884
f 1264/945/885 1271/935/875 494/936/876 510/946/886
f 2940/947/887 977/948/888 978/949/889 2939/950/890
f 1274/951/891 1273/943/883 506/944/884 505/952/892
f 833/396/346 251/376/327 250/375/326 832/882/823
f 1275/953/893 1274/951/891 505/952/892 504/954/894
f 2694/955/895 2698/956/896 2701/905/846 2718/904/845
f 1276/957/897 1275/953/893 504/954/894 503/958/898
f 2632/959/899 2636/960/900 2603/615/562 2594/961/901
f 1277/962/902 1276/957/897 503/958/898 686/963/903
f 937/778/721 2374/777/720 2373/964/904 938/965/905
f 1278/966/906 1277/962/902 686/963/903 687/967/907
f 2719/968/908 2700/969/909 2698/956/896 2694/955/895
f 1735/970/910 1278/966/906 687/967/907 1726/971/911
f 649/821/763 792/972/912 252/367/35
f 2469/973/913 2481/974/914 2588/975/915 2587/976/916
f 496/916/857 497/910/851 514/977/917 513/978/918
f 791/266/223 833/396/346 832/882/823 790/267/224
f 2576/979/919 2575/980/920 1378/981/921 1394/982/922
f 495/926/866 496/916/857 513/978/918 512/983/923
f 2067/984/924 2066/985/925 526/986/926 525/987/927
f 795/705/650 240/387/337 239/385/335 794/887/828
f 494/936/876 495/926/866 512/983/923 511/988/928
f 2068/989/929 2067/984/924 525/987/927 524/990/930
f 1369/991/931 1004/992/932 2627/993/933 2626/994/934
f 2069/995/935 2068/989/929 524/990/930 523/996/936
f 880/997/937 935/998/938 2571/999/939 2570/1000/940
f 2070/1001/941 2069/995/935 523/996/936 522/1002/942
f 1003/1003/943 1279/1004/944 2757/1005/945 2760/1006/946
f 2071/1007/947 2070/1001/941 522/1002/942 521/1008/948
f 651/546/496 794/887/828 793/1009/949 650/547/497
f 2072/1010/950 2071/1007/947 521/1008/948 520/1011/951
f 343/528/478 2566/799/741 2564/765/710 342/525/475
f 2073/1012/952 2072/1010/950 520/1011/951 691/1013/953
f 2372/715/660 956/1014/954 957/1015/955 2371/716/661
f 1845/1016/956 721/1017/957 707/1018/958 1824/1019/959
f 1366/1020/960 968/1021/961 1371/1022/962 985/1023/963
f 720/1024/964 518/1025/965 709/1026/966 703/1027/967
f 2371/716/661 957/1015/955 958/1028/968 2370/800/742
f 2029/1029/969 516/1030/970 711/1031/971 2028/1032/972
f 2275/661/608 2295/755/700 2781/1033/973 2780/1034/974
f 510/946/886 494/936/876 511/988/928 535/1035/975
f 719/1036/976 716/1037/977 705/1038/978 710/1039/979
f 2765/1040/980 2764/1041/981 1382/1042/982 1391/1043/983
f 2697/1044/984 2702/1045/985 2705/917/858 2700/969/909
f 497/910/851 690/903/844 515/1046/986 514/977/917
f 2373/964/904 1360/1047/987 956/1014/954 2372/715/660
f 2374/777/720 1361/1048/988 1360/1047/987 2373/964/904
f 2019/1049/989 2020/1050/990 549/1051/991 548/1052/992
f 792/972/912 237/380/330 252/379/35
f 2021/1053/993 2019/1049/989 548/1052/992 547/1054/994
f 2439/1055/995 2472/1056/996 2552/1057/997 2551/1058/998
f 2022/1059/999 2021/1053/993 547/1054/994 546/1060/1000
f 989/1061/1001 969/1062/1002 1390/1063/1003 988/1064/1004
f 2023/1065/1005 2022/1059/999 546/1060/1000 545/1066/1006
f 2571/999/939 2581/1067/1007 2361/1068/1008 936/1069/1009
f 2024/1070/1010 2023/1065/1005 545/1066/1006 693/1071/1011
f 793/1009/949 238/383/333 237/380/330 792/972/912
f 516/1030/970 713/1072/1012 706/1073/1013 711/1031/971
f 944/491/441 2366/490/440 1268/928/868 482/880/821
f 1989/1074/1014 715/1075/1015 712/1076/1016 1988/1077/1017
f 2420/1078/1018 2493/1079/1019 2465/1080/1020 2467/1081/1021
f 1765/1082/1022 717/1083/1023 704/1084/1024 1764/1085/1025
f 337/516/466 862/580/529 863/1086/1026 352/517/467
f 535/1035/975 511/988/928 536/1087/1027 554/1088/1028
f 718/1089/1029 719/1036/976 710/1039/979 702/1090/1030
f 2188/645/592 2208/1091/1031 2207/1092/1032 2187/646/593
f 2235/1093/1033 2257/1094/1034 2256/1095/1035 2234/1096/1036
f 514/977/917 515/1046/986 697/1097/1037 539/1098/1038
f 2095/587/536 2182/1099/1039 2184/1100/770 2164/588/537
f 2491/1101/1040 2414/1102/1041 2750/1103/1042 2754/1104/1043
f 513/978/918 514/977/917 539/1098/1038 538/1105/1044
f 2963/1106/1045 2954/1107/1046 2410/1108/1047 2488/1109/1048
f 352/517/467 2555/469/419 2567/794/736 351/518/468
f 512/983/923 513/978/918 538/1105/1044 537/1110/1049
f 2026/1111/1050 2025/1112/1051 551/1113/1052 550/1114/1053
f 2662/1115/1054 2663/1116/1055 2491/1101/1040 2479/1117/1056
f 511/988/928 512/983/923 537/1110/1049 536/1087/1027
f 2020/1050/990 2026/1111/1050 550/1114/1053 549/1051/991
f 2545/1118/1057 2539/897/838 1373/1119/1058 1455/1120/1059
f 545/1066/1006 546/1060/1000 565/1121/1060 564/1122/1061
f 2321/698/645 2341/697/644 2344/1123/1062 2324/700/647
f 693/1071/1011 545/1066/1006 564/1122/1061 563/1124/1063
f 2225/1125/1064 2246/733/678 2243/735/680 2223/1126/1065
f 694/1127/1066 693/1071/1011 563/1124/1063 562/1128/1067
f 1444/1129/1068 1405/1130/1069 1400/1131/1070 1451/1132/1071
f 1706/1133/1072 694/1127/1066 562/1128/1067 1778/1134/1073
f 2920/1135/1074 2921/1136/1075 2406/1137/1076 2394/1138/1077
f 1910/1139/1078 695/1140/1079 561/1141/1080 1853/1142/1081
f 3001/1143/1082 2622/1144/1083 2661/1145/1084 3002/1146/1085
f 554/1088/1028 536/1087/1027 555/1147/1086 571/1148/1087
f 1979/1149/1088 696/1150/1089 560/1151/1090 1980/1152/1091
f 2691/1153/1092 2670/1154/1093 2673/1155/1094 2495/1156/1095
f 824/421/371 242/391/341 241/389/339 796/422/372
f 539/1098/1038 697/1097/1037 559/1157/1096 558/1158/1097
f 2388/1159/1098 2400/1160/1099 2583/1161/1100 2582/1162/1101
f 2395/1163/1102 2407/1164/1103 2397/1165/1104 2385/1166/1105
f 538/1105/1044 539/1098/1038 558/1158/1097 557/1167/1106
f 796/422/372 241/389/339 240/387/337 795/705/650
f 2638/1168/1107 2639/1169/793 2606/852/793 2605/851/792
f 537/1110/1049 538/1105/1044 557/1167/1106 556/1170/1108
f 550/1114/1053 551/1113/1052 570/1171/1109 569/1172/1110
f 1393/1173/1111 1379/1174/1112 2575/980/920 2576/979/919
f 536/1087/1027 537/1110/1049 556/1170/1108 555/1147/1086
f 549/1051/991 550/1114/1053 569/1172/1110 568/1175/1113
f 422/65/30 451/461/411 857/541/491 277/433/383
f 548/1052/992 549/1051/991 568/1175/1113 567/1176/1114
f 2541/1177/1115 2540/1178/1116 1377/940/880 1397/939/879
f 547/1054/994 548/1052/992 567/1176/1114 566/1179/1117
f 2175/583/532 2195/1180/1118 2194/1181/1119 2174/584/533
f 546/1060/1000 547/1054/994 566/1179/1117 565/1121/1060
f 953/1182/1120 1362/1183/1121 2572/1184/1122 2573/1185/1123
f 1778/1134/1073 562/1128/1067 579/1186/1124 1779/1187/1125
f 954/1188/1126 1397/939/879 971/942/882 955/1189/1127
f 1853/1142/1081 561/1141/1080 578/1190/1128 1908/1191/1129
f 831/856/797 249/390/340 248/388/338 830/857/798
f 571/1148/1087 555/1147/1086 572/1192/1130 598/1193/1131
f 1980/1152/1091 560/1151/1090 577/1194/1132 1981/1195/1133
f 363/752/697 2533/787/730 2531/369/320 362/791/733
f 827/1196/1134 245/382/332 244/378/329 826/1197/1135
f 558/1158/1097 559/1157/1096 576/1198/1136 575/1199/1137
f 893/1200/1138 2364/1201/1139 2363/1202/1140 894/1203/1141
f 829/652/599 247/386/336 246/384/334 828/653/600
f 557/1167/1106 558/1158/1097 575/1199/1137 574/1204/1142
f 872/394/344 889/1205/1143 890/1206/1144 873/395/345
f 2292/744/689 2312/1207/1145 2311/1208/1146 2291/739/684
f 556/1170/1108 557/1167/1106 574/1204/1142 573/1209/1147
f 569/1172/1110 570/1171/1109 587/1210/1148 586/1211/1149
f 2766/1212/1150 2767/1213/1151 1428/1214/1152 1412/1215/1153
f 555/1147/1086 556/1170/1108 573/1209/1147 572/1192/1130
f 568/1175/1113 569/1172/1110 586/1211/1149 585/1216/1154
f 655/847/788 825/1217/1155 824/421/371 654/420/370
f 567/1176/1114 568/1175/1113 585/1216/1154 584/1218/1156
f 2044/1219/538 2164/828/537 2177/612/559 2090/611/558
f 566/1179/1117 567/1176/1114 584/1218/1156 583/1220/1157
f 2998/1221/1158 2442/1222/1159 2443/1223/1160 2993/1224/1161
f 565/1121/1060 566/1179/1117 583/1220/1157 582/1225/1162
f 2538/1226/1163 2541/1177/1115 1397/939/879 954/1188/1126
f 564/1122/1061 565/1121/1060 582/1225/1162 581/1227/1164
f 2951/1228/1165 2945/1229/1166 1375/1230/1167 1454/1231/1168
f 563/1124/1063 564/1122/1061 581/1227/1164 580/1232/1169
f 2762/1233/1170 2765/1040/980 1391/1043/983 986/1234/1171
f 562/1128/1067 563/1124/1063 580/1232/1169 579/1186/1124
f 1422/1235/1172 1446/1236/1173 1450/1237/1174 1426/1238/1175
f 493/862/803 1264/945/885 2367/1239/1176 871/1240/1177
f 575/1199/1137 576/1198/1136 603/1241/1178 602/1242/1179
f 2745/1243/1180 2746/1244/1181 2334/921/862 2314/908/849
f 1392/1245/1182 1388/1246/1183 1376/1247/1184 1395/1248/1185
f 574/1204/1142 575/1199/1137 602/1242/1179 601/1249/1186
f 307/448/398 858/1250/1187 861/579/528 322/534/484
f 2394/1138/1077 2406/1137/1076 2401/1251/1188 2389/1252/1189
f 573/1209/1147 574/1204/1142 601/1249/1186 600/1253/1190
f 586/1211/1149 587/1210/1148 614/1254/1191 613/1255/1192
f 858/1250/1187 877/1256/1193 878/1257/1194 861/579/528
f 572/1192/1130 573/1209/1147 600/1253/1190 599/1258/1195
f 585/1216/1154 586/1211/1149 613/1255/1192 612/1259/1196
f 2094/485/435 2181/484/434 2180/1260/1197 2093/1261/1198
f 584/1218/1156 585/1216/1154 612/1259/1196 611/1262/1199
f 2414/1102/1041 2426/1263/1200 2665/1264/1201 2750/1103/1042
f 583/1220/1157 584/1218/1156 611/1262/1199 610/1265/1202
f 985/1023/963 1392/1245/1182 1395/1248/1185 1366/1020/960
f 582/1225/1162 583/1220/1157 610/1265/1202 609/1266/1203
f 2258/1267/1204 2278/808/750 2277/687/634 2257/1094/1034
f 581/1227/1164 582/1225/1162 609/1266/1203 608/1268/1205
f 2544/1269/1206 2542/1270/1207 1417/1271/1208 1437/1272/1209
f 580/1232/1169 581/1227/1164 608/1268/1205 607/1273/1210
f 2259/1274/1211 2279/805/747 2278/808/750 2258/1267/1204
f 579/1186/1124 580/1232/1169 607/1273/1210 606/1275/1212
f 1378/981/921 1439/1276/1213 2544/1269/1206 2540/1178/1116
f 1779/1187/1125 579/1186/1124 606/1275/1212 1780/1277/1214
f 2764/1041/981 2768/1278/1215 1434/1279/1216 1382/1042/982
f 1908/1191/1129 578/1190/1128 605/1280/1217 1844/1281/1218
f 2782/1282/1219 2783/1283/1181 2746/1244/1181 2745/1243/1180
f 598/1193/1131 572/1192/1130 599/1258/1195 615/1284/1220
f 1981/1195/1133 577/1194/1132 604/1285/1221 1982/1286/1222
f 613/1255/1192 614/1254/1191 631/1287/1223 630/1288/1224
f 2607/1289/1225 2608/1290/1226 2171/1291/1227 2084/1292/1228
f 599/1258/1195 600/1253/1190 617/1293/1229 616/1294/1230
f 612/1259/1196 613/1255/1192 630/1288/1224 629/1295/1231
f 2171/1291/1227 2191/1296/1232 2190/1297/1233 2170/1298/1234
f 611/1262/1199 612/1259/1196 629/1295/1231 628/1299/1235
f 1432/1300/1236 1408/1301/1237 1409/1302/1238 1438/1303/1239
f 610/1265/1202 611/1262/1199 628/1299/1235 627/1304/1240
f 2184/829/770 2204/1305/1241 2217/1306/1242 2197/830/771
f 609/1266/1203 610/1265/1202 627/1304/1240 626/1307/1243
f 2092/632/579 2179/1308/1244 2182/1099/1039 2095/587/536
f 608/1268/1205 609/1266/1203 626/1307/1243 625/1309/1245
f 2577/1310/1246 2578/1311/1247 1421/1312/1248 1411/1313/1249
f 607/1273/1210 608/1268/1205 625/1309/1245 624/1314/1250
f 1564/564/514 2045/563/513 2043/673/620 1562/1315/1251
f 606/1275/1212 607/1273/1210 624/1314/1250 623/1316/1252
f 2389/1252/1189 2401/1251/1188 2619/1317/1253 2618/1318/1254
f 1780/1277/1214 606/1275/1212 623/1316/1252 1781/1319/1255
f 2482/1320/1256 2413/1321/1257 2620/1322/1258 2624/1323/1259
f 1844/1281/1218 605/1280/1217 622/1324/1260 1856/1325/1261
f 1413/1326/1262 1422/1235/1172 1426/1238/1175 1408/1301/1237
f 615/1284/1220 599/1258/1195 616/1294/1230 632/1327/1263
f 1982/1286/1222 604/1285/1221 621/1328/1264 1983/1329/1265
f 2780/1034/974 2781/1033/973 2744/718/663 2743/681/628
f 2633/1330/1266 2626/994/934 2517/1331/1267 2595/1332/1268
f 602/1242/1179 603/1241/1178 620/1333/1269 619/1334/1270
f 833/396/346 873/395/345 439/454/404 251/376/327
f 2738/622/569 2739/1335/1271 2192/1336/1272 2172/623/570
f 601/1249/1186 602/1242/1179 619/1334/1270 618/1337/1273
f 1438/1303/1239 1409/1302/1238 1410/1338/1274 1433/1339/1275
f 2038/1340/1276 2091/1341/1277 2092/632/579 2039/631/578
f 600/1253/1190 601/1249/1186 618/1337/1273 617/1293/1229
f 627/1304/1240 628/1299/1235 645/1342/1278 644/1343/1279
f 2086/1344/1280 2173/870/811 2775/1345/569 2774/1346/568
f 626/1307/1243 627/1304/1240 644/1343/1279 643/1347/1281
f 2702/1045/985 2707/1348/1282 2711/918/859 2705/917/858
f 625/1309/1245 626/1307/1243 643/1347/1281 642/1349/1283
f 1371/1022/962 1002/1350/1284 2793/1351/1285 2792/1352/1286
f 624/1314/1250 625/1309/1245 642/1349/1283 641/1353/1287
f 2948/1354/1288 2949/1355/1289 1430/1356/1290 1416/1357/1291
f 623/1316/1252 624/1314/1250 641/1353/1287 640/1358/1292
f 3002/1146/1085 2661/1145/1084 2441/1359/1293 2992/1360/1294
f 1781/1319/1255 623/1316/1252 640/1358/1292 1782/1361/1295
f 788/858/799 830/857/798 829/652/599 787/651/598
f 1856/1325/1261 622/1324/1260 639/1362/1296 1814/1363/1297
f 593/877/818 788/858/799 787/651/598 592/865/806
f 632/1327/1263 616/1294/1230 633/1364/1298 659/1365/1299
f 1983/1329/1265 621/1328/1264 638/1366/1300 1984/1367/1301
f 2644/1368/1302 2645/1369/1303 2612/1370/1304 2611/1371/1305
f 1426/1238/1175 1450/1237/1174 1444/1129/1068 1420/1372/1306
f 619/1334/1270 620/1333/1269 637/1373/1307 636/1374/1308
f 2916/1375/1309 2917/1376/1310 1429/1377/1311 1414/1378/1312
f 3003/1379/1313 2752/1380/1314 2789/1381/1315 3004/1382/1316
f 618/1337/1273 619/1334/1270 636/1374/1308 635/1383/1317
f 2176/613/560 2196/1384/1318 2195/1180/1118 2175/583/532
f 2912/1385/1319 2914/1386/1320 969/1062/1002 989/1061/1001
f 617/1293/1229 618/1337/1273 635/1383/1317 634/1387/1321
f 630/1288/1224 631/1287/1223 648/1388/1322 647/1389/1323
f 2177/612/559 2197/830/771 2196/1384/1318 2176/613/560
f 616/1294/1230 617/1293/1229 634/1387/1321 633/1364/1298
f 629/1295/1231 630/1288/1224 647/1389/1323 646/1390/1324
f 1523/644/591 1540/643/590 2772/575/525 2771/591/540
f 628/1299/1235 629/1295/1231 646/1390/1324 645/1342/1278
f 2792/1352/1286 2793/1351/1285 1003/1003/943 1370/1391/1325
f 641/1353/1287 642/1349/1283 669/1392/1326 668/1393/1327
f 2305/1394/1328 2325/676/623 2323/679/626 2303/1395/1329
f 640/1358/1292 641/1353/1287 668/1393/1327 667/1396/1330
f 1377/940/880 1437/1272/1209 1442/1397/1331 1383/941/881
f 1782/1361/1295 640/1358/1292 667/1396/1330 1783/1398/1332
f 2499/1399/1333 2504/1400/1334 2502/1401/1335 2497/1402/1336
f 1814/1363/1297 639/1362/1296 666/1403/1337 1911/1404/1338
f 994/1405/1339 1011/1406/1340 1012/1407/1341 995/1408/1342
f 659/1365/1299 633/1364/1298 660/1409/1343 677/1410/1344
f 1984/1367/1301 638/1366/1300 665/1411/1345 1985/1412/1346
f 882/1413/1347 937/778/721 938/965/905 883/898/839
f 2569/470/420 2570/1000/940 881/1414/1348 864/471/421
f 636/1374/1308 637/1373/1307 664/1415/1349 663/1416/1350
f 594/819/761 789/818/760 788/858/799 593/877/818
f 2637/1417/1351 2638/1168/1107 2605/851/792 2604/616/563
f 635/1383/1317 636/1374/1308 663/1416/1350 662/1418/1352
f 2404/1419/1353 2993/1224/1161 3010/1420/1354 2953/1421/1355
f 2220/1422/1356 2240/650/597 2238/664/611 2218/1423/1357
f 634/1387/1321 635/1383/1317 662/1418/1352 661/1424/1358
f 647/1389/1323 648/1388/1322 675/1425/329 674/1426/1359
f 1386/1427/1360 1435/1428/1361 1441/1429/1362 1380/1430/1363
f 633/1364/1298 634/1387/1321 661/1424/1358 660/1409/1343
f 646/1390/1324 647/1389/1323 674/1426/1359 673/1431/1364
f 2913/1432/1365 2918/1433/1366 1435/1428/1361 1386/1427/1360
f 645/1342/1278 646/1390/1324 673/1431/1364 672/1434/1367
f 1435/1428/1361 1414/1378/1312 1415/1435/1368 1441/1429/1362
f 644/1343/1279 645/1342/1278 672/1434/1367 671/1436/1369
f 1408/1301/1237 1426/1238/1175 1420/1372/1306 1409/1302/1238
f 643/1347/1281 644/1343/1279 671/1436/1369 670/1437/1370
f 2803/1438/1371 2804/1439/1372 1422/1235/1172 1413/1326/1262
f 642/1349/1283 643/1347/1281 670/1437/1370 669/1392/1326
f 2994/1440/1373 2433/1441/1374 2586/1442/1375 3000/1443/1376
f 677/1410/1344 660/1409/1343 678/1444/1377 681/1445/1378
f 2702/1045/985 2697/1044/984 2899/1446/1379 2689/1447/1380
f 2406/1137/1076 2933/1448/1381 2934/1449/1382 2401/1251/1188
f 674/1426/1359 675/1425/329 680/1450/1383 679/1451/1384
f 679/1452/1384 680/1453/1383 684/1454/1385 683/1455/1386
f 553/827/769 654/420/370 653/423/373 552/817/759
f 1384/1456/1387 1438/1303/1239 1433/1339/1275 1379/1174/1112
f 681/1457/1378 678/1458/1377 682/1459/1388 685/1460/1389
f 783/1461/1390 779/1462/1391 780/1463/1392 784/1464/1393
f 502/1465/1394 501/1466/1395 687/967/907 686/963/903
f 1727/1467/1396 500/1468/1397 688/892/833 1726/971/911
f 1762/1469/1398 499/1470/1399 689/902/843 1761/893/834
f 499/1470/1399 498/1471/1400 690/903/844 689/902/843
f 2075/1472/1401 502/1465/1394 686/963/903 2073/1012/952
f 498/1471/1400 692/1473/1402 515/1046/986 690/903/844
f 543/1474/1403 544/1475/1404 693/1071/1011 694/1127/1066
f 1784/1476/1405 543/1474/1403 694/1127/1066 1706/1133/1072
f 1912/1477/1406 542/1478/1407 695/1140/1079 1910/1139/1078
f 1986/1479/1408 541/1480/1409 696/1150/1089 1979/1149/1088
f 2027/1481/1410 519/1482/1411 691/1013/953 2024/1070/1010
f 692/1473/1402 540/1483/1412 697/1097/1037 515/1046/986
f 1849/1484/1413 772/1485/1414 725/1486/1415 1823/1487/1416
f 778/1488/1417 771/1489/1418 727/1490/1419 699/1491/1420
f 2034/1492/1421 776/1493/1422 729/1494/1423 2030/1495/1424
f 767/1496/1425 774/1497/1426 723/1498/1427 728/1499/1428
f 776/1493/1422 770/1500/1429 724/1501/1430 729/1494/1423
f 1993/1502/1431 769/1503/1432 730/1504/1433 1987/1505/1434
f 1769/1506/1435 768/1507/1436 722/1508/1437 1763/1509/1438
f 773/1510/1439 767/1496/1425 728/1499/1428 700/1511/1440
f 2078/1512/1441 517/1513/1442 698/1514/1443 2077/1515/1444
f 715/1075/1015 718/1089/1029 702/1090/1030 712/1076/1016
f 1730/1516/1445 720/1024/964 703/1027/967 1729/1517/1446
f 1952/1518/1447 714/1519/1448 708/1520/1449 1951/1521/1450
f 1949/1522/1451 541/1480/1409 714/1519/1448 1952/1518/1447
f 1727/1467/1396 501/1466/1395 720/1024/964 1730/1516/1445
f 540/1483/1412 692/1473/1402 718/1089/1029 715/1075/1015
f 2075/1472/1401 519/1482/1411 517/1513/1442 2078/1512/1441
f 692/1473/1402 498/1471/1400 719/1036/976 718/1089/1029
f 1762/1469/1398 500/1468/1397 717/1083/1023 1765/1082/1022
f 1986/1479/1408 540/1483/1412 715/1075/1015 1989/1074/1014
f 544/1475/1404 543/1474/1403 713/1072/1012 516/1030/970
f 498/1471/1400 499/1470/1399 716/1037/977 719/1036/976
f 2027/1481/1410 544/1475/1404 516/1030/970 2029/1029/969
f 501/1466/1395 502/1465/1394 518/1025/965 720/1024/964
f 1822/1523/1452 542/1478/1407 721/1017/957 1845/1016/956
f 2082/1524/1453 777/1525/1454 701/1526/1455 2076/1527/1456
f 769/1503/1432 773/1510/1439 700/1511/1440 730/1504/1433
f 1734/1528/1457 778/1488/1417 699/1491/1420 1728/1529/1458
f 1956/1530/1459 775/1531/1460 726/1532/1461 1950/1533/1462
f 1955/1534/1463 757/1535/1464 735/1536/1465 1953/1537/1466
f 1733/1538/1467 760/1539/1468 740/1540/1469 1731/1541/1470
f 763/1542/1471 755/1543/1472 731/1544/1473 736/1545/1474
f 2081/1546/1475 759/1547/1476 739/1548/1477 2079/1549/1478
f 755/1543/1472 761/1550/1479 732/1551/1480 731/1544/1473
f 1768/1552/1481 762/1553/1482 734/1554/1483 1766/1555/1484
f 1992/1556/1485 763/1542/1471 736/1545/1474 1990/1557/1486
f 758/1558/1487 764/1559/1488 738/1560/1489 737/1561/1490
f 761/1550/1479 756/1562/1491 733/1563/1492 732/1551/1480
f 2033/1564/1493 758/1558/1487 737/1561/1490 2031/1565/1494
f 760/1539/1468 765/1566/1495 741/1567/1496 740/1540/1469
f 1848/1568/1497 766/1569/1498 742/1570/1499 1846/1571/1500
f 1953/1537/1466 735/1536/1465 751/1572/1501 1954/1573/1502
f 1731/1541/1470 740/1540/1469 754/1574/1503 1732/1575/1504
f 736/1545/1474 731/1544/1473 749/1576/1505 745/1577/1506
f 2079/1549/1478 739/1548/1477 753/1578/1507 2080/1579/1508
f 731/1544/1473 732/1551/1480 743/1580/1509 749/1576/1505
f 1766/1555/1484 734/1554/1483 744/1581/1510 1767/1582/1511
f 1990/1557/1486 736/1545/1474 745/1577/1506 1991/1583/1512
f 737/1561/1490 738/1560/1489 746/1584/1513 752/1585/1514
f 732/1551/1480 733/1563/1492 750/1586/1515 743/1580/1509
f 2031/1565/1494 737/1561/1490 752/1585/1514 2032/1587/1516
f 740/1540/1469 741/1567/1496 747/1588/1517 754/1574/1503
f 1846/1571/1500 742/1570/1499 748/1589/1518 1847/1590/1519
f 1824/1019/959 707/1018/958 766/1569/1498 1848/1568/1497
f 703/1027/967 709/1026/966 765/1566/1495 760/1539/1468
f 2028/1032/972 711/1031/971 758/1558/1487 2033/1564/1493
f 710/1039/979 705/1038/978 756/1562/1491 761/1550/1479
f 711/1031/971 706/1073/1013 764/1559/1488 758/1558/1487
f 1988/1077/1017 712/1076/1016 763/1542/1471 1992/1556/1485
f 1764/1085/1025 704/1084/1024 762/1553/1482 1768/1552/1481
f 702/1090/1030 710/1039/979 761/1550/1479 755/1543/1472
f 2077/1515/1444 698/1514/1443 759/1547/1476 2081/1546/1475
f 712/1076/1016 702/1090/1030 755/1543/1472 763/1542/1471
f 1729/1517/1446 703/1027/967 760/1539/1468 1733/1538/1467
f 1951/1521/1450 708/1520/1449 757/1535/1464 1955/1534/1463
f 1954/1573/1502 751/1572/1501 775/1531/1460 1956/1530/1459
f 1732/1575/1504 754/1574/1503 778/1488/1417 1734/1528/1457
f 745/1577/1506 749/1576/1505 773/1510/1439 769/1503/1432
f 2080/1579/1508 753/1578/1507 777/1525/1454 2082/1524/1453
f 749/1576/1505 743/1580/1509 767/1496/1425 773/1510/1439
f 1767/1582/1511 744/1581/1510 768/1507/1436 1769/1506/1435
f 1991/1583/1512 745/1577/1506 769/1503/1432 1993/1502/1431
f 752/1585/1514 746/1584/1513 770/1500/1429 776/1493/1422
f 743/1580/1509 750/1586/1515 774/1497/1426 767/1496/1425
f 2032/1587/1516 752/1585/1514 776/1493/1422 2034/1492/1421
f 754/1574/1503 747/1588/1517 771/1489/1418 778/1488/1417
f 1847/1590/1519 748/1589/1518 772/1485/1414 1849/1484/1413
f 684/1454/1385 782/1591/1520 781/1592/1521 683/1455/1386
f 657/838/779 827/1196/1134 826/1197/1135 656/846/787
f 782/1591/1520 780/1463/1392 779/1462/1391 781/1592/1521
f 468/849/790 493/862/803 871/1240/1177 876/1593/1522
f 596/265/222 870/713/658 872/394/344 791/266/223
f 794/887/828 239/385/335 238/383/333 793/1009/949
f 682/1459/1388 783/1461/1390 784/1464/1393 685/1460/1389
f 2703/920/861 2708/919/860 2712/1594/1523 2706/1595/1524
f 857/541/491 876/1593/1522 597/1596/1525 856/542/492
f 2596/1597/1526 2618/1318/1254 2651/1598/1527 2634/1599/1528
f 412/581/530 867/721/666 868/1600/1529 449/475/425
f 658/654/601 828/653/600 827/1196/1134 657/838/779
f 830/857/798 248/388/338 247/386/336 829/652/599
f 826/1197/1135 244/378/329 243/377/328 825/1217/1155
f 650/547/497 793/1009/949 792/972/912 649/821/763
f 656/846/787 826/1197/1135 825/1217/1155 655/847/788
f 2233/1601/1530 2255/662/609 2779/1602/1531 2778/1603/1532
f 1530/1604/1533 1562/1605/1251 1560/1606/1534 1528/1607/1535
f 361/792/734 2529/372/323 2527/815/757 360/495/445
f 2427/1608/1536 2718/1609/845 2696/1610/848 2666/1611/1537
f 2950/1612/1538 2948/1354/1288 1416/1357/1291 1436/1613/1539
f 2483/1614/1540 2419/1615/1541 2409/1616/1542 2490/1617/1543
f 1533/1618/1544 1565/561/511 1564/564/514 1532/1619/1545
f 2679/912/853 2684/911/852 2687/1620/1546 2682/1621/1547
f 867/721/666 884/899/840 885/1622/1548 868/1600/1529
f 2679/912/853 2674/1623/1549 2676/1624/1550 2681/913/854
f 825/1217/1155 243/377/328 242/391/341 824/421/371
f 995/1408/1342 1012/1407/1341 1013/1625/1551 996/1626/1552
f 2167/600/547 2187/646/593 2186/1627/1553 2166/1628/1554
f 2313/1629/1555 2333/628/575 2332/780/723 2312/1207/1145
f 982/1630/1556 999/1631/1557 1000/1632/1558 983/1633/1559
f 828/653/600 246/384/334 245/382/332 827/1196/1134
f 2585/1634/1560 2693/1635/1561 2691/1153/1092 2423/1636/1562
f 292/434/384 856/542/492 858/1250/1187 307/448/398
f 2291/739/684 2311/1208/1146 2310/1637/1563 2290/740/685
f 2230/1638/1564 2252/1639/1565 2251/1640/1566 2229/1641/1567
f 344/529/479 2568/497/447 2566/799/741 343/528/478
f 1445/1642/1568 1399/894/835 2539/897/838 2545/1118/1057
f 1314/1643/1569 1329/1644/1570 2797/1645/1571 2796/1646/1572
f 2944/1647/1573 2947/1648/1574 970/1649/1575 972/1650/1576
f 2193/869/810 2213/1651/1577 2777/1652/1578 2776/1653/1579
f 1531/1654/655 1563/1655/1580 2037/1656/1581 1544/704/649
f 2946/1657/1582 2950/1612/1538 1436/1613/1539 1372/1658/1583
f 1540/643/590 1572/1659/1584 2773/576/526 2772/575/525
f 2490/1617/1543 2409/1616/1542 2417/1660/1585 2486/1661/1586
f 1417/1271/1208 1431/1662/1587 1424/1663/1588 1418/1664/1589
f 2789/1381/1315 2790/1665/1590 2477/1666/1591 2437/1667/1592
f 2317/1668/1593 2337/785/728 2336/1669/1594 2316/1670/1595
f 2181/484/434 2201/1671/1596 2200/1672/1597 2180/1260/1197
f 2769/1673/1598 2763/1674/1599 1403/1675/1600 1452/1676/1601
f 1000/1632/1558 1017/1677/1602 1018/1678/1603 1001/1679/1604
f 382/479/429 865/804/746 866/720/665 397/480/430
f 2449/1680/1605 2444/1681/1606 2446/1682/1607 2451/1683/1608
f 2917/1376/1310 2919/1684/1609 1453/1685/1610 1429/1377/1311
f 2449/1680/1605 2454/1686/1611 2457/1687/1612 2452/1688/1613
f 856/542/492 597/1596/1525 877/1256/1193 858/1250/1187
f 350/513/463 2565/797/739 2563/750/695 349/514/464
f 889/1205/1143 943/488/438 944/491/441 890/1206/1144
f 999/1631/1557 1016/1689/1614 1017/1677/1602 1000/1632/1558
f 2300/1690/1615 2320/695/642 2321/698/645 2301/1691/1616
f 865/804/746 882/1413/1347 883/898/839 866/720/665
f 2608/1290/1226 2609/1692/1617 2191/1296/1232 2171/1291/1227
f 832/882/823 250/375/326 249/390/340 831/856/797
f 1014/1693/1618 1288/1694/1619 587/1210/1148 570/1171/1109
f 985/1023/963 1371/1022/962 2792/1352/1286 2799/1695/1620
f 2040/1696/1621 2093/1261/1198 2091/1341/1277 2038/1340/1276
f 2683/1697/1622 2688/1698/1623 2686/914/855 2681/913/854
f 997/1699/1624 1014/1693/1618 570/1171/1109 551/1113/1052
f 2918/1433/1366 2916/1375/1309 1414/1378/1312 1435/1428/1361
f 2222/1700/1625 2242/669/616 2244/672/619 2224/1701/1626
f 947/1702/1627 964/1703/1628 965/1704/1629 948/1705/1630
f 2295/755/700 2315/1706/1631 2782/1282/1219 2781/1033/973
f 870/713/658 887/1707/1632 889/1205/1143 872/394/344
f 2589/1708/1633 2590/1709/1634 1281/1710/1635 1007/1711/1636
f 2543/1712/1637 2545/1118/1057 1455/1120/1059 1431/1662/1587
f 873/395/345 890/1206/1144 467/833/774 439/454/404
f 2424/1713/1638 2692/1714/1639 2693/1635/1561 2585/1634/1560
f 2362/1715/1640 1364/1716/1641 1363/1717/1642 2360/1718/1643
f 2535/1719/1644 2536/775/718 937/778/721 882/1413/1347
f 2659/1720/1645 2657/1721/1646 1419/1722/1647 1443/1723/1648
f 861/579/528 878/1257/1194 879/1724/1649 862/580/529
f 949/1725/1650 966/1726/1651 967/1727/1652 950/1728/1653
f 451/461/411 468/849/790 876/1593/1522 857/541/491
f 2713/1729/1654 2707/1348/1282 2668/1730/1655 2751/1731/1656
f 862/580/529 879/1724/1649 880/997/937 863/1086/1026
f 1019/1732/1657 1295/1733/1658 2795/1734/1659 2794/1735/1660
f 1431/1662/1587 1455/1120/1059 1448/1736/1661 1424/1663/1588
f 2333/628/575 2353/627/574 2352/781/724 2332/780/723
f 2534/803/745 2535/1719/1644 882/1413/1347 865/804/746
f 869/712/657 886/1737/1662 887/1707/1632 870/713/658
f 2322/1738/1663 2342/1739/1664 2340/696/643 2320/695/642
f 2189/1740/1665 2209/1741/1666 2208/1091/1031 2188/645/592
f 2581/1067/1007 2572/1184/1122 1362/1183/1121 2361/1068/1008
f 1299/1742/1667 1316/1743/1668 2630/1744/1669 2629/1745/1670
f 2221/1746/1671 2241/647/594 2240/650/597 2220/1422/1356
f 674/1426/1359 679/1451/1384 673/1431/1364
f 660/1409/1343 661/1424/1358 678/1444/1377
f 868/1600/1529 885/1622/1548 886/1737/1662 869/712/657
f 2601/1747/1672 2599/1748/1673 2657/1721/1646 2659/1720/1645
f 683/1455/1386 781/1592/1521 785/1749/1674 799/1750/1675
f 668/1393/1327 669/1392/1326 838/1751/1676 839/1752/1677
f 678/1444/1377 661/1424/1358 898/1753/1678 811/1754/1679
f 667/1396/1330 668/1393/1327 839/1752/1677 840/1755/1680
f 779/1462/1391 783/1461/1390 676/1756/1681 786/1757/1682
f 682/1459/1388 678/1458/1377 811/1758/1679 800/1759/1683
f 1783/1398/1332 667/1396/1330 840/1755/1680 1792/1760/1684
f 1911/1404/1338 666/1403/1337 841/1761/1685 1920/1762/1686
f 672/1434/1367 673/1431/1364 822/1763/1687 823/1764/1688
f 783/1461/1390 682/1459/1388 800/1759/1683 676/1756/1681
f 1985/1412/1346 665/1411/1345 842/1765/1689 1994/1766/1690
f 671/1436/1369 672/1434/1367 823/1764/1688 834/1767/1691
f 663/1416/1350 664/1415/1349 843/1768/1692 895/1769/1693
f 670/1437/1370 671/1436/1369 834/1767/1691 835/1770/1694
f 679/1452/1384 683/1455/1386 799/1750/1675 810/1771/1695
f 662/1418/1352 663/1416/1350 895/1769/1693 896/1772/1696
f 781/1592/1521 779/1462/1391 786/1757/1682 785/1749/1674
f 669/1392/1326 670/1437/1370 835/1770/1694 838/1751/1676
f 673/1431/1364 679/1451/1384 810/1773/1695 822/1763/1687
f 661/1424/1358 662/1418/1352 896/1772/1696 898/1753/1678
f 811/1754/1679 898/1753/1678 917/1774/1697 904/1775/1698
f 838/1751/1676 835/1770/1694 908/1776/1699 909/1777/1700
f 1994/1766/1690 842/1765/1689 913/1778/1701 1995/1779/1702
f 799/1750/1675 785/1749/1674 900/1780/1703 901/1781/1704
f 835/1770/1694 834/1767/1691 907/1782/1705 908/1776/1699
f 822/1763/1687 810/1773/1695 903/1783/1706 905/1784/1707
f 1920/1762/1686 841/1761/1685 912/1785/1708 1921/1786/1709
f 676/1756/1681 800/1759/1683 902/1787/1710 899/1788/1711
f 800/1759/1683 811/1758/1679 904/1789/1698 902/1787/1710
f 786/1757/1682 676/1756/1681 899/1788/1711
f 1792/1760/1684 840/1755/1680 911/1790/1712 1793/1791/1713
f 785/1749/1674 786/1757/1682 900/1780/1703
f 896/1772/1696 895/1769/1693 915/1792/1714 916/1793/1715
f 895/1769/1693 843/1768/1692 914/1794/1716 915/1792/1714
f 810/1771/1695 799/1750/1675 901/1781/1704 903/1795/1706
f 834/1767/1691 823/1764/1688 906/1796/1717 907/1782/1705
f 840/1755/1680 839/1752/1677 910/1797/1718 911/1790/1712
f 823/1764/1688 822/1763/1687 905/1784/1707 906/1796/1717
f 839/1752/1677 838/1751/1676 909/1777/1700 910/1797/1718
f 898/1753/1678 896/1772/1696 916/1793/1715 917/1774/1697
f 1793/1791/1713 911/1790/1712 928/1798/1719 1794/1799/1720
f 901/1781/1704 900/1780/1703 918/1800/1721
f 911/1790/1712 910/1797/1718 927/1801/1722 928/1798/1719
f 903/1795/1706 901/1781/1704 918/1800/1721 920/1802/1723
f 905/1784/1707 903/1783/1706 920/1803/1723 922/1804/1724
f 910/1797/1718 909/1777/1700 926/1805/1725 927/1801/1722
f 917/1774/1697 916/1793/1715 933/1806/1726 934/1807/1727
f 902/1787/1710 904/1789/1698 921/1808/1728 919/1809/1729
f 909/1777/1700 908/1776/1699 925/1810/1730 926/1805/1725
f 916/1793/1715 915/1792/1714 932/1811/1731 933/1806/1726
f 904/1775/1698 917/1774/1697 934/1807/1727 921/1812/1728
f 908/1776/1699 907/1782/1705 924/1813/1732 925/1810/1730
f 915/1792/1714 914/1794/1716 931/1814/1733 932/1811/1731
f 899/1788/1711 902/1787/1710 919/1809/1729
f 907/1782/1705 906/1796/1717 923/1815/1734 924/1813/1732
f 1995/1779/1702 913/1778/1701 930/1816/1735 1996/1817/1736
f 906/1796/1717 905/1784/1707 922/1804/1724 923/1815/1734
f 1921/1786/1709 912/1785/1708 929/1818/1737 1922/1819/1738
f 953/1182/1120 1394/982/922 2541/1177/1115 2538/1226/1163
f 879/1724/1649 897/1820/1739 935/998/938 880/997/937
f 1522/640/587 1539/639/586 2638/1168/1107 2637/1417/1351
f 2399/1821/1740 2997/1822/1741 2999/1823/1742 2548/1824/1743
f 1567/630/577 2048/598/545 2047/601/548 1566/1825/1744
f 2214/1826/1745 2234/1096/1036 2815/1827/1746 2814/1828/1747
f 1410/1338/1274 1427/1829/1748 2578/1311/1247 2577/1310/1246
f 449/475/425 868/1600/1529 869/712/657 530/476/426
f 2672/1830/1749 2677/1831/1750 2675/1832/1751 2670/1154/1093
f 2402/1833/1752 2992/1360/1294 3003/1379/1313 2749/1834/1753
f 986/1234/1171 1391/1043/983 2802/1835/1754 2799/1695/1620
f 2657/1721/1646 2658/1836/1755 1425/1837/1756 1419/1722/1647
f 987/1838/1757 1369/991/931 2626/994/934 2633/1330/1266
f 885/1622/1548 940/717/662 941/801/743 886/1737/1662
f 1427/1829/1748 1451/1132/1071 2580/1839/1758 2578/1311/1247
f 952/1840/1759 1393/1173/1111 2576/979/919 2573/1185/1123
f 2686/914/855 2688/1698/1623 2685/1841/1760 2687/1620/1546 2684/911/852
f 2926/1842/1761 2927/1843/1762 2458/1844/1763 2453/1845/1764
f 1535/823/765 1567/630/577 1566/1825/1744 1534/1846/1765
f 877/1256/1193 893/1200/1138 894/1203/1141 878/1257/1194
f 1370/1391/1325 1003/1003/943 2760/1006/946 2761/1847/1766
f 2239/1848/1767 2261/1849/1768 2264/670/617 2242/669/616
f 2366/490/440 963/1850/1769 509/929/869 1268/928/868
f 890/1206/1144 944/491/441 482/880/821 467/833/774
f 876/1593/1522 871/1240/1177 888/1851/1770 597/1596/1525
f 878/1257/1194 894/1203/1141 897/1820/1739 879/1724/1649
f 2734/578/527 2735/577/526 1571/1852/1771 1539/639/586
f 2677/1831/1750 2682/1621/1547 2680/1853/1772 2675/1832/1751
f 2365/1854/1773 948/1705/1630 949/1725/1650 2364/1201/1139
f 883/898/839 938/965/905 939/714/659 884/899/840
f 2410/1108/1047 2422/1855/1774 2923/1856/1775 2922/1857/1776
f 2420/1078/1018 2467/1081/1021 2468/1858/1777 2428/1859/1778
f 1538/854/795 1570/853/794 1569/1860/1779 1537/1861/1780
f 1264/945/885 510/946/886 947/1702/1627 2367/1239/1176
f 597/1596/1525 888/1851/1770 893/1200/1138 877/1256/1193
f 2237/1862/1781 2259/1274/1211 2258/1267/1204 2236/1863/1782
f 886/1737/1662 941/801/743 942/1864/1783 887/1707/1632
f 2428/1859/1778 2468/1858/1777 2961/1865/1784 2955/1866/1785
f 2243/1867/680 2265/788/679 2263/648/595 2241/647/594
f 2639/1169/793 2640/1868/1225 2607/1289/1225 2606/852/793
f 2459/1869/1786 2454/1686/1611 2456/1870/1787 2461/1871/1788
f 2440/1872/1789 2478/1873/1790 2474/1874/1791 2432/1875/1792
f 2570/1000/940 2571/999/939 936/1069/1009 881/1414/1348
f 2990/1876/1793 2437/1667/1592 2900/1877/1794 3005/1878/1795
f 1344/1879/1796 1497/560/510 2807/1880/1797 2798/1881/1798
f 887/1707/1632 942/1864/1783 943/488/438 889/1205/1143
f 2369/1882/1799 959/1883/1800 962/1884/1801 2368/489/439
f 2195/1180/1118 2215/1885/1802 2214/1826/1745 2194/1181/1119
f 2791/1886/1803 2787/1887/1804 2415/1888/1805 2489/1889/1806
f 1316/1743/1668 1331/1890/1807 2631/1891/1808 2630/1744/1669
f 2223/1892/1065 2243/1867/680 2241/647/594 2221/1746/1671
f 2368/489/439 962/1884/1801 963/1850/1769 2366/490/440
f 2364/1201/1139 949/1725/1650 950/1728/1653 2363/1202/1140
f 2367/1239/1176 947/1702/1627 948/1705/1630 2365/1854/1773
f 2363/1202/1140 950/1728/1653 1364/1716/1641 2362/1715/1640
f 1532/1619/1545 1564/564/514 1562/1315/1251 1530/1893/1533
f 884/899/840 939/714/659 940/717/662 885/1622/1548
f 2256/1095/1035 2276/690/637 2817/660/607 2816/659/606
f 926/1805/1725 925/1810/1730 1032/1894/1809 1033/1895/1810
f 933/1806/1726 932/1811/1731 1039/1896/1811 1040/1897/1812
f 786/1757/1682 899/1788/1711 1023/1898/1813 1022/1899/1814
f 899/1788/1711 919/1809/1729 1026/1900/1815 1023/1898/1813
f 925/1810/1730 924/1813/1732 1031/1901/1816 1032/1894/1809
f 932/1811/1731 931/1814/1733 1038/1902/1817 1039/1896/1811
f 922/1804/1724 920/1803/1723 1027/1903/1818 1029/1904/1819
f 924/1813/1732 923/1815/1734 1030/1905/1820 1031/1901/1816
f 1996/1817/1736 930/1816/1735 1037/1906/1821 1997/1907/1822
f 919/1809/1729 921/1808/1728 1028/1908/1823 1026/1900/1815
f 923/1815/1734 922/1804/1724 1029/1904/1819 1030/1905/1820
f 1922/1819/1738 929/1818/1737 1036/1909/1824 1923/1910/1825
f 921/1812/1728 934/1807/1727 1041/1911/1826 1028/1912/1823
f 918/1800/1721 900/1780/1703 1024/1913/1827 1025/1914/1828
f 1794/1799/1720 928/1798/1719 1035/1915/1829 1795/1916/1830
f 900/1780/1703 786/1757/1682 1022/1899/1814 1024/1913/1827
f 928/1798/1719 927/1801/1722 1034/1917/1831 1035/1915/1829
f 920/1802/1723 918/1800/1721 1025/1914/1828 1027/1918/1818
f 927/1801/1722 926/1805/1725 1033/1895/1810 1034/1917/1831
f 934/1807/1727 933/1806/1726 1040/1897/1812 1041/1911/1826
f 1032/1894/1809 1031/1901/1816 1051/1919/1832 1052/1920/1833
f 1039/1896/1811 1038/1902/1817 1058/1921/1834 1059/1922/1835
f 1029/1904/1819 1027/1903/1818 1047/1923/1836 1049/1924/1837
f 1031/1901/1816 1030/1905/1820 1050/1925/1838 1051/1919/1832
f 1997/1907/1822 1037/1906/1821 1057/1926/1839 1998/1927/1840
f 1026/1900/1815 1028/1908/1823 1048/1928/1841 1046/1929/1842
f 1030/1905/1820 1029/1904/1819 1049/1924/1837 1050/1925/1838
f 1923/1910/1825 1036/1909/1824 1056/1930/1843 1924/1931/1844
f 1028/1912/1823 1041/1911/1826 1061/1932/1845 1048/1933/1841
f 1025/1914/1828 1024/1913/1827 1044/1934/1846 1045/1935/1847
f 1795/1916/1830 1035/1915/1829 1055/1936/1848 1796/1937/1849
f 1024/1913/1827 1022/1899/1814 1042/1938/1850 1044/1934/1846
f 1022/1899/1814 1023/1898/1813 1043/1939/1851 1042/1938/1850
f 1035/1915/1829 1034/1917/1831 1054/1940/1852 1055/1936/1848
f 1027/1918/1818 1025/1914/1828 1045/1935/1847 1047/1941/1836
f 1023/1898/1813 1026/1900/1815 1046/1929/1842 1043/1939/1851
f 1034/1917/1831 1033/1895/1810 1053/1942/1853 1054/1940/1852
f 1041/1911/1826 1040/1897/1812 1060/1943/1854 1061/1932/1845
f 1033/1895/1810 1032/1894/1809 1052/1920/1833 1053/1942/1853
f 1040/1897/1812 1039/1896/1811 1059/1922/1835 1060/1943/1854
f 1055/1936/1848 1054/1940/1852 1074/1944/1855 1075/1945/1856
f 1047/1941/1836 1045/1935/1847 1065/1946/1857 1067/1947/1858
f 1043/1939/1851 1046/1929/1842 1066/1948/1859 1063/1949/1860
f 1054/1940/1852 1053/1942/1853 1073/1950/1861 1074/1944/1855
f 1061/1932/1845 1060/1943/1854 1080/1951/1862 1081/1952/1863
f 1053/1942/1853 1052/1920/1833 1072/1953/1864 1073/1950/1861
f 1060/1943/1854 1059/1922/1835 1079/1954/1865 1080/1951/1862
f 1052/1920/1833 1051/1919/1832 1071/1955/1866 1072/1953/1864
f 1059/1922/1835 1058/1921/1834 1078/1956/1867 1079/1954/1865
f 1049/1924/1837 1047/1923/1836 1067/1957/1858 1069/1958/1868
f 1051/1919/1832 1050/1925/1838 1070/1959/1869 1071/1955/1866
f 1998/1927/1840 1057/1926/1839 1077/1960/1870 1999/1961/1871
f 1046/1929/1842 1048/1928/1841 1068/1962/1872 1066/1948/1859
f 1050/1925/1838 1049/1924/1837 1069/1958/1868 1070/1959/1869
f 1924/1931/1844 1056/1930/1843 1076/1963/1873 1925/1964/1874
f 1048/1933/1841 1061/1932/1845 1081/1952/1863 1068/1965/1872
f 1045/1935/1847 1044/1934/1846 1064/1966/1875 1065/1946/1857
f 1796/1937/1849 1055/1936/1848 1075/1945/1856 1797/1967/1876
f 1044/1934/1846 1042/1938/1850 1062/1968/1877 1064/1966/1875
f 1042/1938/1850 1043/1939/1851 1063/1949/1860 1062/1968/1877
f 1999/1961/1871 1077/1960/1870 1097/1969/1878 2000/1970/1879
f 1066/1948/1859 1068/1962/1872 1088/1971/1880 1086/1972/1881
f 1070/1959/1869 1069/1958/1868 1089/1973/1882 1090/1974/1883
f 1925/1964/1874 1076/1963/1873 1096/1975/1884 1926/1976/1885
f 1068/1965/1872 1081/1952/1863 1101/1977/1886 1088/1978/1880
f 1065/1946/1857 1064/1966/1875 1084/1979/1887 1085/1980/1888
f 1797/1967/1876 1075/1945/1856 1095/1981/1889 1798/1982/1890
f 1064/1966/1875 1062/1968/1877 1082/1983/1891 1084/1979/1887
f 1062/1968/1877 1063/1949/1860 1083/1984/1892 1082/1983/1891
f 1075/1945/1856 1074/1944/1855 1094/1985/1893 1095/1981/1889
f 1067/1947/1858 1065/1946/1857 1085/1980/1888 1087/1986/1894
f 1063/1949/1860 1066/1948/1859 1086/1972/1881 1083/1984/1892
f 1074/1944/1855 1073/1950/1861 1093/1987/1895 1094/1985/1893
f 1081/1952/1863 1080/1951/1862 1100/1988/1896 1101/1977/1886
f 1073/1950/1861 1072/1953/1864 1092/1989/1897 1093/1987/1895
f 1080/1951/1862 1079/1954/1865 1099/1990/1898 1100/1988/1896
f 1072/1953/1864 1071/1955/1866 1091/1991/1899 1092/1989/1897
f 1079/1954/1865 1078/1956/1867 1098/1992/1900 1099/1990/1898
f 1069/1958/1868 1067/1957/1858 1087/1993/1894 1089/1973/1882
f 1071/1955/1866 1070/1959/1869 1090/1974/1883 1091/1991/1899
f 1101/1977/1886 1100/1988/1896 1120/1994/1901 1121/1995/1902
f 1093/1987/1895 1092/1989/1897 1112/1996/1903 1113/1997/1904
f 1100/1988/1896 1099/1990/1898 1119/1998/1905 1120/1994/1901
f 1092/1989/1897 1091/1991/1899 1111/1999/1906 1112/1996/1903
f 1099/1990/1898 1098/1992/1900 1118/2000/1907 1119/1998/1905
f 1089/1973/1882 1087/1993/1894 1107/2001/1908 1109/2002/1909
f 1091/1991/1899 1090/1974/1883 1110/2003/1910 1111/1999/1906
f 2000/1970/1879 1097/1969/1878 1117/2004/1911 2001/2005/1912
f 1086/1972/1881 1088/1971/1880 1108/2006/1913 1106/2007/1914
f 1090/1974/1883 1089/1973/1882 1109/2002/1909 1110/2003/1910
f 1926/1976/1885 1096/1975/1884 1116/2008/1915 1927/2009/1916
f 1088/1978/1880 1101/1977/1886 1121/1995/1902 1108/2010/1913
f 1085/1980/1888 1084/1979/1887 1104/2011/1917 1105/2012/1918
f 1798/1982/1890 1095/1981/1889 1115/2013/1919 1799/2014/1920
f 1084/1979/1887 1082/1983/1891 1102/2015/1921 1104/2011/1917
f 1082/1983/1891 1083/1984/1892 1103/2016/1922 1102/2015/1921
f 1095/1981/1889 1094/1985/1893 1114/2017/1923 1115/2013/1919
f 1087/1986/1894 1085/1980/1888 1105/2012/1918 1107/2018/1908
f 1083/1984/1892 1086/1972/1881 1106/2007/1914 1103/2016/1922
f 1094/1985/1893 1093/1987/1895 1113/1997/1904 1114/2017/1923
f 1108/2010/1913 1121/1995/1902 1141/2019/1924 1128/2020/1925
f 1105/2012/1918 1104/2011/1917 1124/2021/1926 1125/2022/1927
f 1799/2014/1920 1115/2013/1919 1135/2023/1928 1800/2024/1929
f 1104/2011/1917 1102/2015/1921 1122/2025/1930 1124/2021/1926
f 1102/2015/1921 1103/2016/1922 1123/2026/1931 1122/2025/1930
f 1115/2013/1919 1114/2017/1923 1134/2027/1932 1135/2023/1928
f 1107/2018/1908 1105/2012/1918 1125/2022/1927 1127/2028/1933
f 1103/2016/1922 1106/2007/1914 1126/2029/1934 1123/2026/1931
f 1114/2017/1923 1113/1997/1904 1133/2030/1935 1134/2027/1932
f 1121/1995/1902 1120/1994/1901 1140/2031/1936 1141/2019/1924
f 1113/1997/1904 1112/1996/1903 1132/2032/1937 1133/2030/1935
f 1120/1994/1901 1119/1998/1905 1139/2033/1938 1140/2031/1936
f 1112/1996/1903 1111/1999/1906 1131/2034/1939 1132/2032/1937
f 1119/1998/1905 1118/2000/1907 1138/2035/1940 1139/2033/1938
f 1109/2002/1909 1107/2001/1908 1127/2036/1933 1129/2037/1941
f 1111/1999/1906 1110/2003/1910 1130/2038/1942 1131/2034/1939
f 2001/2005/1912 1117/2004/1911 1137/2039/1943 2002/2040/1944
f 1106/2007/1914 1108/2006/1913 1128/2041/1925 1126/2029/1934
f 1110/2003/1910 1109/2002/1909 1129/2037/1941 1130/2038/1942
f 1927/2009/1916 1116/2008/1915 1136/2042/1945 1928/2043/1946
f 1132/2032/1937 1131/2034/1939 1151/2044/1947 1152/2045/1948
f 1139/2033/1938 1138/2035/1940 1158/2046/1949 1159/2047/1950
f 1129/2037/1941 1127/2036/1933 1147/2048/1951 1149/2049/1952
f 1131/2034/1939 1130/2038/1942 1150/2050/1953 1151/2044/1947
f 2002/2040/1944 1137/2039/1943 1157/2051/1954 2003/2052/1955
f 1126/2029/1934 1128/2041/1925 1148/2053/1956 1146/2054/1957
f 1130/2038/1942 1129/2037/1941 1149/2049/1952 1150/2050/1953
f 1928/2043/1946 1136/2042/1945 1156/2055/1958 1929/2056/1959
f 1128/2020/1925 1141/2019/1924 1161/2057/1960 1148/2058/1956
f 1125/2022/1927 1124/2021/1926 1144/2059/1961 1145/2060/1962
f 1800/2024/1929 1135/2023/1928 1155/2061/1963 1801/2062/1964
f 1124/2021/1926 1122/2025/1930 1142/2063/1965 1144/2059/1961
f 1122/2025/1930 1123/2026/1931 1143/2064/1966 1142/2063/1965
f 1135/2023/1928 1134/2027/1932 1154/2065/1967 1155/2061/1963
f 1127/2028/1933 1125/2022/1927 1145/2060/1962 1147/2066/1951
f 1123/2026/1931 1126/2029/1934 1146/2054/1957 1143/2064/1966
f 1134/2027/1932 1133/2030/1935 1153/2067/1968 1154/2065/1967
f 1141/2019/1924 1140/2031/1936 1160/2068/1969 1161/2057/1960
f 1133/2030/1935 1132/2032/1937 1152/2045/1948 1153/2067/1968
f 1140/2031/1936 1139/2033/1938 1159/2047/1950 1160/2068/1969
f 1142/2063/1965 1143/2064/1966 1163/2069/1970 1162/2070/1971
f 1155/2061/1963 1154/2065/1967 1174/2071/1972 1175/2072/1973
f 1147/2066/1951 1145/2060/1962 1165/2073/1974 1167/2074/1975
f 1143/2064/1966 1146/2054/1957 1166/2075/1976 1163/2069/1970
f 1154/2065/1967 1153/2067/1968 1173/2076/1977 1174/2071/1972
f 1161/2057/1960 1160/2068/1969 1180/2077/1978 1181/2078/1979
f 1153/2067/1968 1152/2045/1948 1172/2079/1980 1173/2076/1977
f 1160/2068/1969 1159/2047/1950 1179/2080/1981 1180/2077/1978
f 1152/2045/1948 1151/2044/1947 1171/2081/1982 1172/2079/1980
f 1159/2047/1950 1158/2046/1949 1178/2082/1983 1179/2080/1981
f 1149/2049/1952 1147/2048/1951 1167/2083/1975 1169/2084/1984
f 1151/2044/1947 1150/2050/1953 1170/2085/1985 1171/2081/1982
f 2003/2052/1955 1157/2051/1954 1177/2086/1986 2004/2087/1987
f 1146/2054/1957 1148/2053/1956 1168/2088/1988 1166/2075/1976
f 1150/2050/1953 1149/2049/1952 1169/2084/1984 1170/2085/1985
f 1929/2056/1959 1156/2055/1958 1176/2089/1989 1930/2090/1990
f 1148/2058/1956 1161/2057/1960 1181/2078/1979 1168/2091/1988
f 1145/2060/1962 1144/2059/1961 1164/2092/1991 1165/2073/1974
f 1801/2062/1964 1155/2061/1963 1175/2072/1973 1802/2093/1992
f 1144/2059/1961 1142/2063/1965 1162/2070/1971 1164/2092/1991
f 1171/2081/1982 1170/2085/1985 1190/2094/1993 1191/2095/1994
f 2004/2087/1987 1177/2086/1986 1197/2096/1995 2005/2097/1996
f 1166/2075/1976 1168/2088/1988 1188/2098/1997 1186/2099/1998
f 1170/2085/1985 1169/2084/1984 1189/2100/1999 1190/2094/1993
f 1930/2090/1990 1176/2089/1989 1196/2101/2000 1931/2102/2001
f 1168/2091/1988 1181/2078/1979 1201/2103/2002 1188/2104/1997
f 1165/2073/1974 1164/2092/1991 1184/2105/2003 1185/2106/2004
f 1802/2093/1992 1175/2072/1973 1195/2107/2005 1803/2108/2006
f 1164/2092/1991 1162/2070/1971 1182/2109/2007 1184/2105/2003
f 1162/2070/1971 1163/2069/1970 1183/2110/2008 1182/2109/2007
f 1175/2072/1973 1174/2071/1972 1194/2111/2009 1195/2107/2005
f 1167/2074/1975 1165/2073/1974 1185/2106/2004 1187/2112/2010
f 1163/2069/1970 1166/2075/1976 1186/2099/1998 1183/2110/2008
f 1174/2071/1972 1173/2076/1977 1193/2113/2011 1194/2111/2009
f 1181/2078/1979 1180/2077/1978 1200/2114/2012 1201/2103/2002
f 1173/2076/1977 1172/2079/1980 1192/2115/2013 1193/2113/2011
f 1180/2077/1978 1179/2080/1981 1199/2116/2014 1200/2114/2012
f 1172/2079/1980 1171/2081/1982 1191/2095/1994 1192/2115/2013
f 1179/2080/1981 1178/2082/1983 1198/2117/2015 1199/2116/2014
f 1169/2084/1984 1167/2083/1975 1187/2118/2010 1189/2100/1999
f 1194/2111/2009 1193/2113/2011 1213/2119/2016 1214/2120/2017
f 1201/2103/2002 1200/2114/2012 1220/2121/2018 1221/2122/2019
f 1193/2113/2011 1192/2115/2013 1212/2123/2020 1213/2119/2016
f 1200/2114/2012 1199/2116/2014 1219/2124/2021 1220/2121/2018
f 1192/2115/2013 1191/2095/1994 1211/2125/2022 1212/2123/2020
f 1199/2116/2014 1198/2117/2015 1218/2126/2023 1219/2124/2021
f 1189/2100/1999 1187/2118/2010 1207/2127/2024 1209/2128/2025
f 1191/2095/1994 1190/2094/1993 1210/2129/2026 1211/2125/2022
f 2005/2097/1996 1197/2096/1995 1217/2130/2027 2006/2131/2028
f 1186/2099/1998 1188/2098/1997 1208/2132/2029 1206/2133/2030
f 1190/2094/1993 1189/2100/1999 1209/2128/2025 1210/2129/2026
f 1931/2102/2001 1196/2101/2000 1216/2134/2031 1932/2135/2032
f 1188/2104/1997 1201/2103/2002 1221/2122/2019 1208/2136/2029
f 1185/2106/2004 1184/2105/2003 1204/2137/2033 1205/2138/2034
f 1803/2108/2006 1195/2107/2005 1215/2139/2035 1804/2140/2036
f 1184/2105/2003 1182/2109/2007 1202/2141/2037 1204/2137/2033
f 1182/2109/2007 1183/2110/2008 1203/2142/2038 1202/2141/2037
f 1195/2107/2005 1194/2111/2009 1214/2120/2017 1215/2139/2035
f 1187/2112/2010 1185/2106/2004 1205/2138/2034 1207/2143/2024
f 1183/2110/2008 1186/2099/1998 1206/2133/2030 1203/2142/2038
f 1932/2135/2032 1216/2134/2031 1236/2144/2039 1933/2145/2040
f 1208/2136/2029 1221/2122/2019 1241/2146/2041 1228/2147/2042
f 1205/2138/2034 1204/2137/2033 1224/2148/2043 1225/2149/2044
f 1804/2140/2036 1215/2139/2035 1235/2150/2045 1805/2151/2046
f 1204/2137/2033 1202/2141/2037 1222/2152/2047 1224/2148/2043
f 1202/2141/2037 1203/2142/2038 1223/2153/2048 1222/2152/2047
f 1215/2139/2035 1214/2120/2017 1234/2154/2049 1235/2150/2045
f 1207/2143/2024 1205/2138/2034 1225/2149/2044 1227/2155/2050
f 1203/2142/2038 1206/2133/2030 1226/2156/2051 1223/2153/2048
f 1214/2120/2017 1213/2119/2016 1233/2157/2052 1234/2154/2049
f 1221/2122/2019 1220/2121/2018 1240/2158/2053 1241/2146/2041
f 1213/2119/2016 1212/2123/2020 1232/2159/2054 1233/2157/2052
f 1220/2121/2018 1219/2124/2021 1239/2160/2055 1240/2158/2053
f 1212/2123/2020 1211/2125/2022 1231/2161/2056 1232/2159/2054
f 1219/2124/2021 1218/2126/2023 1238/2162/2057 1239/2160/2055
f 1209/2128/2025 1207/2127/2024 1227/2163/2050 1229/2164/2058
f 1211/2125/2022 1210/2129/2026 1230/2165/2059 1231/2161/2056
f 2006/2131/2028 1217/2130/2027 1237/2166/2060 2007/2167/2061
f 1206/2133/2030 1208/2132/2029 1228/2168/2042 1226/2156/2051
f 1210/2129/2026 1209/2128/2025 1229/2164/2058 1230/2165/2059
f 1240/2158/2053 1239/2160/2055 1259/2169/2062 1260/2170/2063
f 1232/2159/2054 1231/2161/2056 1251/2171/2064 1252/2172/2065
f 1239/2160/2055 1238/2162/2057 1258/2173/2066 1259/2169/2062
f 1229/2164/2058 1227/2163/2050 1247/2174/2067 1249/2175/2068
f 1231/2161/2056 1230/2165/2059 1250/2176/2069 1251/2171/2064
f 2007/2167/2061 1237/2166/2060 1257/2177/2070 2008/2178/2071
f 1226/2156/2051 1228/2168/2042 1248/2179/2072 1246/2180/2073
f 1230/2165/2059 1229/2164/2058 1249/2175/2068 1250/2176/2069
f 1933/2145/2040 1236/2144/2039 1256/2181/2074 1934/2182/2075
f 1228/2147/2042 1241/2146/2041 1261/2183/2076 1248/2184/2072
f 1225/2149/2044 1224/2148/2043 1244/2185/2077 1245/2186/2078
f 1805/2151/2046 1235/2150/2045 1255/2187/2079 1806/2188/2080
f 1224/2148/2043 1222/2152/2047 1242/2189/2081 1244/2185/2077
f 1222/2152/2047 1223/2153/2048 1243/2190/2082 1242/2189/2081
f 1235/2150/2045 1234/2154/2049 1254/2191/2083 1255/2187/2079
f 1227/2155/2050 1225/2149/2044 1245/2186/2078 1247/2192/2067
f 1223/2153/2048 1226/2156/2051 1246/2180/2073 1243/2190/2082
f 1234/2154/2049 1233/2157/2052 1253/2193/2084 1254/2191/2083
f 1241/2146/2041 1240/2158/2053 1260/2170/2063 1261/2183/2076
f 1233/2157/2052 1232/2159/2054 1252/2172/2065 1253/2193/2084
f 2914/1386/1320 2913/1432/1365 1386/1427/1360 969/1062/1002
f 2553/2194/2085 2549/2195/2086 2408/2196/2087 2485/2197/2088
f 2938/2198/2089 979/2199/2090 980/2200/2091 2937/2201/2092
f 2929/2202/2093 2925/2203/2094 2448/2204/2095 2464/2205/2096
f 2183/483/433 2203/2206/2097 2201/1671/1596 2181/484/434
f 510/946/886 535/1035/975 964/1703/1628 947/1702/1627
f 2937/2201/2092 980/2200/2091 526/986/926 2066/985/925
f 948/1705/1630 965/1704/1629 966/1726/1651 949/1725/1650
f 2905/2207/2098 995/1408/1342 996/1626/1552 2906/2208/2099
f 1725/866/807 474/864/805 1278/966/906 1735/970/910
f 2387/895/836 2399/1821/1740 2548/1824/1743 2547/896/837
f 474/864/805 475/863/804 1277/962/902 1278/966/906
f 475/863/804 476/889/830 1276/957/897 1277/962/902
f 2939/950/890 978/949/889 979/2199/2090 2938/2198/2089
f 476/889/830 477/888/829 1275/953/893 1276/957/897
f 2802/1835/1754 2801/2209/2100 1388/1246/1183 1392/1245/1182
f 477/888/829 478/886/827 1274/951/891 1275/953/893
f 478/886/827 479/885/826 1273/943/883 1274/951/891
f 2370/800/742 958/1028/968 959/1883/1800 2369/1882/1799
f 493/862/803 436/861/802 1271/935/875 1264/945/885
f 479/885/826 480/884/825 1272/937/877 1273/943/883
f 2656/2210/2101 2635/2211/2102 1381/2212/2103 1398/2213/2104
f 480/884/825 481/881/822 1270/927/867 1272/937/877
f 436/861/802 464/883/824 1269/925/865 1271/935/875
f 1396/2214/2105 1384/1456/1387 1379/1174/1112 1393/1173/1111
f 481/881/822 482/880/821 1268/928/868 1270/927/867
f 464/883/824 469/879/820 1267/915/856 1269/925/865
f 469/879/820 470/878/819 1266/909/850 1267/915/856
f 470/878/819 471/876/817 1265/900/841 1266/909/850
f 471/876/817 472/875/816 1262/901/842 1265/900/841
f 2444/1681/1606 2449/1680/1605 2452/1688/1613 2447/2215/2106
f 1760/872/813 473/871/812 1263/891/832 1770/890/831
f 535/1035/975 554/1088/1028 981/2216/2107 964/1703/1628
f 2546/776/719 2537/2217/2108 1361/1048/988 2374/777/720
f 2943/2218/2109 1365/2219/2110 973/932/872 2942/931/871
f 2675/1832/1751 2680/1853/1772 2683/1697/1622 2678/2220/2111
f 2910/2221/2112 1367/2222/2113 992/2223/2114 2909/2224/2115
f 992/2223/2114 1009/2225/2116 1010/2226/2117 993/2227/2118
f 2663/1116/1055 2653/2228/2119 2414/1102/1041 2491/1101/1040
f 2301/1691/1616 2321/698/645 2324/700/647 2304/699/646
f 964/1703/1628 981/2216/2107 982/1630/1556 965/1704/1629
f 2907/2229/2120 994/1405/1339 995/1408/1342 2905/2207/2098
f 969/1062/1002 1386/1427/1360 1380/1430/1363 1390/1063/1003
f 554/1088/1028 571/1148/1087 998/2230/2121 981/2216/2107
f 1395/1248/1185 1376/1247/1184 1384/1456/1387 1396/2214/2105
f 2941/934/874 974/933/873 977/948/888 2940/947/887
f 1368/2231/2122 1007/1711/1636 1008/2232/2123 1367/2222/2113
f 2908/2233/2124 993/2227/2118 994/1405/1339 2907/2229/2120
f 2701/905/846 2706/1595/1524 2704/2234/2125 2699/906/847
f 965/1704/1629 982/1630/1556 983/1633/1559 966/1726/1651
f 342/525/475 2564/765/710 2562/768/713 341/526/476
f 950/1728/1653 967/1727/1652 968/1021/961 1364/1716/1641
f 2909/2224/2115 992/2223/2114 993/2227/2118 2908/2233/2124
f 2297/688/635 2317/1668/1593 2316/1670/1595 2296/689/636
f 2722/2235/2126 2664/2236/2127 1004/992/932 1369/991/931
f 1305/2237/2128 1320/2238/2129 1321/2239/2130 1306/2240/2131
f 349/514/464 2563/750/695 2561/753/698 348/686/633
f 966/1726/1651 983/1633/1559 984/2241/2132 967/1727/1652
f 2978/2242/2133 2984/2243/2134 2985/2244/2135 2979/2245/2136
f 2590/1709/1634 2591/2246/2137 1300/2247/2138 1281/1710/1635
f 2751/1731/1656 2668/1730/1655 2710/2248/2139 2715/2249/2140
f 996/1626/1552 1013/1625/1551 1014/1693/1618 997/1699/1624
f 2971/2250/2141 2977/2251/2142 2976/2252/2143 2970/2253/2144
f 983/1633/1559 1000/1632/1558 1001/1679/1604 984/2241/2132
f 2700/969/909 2705/917/858 2703/920/861 2698/956/896
f 2501/2254/2145 2496/2255/2146 2498/2256/2147 2503/2257/2148
f 894/1203/1141 2363/1202/1140 2362/1715/1640 897/1820/1739
f 2485/2197/2088 2408/2196/2087 2416/2258/2149 2492/2259/2150
f 2961/1865/1784 2957/2260/2151 2445/2261/2152 2466/2262/2153
f 598/1193/1131 615/1284/1220 1289/2263/2154 1015/2264/2155
f 1423/2265/2156 1447/2266/2157 2602/2267/2158 2600/2268/2159
f 2696/907/848 2788/2269/2160 2431/2270/2161 2666/2271/1537
f 967/1727/1652 984/2241/2132 1371/1022/962 968/1021/961
f 2752/1380/1314 2753/2272/2162 2790/1665/1590 2789/1381/1315
f 2911/2273/2163 997/1699/1624 551/1113/1052 2025/1112/1051
f 2517/1331/1267 2589/1708/1633 1007/1711/1636 1368/2231/2122
f 2664/2236/2127 2720/2274/2164 1280/2275/2165 1004/992/932
f 2574/2276/2166 2582/1162/1101 2387/895/836 1399/894/835
f 1001/1679/1604 1018/1678/1603 1019/1732/1657 1002/1350/1284
f 998/2230/2121 1015/2264/2155 1016/1689/1614 999/1631/1557
f 993/2227/2118 1010/2226/2117 1011/1406/1340 994/1405/1339
f 2724/2277/2167 2727/2278/2168 2765/1040/980 2762/1233/1170
f 2467/1081/1021 2444/1681/1606 2447/2215/2106 2468/1858/1777
f 984/2241/2132 1001/1679/1604 1002/1350/1284 1371/1022/962
f 1430/1356/1290 1454/1231/1168 2919/1684/1609 2917/1376/1310
f 571/1148/1087 598/1193/1131 1015/2264/2155 998/2230/2121
f 1309/2279/2169 1324/2280/2170 631/1287/1223 614/1254/1191
f 981/2216/2107 998/2230/2121 999/1631/1557 982/1630/1556
f 1280/2275/2165 1299/1742/1667 2629/1745/1670 2628/2281/2171
f 1284/2282/2172 1305/2237/2128 1306/2240/2131 1285/2283/2173
f 2642/2284/2174 2643/2285/2175 2610/2286/2176 2609/1692/1617
f 2423/1636/1562 2691/1153/1092 2495/1156/1095 2494/2287/2177
f 3007/2288/2178 2932/2289/2179 2903/2290/2180 3008/2291/2181
f 2500/2292/2182 2505/2293/2183 2503/2257/2148 2498/2256/2147
f 2793/1351/1285 2794/1735/1660 1279/1004/944 1003/1003/943
f 2289/2294/2184 2309/2295/2185 2308/2296/2186 2288/727/672
f 2286/2297/2187 2306/655/602 2319/658/605 2299/806/748
f 1331/1890/1807 1346/2298/2188 2632/959/899 2631/1891/1808
f 2669/2299/2189 2674/1623/1549 2677/1831/1750 2672/1830/1749
f 1287/2300/2190 1308/2301/2191 1309/2279/2169 1288/1694/1619
f 1018/1678/1603 1293/2302/2192 1295/1733/1658 1019/1732/1657
f 1017/1677/1602 1291/2303/2193 1293/2302/2192 1018/1678/1603
f 1571/1852/1771 2085/624/571 2640/1868/1225 2639/1169/793
f 1288/1694/1619 1309/2279/2169 614/1254/1191 587/1210/1148
f 2750/1103/1042 2665/1264/1201 2721/2304/2194 2787/1887/1804
f 1346/2298/2188 1495/2305/2195 2636/960/900 2632/959/899
f 2726/2306/2196 2730/2307/2197 2768/1278/1215 2764/1041/981
f 3009/2308/2198 2904/2309/2199 2932/2289/2179 3007/2288/2178
f 2706/1595/1524 2712/1594/1523 2710/2248/2139 2704/2234/2125
f 1373/1119/1058 2384/2310/2200 2392/2311/2201 1404/2312/2202
f 2287/728/673 2307/2313/2203 2305/2314/1328 2285/2315/731
f 1004/992/932 1280/2275/2165 2628/2281/2171 2627/993/933
f 1285/2283/2173 1306/2240/2131 1307/2316/2204 1286/2317/2205
f 2763/1674/1599 2785/2318/2206 2391/2319/2207 1403/1675/1600
f 2504/1400/1334 2509/2320/2208 2507/2321/2209 2502/1401/1335
f 2711/918/859 2716/2322/2210 2714/2323/2211 2708/919/860
f 2788/2269/2160 2899/1446/1379 2697/1044/984 2695/2324/2212
f 2280/764/709 2300/1690/1615 2301/1691/1616 2281/2325/2213
f 1013/1625/1551 1287/2300/2190 1288/1694/1619 1014/1693/1618
f 2510/2326/2214 2515/2327/2215 2513/2328/2216 2508/2329/2217
f 2448/2204/2095 2453/1845/1764 2451/1683/1608 2446/1682/1607
f 2972/2330/2218 2978/2242/2133 2979/2245/2136 2973/2331/2219
f 1283/2332/2220 1304/2333/2221 1305/2237/2128 1284/2282/2172
f 2436/2334/2222 2967/2335/2223 3018/2336/2224 2924/2337/2225
f 2475/2338/2226 2434/552/502 2964/2339/2227
f 2507/2321/2209 2512/2340/2228 2515/2327/2215 2510/2326/2214
f 1015/2264/2155 1289/2263/2154 1290/2341/2229 1016/1689/1614
f 1012/1407/1341 1286/2317/2205 1287/2300/2190 1013/1625/1551
f 2464/2205/2096 2448/2204/2095 2446/1682/1607 2465/1080/1020
f 2945/1229/1166 2952/2342/2230 2386/2343/2231 1375/1230/1167
f 2495/1156/1095 2673/1155/1094 2671/2344/2232 2690/2345/2233
f 1011/1406/1340 1285/2283/2173 1286/2317/2205 1012/1407/1341
f 1286/2317/2205 1307/2316/2204 1308/2301/2191 1287/2300/2190
f 2455/2346/2234 2460/2347/2235 2928/2348/2236 2927/1843/1762
f 2712/1594/1523 2717/2349/2237 2715/2249/2140 2710/2248/2139
f 2288/727/672 2308/2296/2186 2307/2313/2203 2287/728/673
f 2450/2350/2238 2455/2346/2234 2927/1843/1762 2926/1842/1761
f 2988/2351/2239 2432/1875/1792 2433/1441/1374 2994/1440/1373
f 1289/2263/2154 1310/2352/2240 1311/2353/2241 1290/2341/2229
f 2720/2274/2164 2655/2354/2242 1299/1742/1667 1280/2275/2165
f 2293/743/688 2313/1629/1555 2312/1207/1145 2292/744/689
f 2725/609/556 2748/2355/2243 2785/2318/2206 2763/1674/1599
f 1281/1710/1635 1300/2247/2138 1303/2356/2244 1282/2357/2245
f 1495/2305/2195 1522/640/587 2637/1417/1351 2636/960/900
f 2397/1165/1104 2991/2358/2246 2988/2351/2239 2405/2359/2247
f 1009/2225/2116 1283/2332/2220 1284/2282/2172 1010/2226/2117
f 2595/1332/1268 2598/2360/2248 2656/2210/2101 2633/1330/1266
f 1008/2232/2123 1282/2357/2245 1283/2332/2220 1009/2225/2116
f 2502/1401/1335 2507/2321/2209 2510/2326/2214 2505/2293/2183
f 1282/2357/2245 1303/2356/2244 1304/2333/2221 1283/2332/2220
f 1010/2226/2117 1284/2282/2172 1285/2283/2173 1011/1406/1340
f 2728/2361/2249 2729/2362/2250 2767/1213/1151 2766/1212/1150
f 2085/624/571 2172/623/570 2641/2363/1226 2640/1868/1225
f 2476/2364/2251 2488/1109/1048 2931/2365/2252 2436/2334/2222
f 2794/1735/1660 2795/1734/1659 1296/2366/2253 1279/1004/944
f 2727/2278/2168 2726/2306/2196 2764/1041/981 2765/1040/980
f 1007/1711/1636 1281/1710/1635 1282/2357/2245 1008/2232/2123
f 1367/2222/2113 1008/2232/2123 1009/2225/2116 992/2223/2114
f 1016/1689/1614 1290/2341/2229 1291/2303/2193 1017/1677/1602
f 2283/674/621 2303/1395/1329 2302/2367/2254 2282/675/622
f 2419/1615/1541 2431/2270/2161 2421/2368/2255 2409/1616/1542
f 1319/2369/2256 1334/2370/2257 1335/2371/2258 1320/2238/2129
f 2506/2372/2259 2501/2254/2145 2503/2257/2148 2508/2329/2217
f 1293/2302/2192 1313/2373/2260 1314/1643/1569 1295/1733/1658
f 1307/2316/2204 1322/2374/2261 1323/2375/2262 1308/2301/2191
f 1304/2333/2221 1319/2369/2256 1320/2238/2129 1305/2237/2128
f 2591/2246/2137 2592/2376/2263 1317/2377/2264 1300/2247/2138
f 2970/2378/2144 2976/2379/2143 2978/2242/2133 2972/2330/2218
f 2721/2380/2194 2694/2381/895 2718/1609/845 2427/1608/1536
f 2915/2382/2265 2920/1135/1074 2394/1138/1077 1406/2383/2266
f 1308/2301/2191 1323/2375/2262 1324/2280/2170 1309/2279/2169
f 615/1284/1220 632/1327/1263 1310/2352/2240 1289/2263/2154
f 2425/2384/2267 2465/1080/1020 2493/2385/1019 2621/2386/2268
f 2715/2249/2140 2717/2349/2237 2714/2323/2211 2716/2322/2210 2713/1729/1654 2751/1731/1656
f 1306/2240/2131 1321/2239/2130 1322/2374/2261 1307/2316/2204
f 1405/1130/1069 2393/2387/2269 2388/1159/1098 1400/1131/1070
f 1321/2239/2130 1336/2388/2270 1337/2389/2271 1322/2374/2261
f 1290/2341/2229 1311/2353/2241 1312/2390/2272 1291/2303/2193
f 2474/1874/1791 2486/1661/1586 2481/974/914 2469/973/913
f 1333/2391/2273 1348/2392/2274 1349/2393/2275 1334/2370/2257
f 2470/2394/2276 2482/1320/1256 2624/1323/1259 2623/2395/2277
f 1313/2373/2260 1328/2396/2278 1329/1644/1570 1314/1643/1569
f 2600/2268/2159 2602/2267/2158 2660/2397/2279 2658/1836/1755
f 2436/2334/2222 2931/2365/2252 2487/2398/2280 2475/2399/2226
f 2592/2376/2263 2593/2400/2281 1332/2401/2282 1317/2377/2264
f 1300/2247/2138 1317/2377/2264 1318/2402/2283 1303/2356/2244
f 2795/1734/1659 2796/1646/1572 1315/2403/2284 1296/2366/2253
f 1320/2238/2129 1335/2371/2258 1336/2388/2270 1321/2239/2130
f 2906/2208/2099 996/1626/1552 997/1699/1624 2911/2273/2163
f 1303/2356/2244 1318/2402/2283 1319/2369/2256 1304/2333/2221
f 1291/2303/2193 1312/2390/2272 1313/2373/2260 1293/2302/2192
f 2620/1322/1258 2621/2386/2268 2654/2404/2285 2653/2228/2119
f 1318/2402/2283 1333/2391/2273 1334/2370/2257 1319/2369/2256
f 2667/2405/2286 2625/2406/2287 1331/1890/1807 1316/1743/1668
f 2977/2251/2142 2983/2407/2288 2982/2408/2289 2976/2252/2143
f 1327/2409/2290 1342/2410/2291 1343/2411/2292 1328/2396/2278
f 1337/2389/2271 1352/2412/2293 1353/2413/2294 1338/2414/2295
f 2621/2386/2268 2493/2385/1019 2516/2415/2296 2654/2404/2285
f 1328/2396/2278 1343/2411/2292 1344/1879/1796 1329/1644/1570
f 2625/2406/2287 2723/2416/2297 1346/2298/2188 1331/1890/1807
f 2796/1646/1572 2797/1645/1571 1330/2417/2298 1315/2403/2284
f 1311/2353/2241 1326/2418/2299 1327/2409/2290 1312/2390/2272
f 1324/2280/2170 1339/2419/2300 648/1388/1322 631/1287/1223
f 2797/1645/1571 2798/1881/1798 1345/2420/2301 1330/2417/2298
f 1326/2418/2299 1341/2421/2302 1342/2410/2291 1327/2409/2290
f 1310/2352/2240 1325/2422/2303 1326/2418/2299 1311/2353/2241
f 2549/2195/2086 2550/2423/2304 2420/1078/1018 2408/2196/2087
f 1323/2375/2262 1338/2414/2295 1339/2419/2300 1324/2280/2170
f 659/1365/1299 677/1410/1344 1340/2424/2305 1325/2422/2303
f 2479/1117/1056 2491/1101/1040 2754/1104/1043 2753/2272/2162
f 1357/2425/2306 1359/2426/2307 684/1454/1385 680/1453/1383
f 2655/2354/2242 2667/2405/2286 1316/1743/1668 1299/1742/1667
f 1317/2377/2264 1332/2401/2282 1333/2391/2273 1318/2402/2283
f 2593/2400/2281 2594/961/901 1347/2427/2308 1332/2401/2282
f 1332/2401/2282 1347/2427/2308 1348/2392/2274 1333/2391/2273
f 1312/2390/2272 1327/2409/2290 1328/2396/2278 1313/2373/2260
f 955/1189/1127 1360/1047/987 1361/1048/988 954/1188/1126
f 1336/2388/2270 1351/2428/2309 1352/2412/2293 1337/2389/2271
f 1325/2422/2303 1340/2424/2305 1341/2421/2302 1326/2418/2299
f 958/1028/968 2940/947/887 2939/950/890 959/1883/1800
f 2587/976/916 2588/975/915 2484/2429/2310 2472/1056/996
f 1322/2374/2261 1337/2389/2271 1338/2414/2295 1323/2375/2262
f 1338/2414/2295 1353/2413/2294 1354/2430/2311 1339/2419/2300
f 2968/2431/2312 2974/2432/2313 2971/2250/2141 2965/2433/2314
f 2787/1887/1804 2721/2304/2194 2427/2434/1536 2415/1888/1805
f 2573/1185/1123 2572/1184/1122 1363/1717/1642 952/1840/1759
f 677/1410/1344 681/1445/1378 1356/2435/2315 1340/2424/2305
f 2471/2436/2316 2483/1614/1540 2490/1617/1543 2478/1873/1790
f 1458/2437/2317 784/1464/1393 780/1463/1392 1456/2438/2318
f 681/1457/1378 685/1460/1389 1358/2439/2319 1356/2440/2315
f 2435/553/503 2470/2394/2276 2623/2395/2277 2622/1144/1083
f 1339/2419/2300 1354/2430/2311 675/1425/329 648/1388/1322
f 2538/1226/1163 2537/2217/2108 1362/1183/1121 953/1182/1120
f 1354/2430/2311 1357/2441/2306 680/1450/1383 675/1425/329
f 632/1327/1263 659/1365/1299 1325/2422/2303 1310/2352/2240
f 2274/682/629 2294/719/664 2647/604/551 2646/603/550
f 2552/1057/997 2553/2194/2085 2485/2197/2088 2473/2442/2320
f 1455/1120/1059 1373/1119/1058 1404/2312/2202 1448/1736/1661
f 2995/550/500 2435/553/503 2622/1144/1083 3001/1143/1082
f 952/1840/1759 1363/1717/1642 1364/1716/1641 951/2443/2321
f 2954/1107/1046 2955/1866/1785 2422/1855/1774 2410/1108/1047
f 2595/1332/1268 2517/1331/1267 1368/2231/2122 988/1064/1004
f 1334/2370/2257 1349/2393/2275 1350/2444/2322 1335/2371/2258
f 1366/1020/960 1395/1248/1185 1396/2214/2105 951/2443/2321
f 346/531/481 2556/793/735 2557/494/444 345/532/482
f 2724/2277/2167 2722/2235/2126 1369/991/931 987/1838/1757
f 1453/1685/1610 1406/2383/2266 1401/2445/2323 1447/2266/2157
f 2580/1839/1758 2574/2276/2166 1399/894/835 1445/1642/1568
f 2992/1360/1294 2441/1359/1293 2752/1380/1314 3003/1379/1313
f 951/2443/2321 1364/1716/1641 968/1021/961 1366/1020/960
f 2799/1695/1620 2792/1352/1286 1370/1391/1325 986/1234/1171
f 2660/2397/2279 2634/1599/1528 1402/608/555 1449/607/554
f 1335/2371/2258 1350/2444/2322 1351/2428/2309 1336/2388/2270
f 988/1064/1004 1368/2231/2122 1367/2222/2113 989/1061/1001
f 2806/2446/2324 2800/2447/2325 1407/2448/2326 1446/1236/1173
f 2944/1647/1573 2943/2218/2109 1360/1047/987 955/1189/1127
f 1437/1272/1209 1417/1271/1208 1418/1664/1589 1442/1397/1331
f 352/517/467 863/1086/1026 2569/470/420 2555/469/419
f 2579/2449/2327 2577/1310/1246 1411/1313/1249 1439/1276/1213
f 2633/1330/1266 2656/2210/2101 1398/2213/2104 987/1838/1757
f 340/746/691 2560/756/701 2558/759/704 339/574/524
f 2413/1321/1257 2425/2384/2267 2621/2386/2268 2620/1322/1258
f 1402/608/555 2390/2450/2328 2748/2355/2243 2725/609/556
f 2653/2228/2119 2654/2404/2285 2426/1263/1200 2414/1102/1041
f 2947/1648/1574 2946/1657/1582 1372/1658/1583 970/1649/1575
f 1450/1237/1174 1374/2451/2329 1405/1130/1069 1444/1129/1068
f 951/2443/2321 1396/2214/2105 1393/1173/1111 952/1840/1759
f 2933/1448/1381 3008/2291/2181 3006/551/501 2934/1449/1382
f 2799/1695/1620 2802/1835/1754 1392/1245/1182 985/1023/963
f 2912/1385/1319 2910/2221/2112 1365/2219/2110 972/1650/1576
f 2919/1684/1609 2915/2382/2265 1406/2383/2266 1453/1685/1610
f 2965/2433/2314 2971/2250/2141 2970/2253/2144 2964/2452/2227
f 1950/1533/1462 726/1532/1461 1580/2453/2330 1972/2454/2331
f 1728/1529/1458 699/1491/1420 1573/2455/2332 1736/2456/2333
f 730/1504/1433 700/1511/1440 1574/2457/2334 1584/2458/2335
f 2076/1527/1456 701/1526/1455 1575/2459/2336 2097/2460/2337
f 1823/1487/1416 725/1486/1415 1579/2461/2338 1840/2462/2339
f 699/1491/1420 727/1490/1419 1581/2463/2340 1573/2455/2332
f 728/1499/1428 723/1498/1427 1577/2464/2341 1582/2465/2342
f 729/1494/1423 724/1501/1430 1578/2466/2343 1583/2467/2344
f 1987/1505/1434 730/1504/1433 1584/2458/2335 2009/2468/2345
f 1763/1509/1438 722/1508/1437 1576/2469/2346 1771/2470/2347
f 2030/1495/1424 729/1494/1423 1583/2467/2344 2049/2471/2348
f 700/1511/1440 728/1499/1428 1582/2465/2342 1574/2457/2334
f 1582/2465/2342 1577/2464/2341 1589/2472/2349 1594/2473/2350
f 1583/2467/2344 1578/2466/2343 1590/2474/2351 1595/2475/2352
f 2049/2471/2348 1583/2467/2344 1595/2475/2352 2050/2476/2353
f 2009/2468/2345 1584/2458/2335 1596/2477/2354 2010/2478/2355
f 1771/2470/2347 1576/2469/2346 1588/2479/2356 1772/2480/2357
f 1574/2457/2334 1582/2465/2342 1594/2473/2350 1586/2481/2358
f 1584/2458/2335 1574/2457/2334 1586/2481/2358 1596/2477/2354
f 1972/2454/2331 1580/2453/2330 1592/2482/2359 1973/2483/2360
f 1736/2456/2333 1573/2455/2332 1585/2484/2361 1737/2485/2362
f 2097/2460/2337 1575/2459/2336 1587/2486/2363 2098/2487/2364
f 1840/2462/2339 1579/2461/2338 1591/2488/2365 1841/2489/2366
f 1573/2455/2332 1581/2463/2340 1593/2490/2367 1585/2484/2361
f 1675/2491/2368 1670/2492/2369 1601/2493/2370 1606/2494/2371
f 1676/2495/2372 1671/2496/2373 1602/2497/2374 1607/2498/2375
f 2060/2499/2376 1676/2495/2372 1607/2498/2375 2051/2500/2377
f 2015/2501/2378 1672/2502/2379 1608/2503/2380 2011/2504/2381
f 1777/2505/2382 1673/2506/2383 1600/2507/2384 1773/2508/2385
f 1679/2509/2386 1675/2491/2368 1606/2494/2371 1598/2510/2387
f 1672/2502/2379 1679/2509/2386 1598/2510/2387 1608/2503/2380
f 1978/2511/2388 1678/2512/2389 1604/2513/2390 1974/2514/2391
f 1742/2515/2392 1674/2516/2393 1597/2517/2394 1738/2518/2395
f 2108/2519/2396 1677/2520/2397 1599/2521/2398 2099/2522/2399
f 1852/2523/2400 1680/2524/2401 1603/2525/2402 1842/2526/2403
f 1674/2516/2393 1681/2527/2404 1605/2528/2405 1597/2517/2394
f 1597/2517/2394 1605/2528/2405 1617/2529/2406 1609/2530/2407
f 1606/2494/2371 1601/2493/2370 1613/2531/2408 1618/2532/2409
f 1607/2498/2375 1602/2497/2374 1614/2533/2410 1619/2534/2411
f 2051/2500/2377 1607/2498/2375 1619/2534/2411 2052/2535/2412
f 2011/2504/2381 1608/2503/2380 1620/2536/2413 1855/2537/2414
f 1773/2508/2385 1600/2507/2384 1612/2538/2415 1774/2539/2416
f 1598/2510/2387 1606/2494/2371 1618/2532/2409 1610/2540/2417
f 1608/2503/2380 1598/2510/2387 1610/2540/2417 1620/2536/2413
f 1974/2514/2391 1604/2513/2390 1616/2541/2418 1909/2542/2419
f 1738/2518/2395 1597/2517/2394 1609/2530/2407 1739/2543/2420
f 2099/2522/2399 1599/2521/2398 1611/2544/2421 2100/2545/2422
f 1842/2526/2403 1603/2525/2402 1615/2546/2423 1843/2547/2424
f 2143/2548/2425 2138/2549/2426 1632/2550/2427 1631/2551/2428
f 2147/2552/2429 2137/2553/2430 1630/2554/2431 1850/2555/2432
f 2155/2556/2433 2134/2557/2434 2059/2558/2435 2101/2559/2436
f 2144/2560/2437 2143/2548/2425 1631/2551/2428 1740/2561/2438
f 2149/2562/2439 2135/2563/2440 1626/2564/2441 1976/2565/2442
f 2141/2566/2443 2136/2567/2444 1629/2568/2445 1627/2569/2446
f 2136/2567/2444 2133/2570/2447 1621/2571/2448 1629/2568/2445
f 2145/2572/2449 2142/2573/2450 1628/2574/2451 1775/2575/2452
f 2150/2576/2453 2141/2566/2443 1627/2569/2446 2013/2577/2454
f 2140/2578/2455 1624/2579/2456 1623/2580/2457 2151/2581/2458
f 2133/2570/2447 2139/2582/2459 1622/2583/2460 1621/2571/2448
f 1653/2584/2461 1654/2585/2462 1635/2586/2463 1637/2587/2464
f 2058/2588/2465 1653/2584/2461 1637/2587/2464 2054/2589/2466
f 1656/2590/2467 1657/2591/2468 1636/2592/2469 1633/2593/2470
f 2106/2594/2471 1655/2595/2472 1634/2596/2473 2102/2597/2474
f 1633/2593/2470 1636/2592/2469 1641/2598/2475 1638/2599/2476
f 1637/2587/2464 1635/2586/2463 1640/2600/2477 1642/2601/2478
f 2054/2589/2466 1637/2587/2464 1642/2601/2478 2055/2602/2479
f 2102/2597/2474 1634/2596/2473 1639/2603/2480 2103/2604/2481
f 2103/2604/2481 1639/2603/2480 1644/2605/2482 2104/2606/2483
f 1638/2599/2476 1641/2598/2475 1646/2607/2484 1643/2608/2485
f 1642/2601/2478 1640/2600/2477 1645/2609/2486 1647/2610/2487
f 2055/2602/2479 1642/2601/2478 1647/2610/2487 2056/2611/2488
f 1643/2608/2485 1646/2607/2484 1651/2612/2489 1648/2613/2490
f 1647/2610/2487 1645/2609/2486 1650/2614/2491 1652/2615/2492
f 2056/2611/2488 1647/2610/2487 1652/2615/2492 2057/2616/2493
f 2104/2606/2483 1644/2605/2482 1649/2617/2494 2105/2618/2495
f 2100/2545/2422 1611/2544/2421 1655/2595/2472 2106/2594/2471
f 1609/2530/2407 1617/2529/2406 1657/2591/2468 1656/2590/2467
f 2052/2535/2412 1619/2534/2411 1653/2584/2461 2058/2588/2465
f 1619/2534/2411 1614/2533/2410 1654/2585/2462 1653/2584/2461
f 1654/2585/2462 1656/2590/2467 1633/2593/2470 1635/2586/2463
f 1638/2599/2476 1640/2600/2477 1635/2586/2463 1633/2593/2470
f 1643/2608/2485 1645/2609/2486 1640/2600/2477 1638/2599/2476
f 1648/2613/2490 1650/2614/2491 1645/2609/2486 1643/2608/2485
f 1650/2614/2491 1648/2613/2490 1651/2612/2489 2105/2618/2495 1649/2617/2494 2057/2616/2493 1652/2615/2492
f 1631/2551/2428 1632/2550/2427 1669/2619/2496 1662/2620/2497
f 1850/2555/2432 1630/2554/2431 1668/2621/2498 1851/2622/2499
f 2101/2559/2436 1625/2623/2500 1665/2624/2501 2107/2625/2502
f 1740/2561/2438 1631/2551/2428 1662/2620/2497 1741/2626/2503
f 1976/2565/2442 1626/2564/2441 1666/2627/2504 1977/2628/2505
f 1627/2569/2446 1629/2568/2445 1667/2629/2506 1660/2630/2507
f 1629/2568/2445 1621/2571/2448 1663/2631/2508 1667/2629/2506
f 1775/2575/2452 1628/2574/2451 1661/2632/2509 1776/2633/2510
f 2013/2577/2454 1627/2569/2446 1660/2630/2507 2014/2634/2511
f 1625/2623/2500 2112/2635/2512 1664/2636/2513
f 1623/2637/2457 1624/2579/2456 1659/2638/2514 1664/2636/2513
f 1621/2571/2448 1622/2583/2460 1658/2639/2515 1663/2631/2508
f 1662/2620/2497 1669/2619/2496 1681/2527/2404 1674/2516/2393
f 1851/2622/2499 1668/2621/2498 1680/2524/2401 1852/2523/2400
f 2107/2625/2502 1665/2624/2501 1677/2520/2397 2108/2519/2396
f 1741/2626/2503 1662/2620/2497 1674/2516/2393 1742/2515/2392
f 1977/2628/2505 1666/2627/2504 1678/2512/2389 1978/2511/2388
f 1660/2630/2507 1667/2629/2506 1679/2509/2386 1672/2502/2379
f 1667/2629/2506 1663/2631/2508 1675/2491/2368 1679/2509/2386
f 1776/2633/2510 1661/2632/2509 1673/2506/2383 1777/2505/2382
f 2014/2634/2511 1660/2630/2507 1672/2502/2379 2015/2501/2378
f 1625/2623/2500 1664/2636/2513 1676/2495/2372 2060/2499/2376
f 1664/2636/2513 1659/2638/2514 1671/2496/2373 1676/2495/2372
f 1663/2631/2508 1658/2639/2515 1670/2492/2369 1675/2491/2368
f 1739/2543/2420 1609/2530/2407 1682/2640/2516 1707/2641/2517
f 1843/2547/2424 1615/2546/2423 1684/2642/2518 1705/2643/2519
f 1705/2644/2519 1684/2645/2518 1687/2646/2520 1689/2647/2521
f 1682/2648/2516 1705/2644/2519 1689/2647/2521 1686/2649/2522
f 1683/2650/2523 1707/2651/2517 1688/2652/2524 1685/2653/2525
f 1707/2651/2517 1682/2648/2516 1686/2649/2522 1688/2652/2524
f 1685/2653/2525 1688/2652/2524 1693/2654/2526 1690/2655/2527
f 1689/2647/2521 1687/2646/2520 1692/2656/2528 1694/2657/2529
f 1686/2649/2522 1689/2647/2521 1694/2657/2529 1691/2658/2530
f 1688/2652/2524 1686/2649/2522 1691/2658/2530 1693/2654/2526
f 1693/2654/2526 1691/2658/2530 1696/2659/2531 1698/2660/2532
f 1690/2655/2527 1693/2654/2526 1698/2660/2532 1695/2661/2533
f 1694/2657/2529 1692/2656/2528 1697/2662/2534 1699/2663/2535
f 1691/2658/2530 1694/2657/2529 1699/2663/2535 1696/2659/2531
f 1695/2661/2533 1698/2660/2532 1703/2664/2536 1700/2665/2537
f 1699/2663/2535 1697/2662/2534 1702/2666/2538 1704/2667/2539
f 1696/2659/2531 1699/2663/2535 1704/2667/2539 1701/2668/2540
f 1698/2660/2532 1696/2659/2531 1701/2668/2540 1703/2664/2536
f 1684/2645/2518 1683/2650/2523 1685/2653/2525 1687/2646/2520
f 1690/2655/2527 1692/2656/2528 1687/2646/2520 1685/2653/2525
f 1695/2661/2533 1697/2662/2534 1692/2656/2528 1690/2655/2527
f 1700/2665/2537 1702/2666/2538 1697/2662/2534 1695/2661/2533
f 1702/2666/2538 1700/2665/2537 1703/2664/2536 1701/2668/2540 1704/2667/2539
f 1612/2538/2415 1739/2543/2420 1707/2641/2517 1683/2669/2523
f 1661/2632/2509 1741/2626/2503 1742/2515/2392 1673/2506/2383
f 1628/2574/2451 1740/2561/2438 1741/2626/2503 1661/2632/2509
f 2142/2573/2450 2144/2560/2437 1740/2561/2438 1628/2574/2451
f 1600/2507/2384 1738/2518/2395 1739/2543/2420 1612/2538/2415
f 1673/2506/2383 1742/2515/2392 1738/2518/2395 1600/2507/2384
f 1576/2469/2346 1736/2456/2333 1737/2485/2362 1588/2479/2356
f 722/1508/1437 1728/1529/1458 1736/2456/2333 1576/2469/2346
f 473/871/812 1725/866/807 1735/970/910 1263/891/832
f 744/1581/1510 1732/1575/1504 1734/1528/1457 768/1507/1436
f 704/1084/1024 1729/1517/1446 1733/1538/1467 762/1553/1482
f 734/1554/1483 1731/1541/1470 1732/1575/1504 744/1581/1510
f 762/1553/1482 1733/1538/1467 1731/1541/1470 734/1554/1483
f 768/1507/1436 1734/1528/1457 1728/1529/1458 722/1508/1437
f 500/1468/1397 1727/1467/1396 1730/1516/1445 717/1083/1023
f 717/1083/1023 1730/1516/1445 1729/1517/1446 704/1084/1024
f 501/1466/1395 1727/1467/1396 1726/971/911 687/967/907
f 1263/891/832 1735/970/910 1726/971/911 688/892/833
f 457/859/800 1724/855/796 1725/866/807 473/871/812
f 429/140/102 1723/303/258 1724/855/796 457/859/800
f 115/139/101 1715/229/188 1723/303/258 429/140/102
f 112/204/163 111/200/159 1722/248/206 1711/220/179
f 104/202/161 103/198/157 1721/246/204 1709/216/175
f 111/200/159 110/196/155 1720/244/202 1722/248/206
f 103/198/157 102/194/153 1719/242/200 1721/246/204
f 110/196/155 109/192/151 1718/240/198 1720/244/202
f 102/194/153 101/183/142 1717/235/193 1719/242/200
f 109/192/151 108/191/150 1716/231/190 1718/240/198
f 108/191/150 107/214/173 1714/227/186 1716/231/190
f 115/139/101 114/212/171 1713/225/184 1715/229/188
f 107/214/173 106/210/169 1712/223/182 1714/227/186
f 114/212/171 113/208/167 1710/219/178 1713/225/184
f 106/210/169 105/206/165 1708/215/174 1712/223/182
f 113/208/167 112/204/163 1711/220/179 1710/219/178
f 105/206/165 104/202/161 1709/216/175 1708/215/174
f 1658/2639/2515 1776/2633/2510 1777/2505/2382 1670/2492/2369
f 1622/2583/2460 1775/2575/2452 1776/2633/2510 1658/2639/2515
f 2139/2582/2459 2145/2572/2449 1775/2575/2452 1622/2583/2460
f 1601/2493/2370 1773/2508/2385 1774/2539/2416 1613/2531/2408
f 1670/2492/2369 1777/2505/2382 1773/2508/2385 1601/2493/2370
f 1577/2464/2341 1771/2470/2347 1772/2480/2357 1589/2472/2349
f 723/1498/1427 1763/1509/1438 1771/2470/2347 1577/2464/2341
f 472/875/816 1760/872/813 1770/890/831 1262/901/842
f 750/1586/1515 1767/1582/1511 1769/1506/1435 774/1497/1426
f 705/1038/978 1764/1085/1025 1768/1552/1481 756/1562/1491
f 733/1563/1492 1766/1555/1484 1767/1582/1511 750/1586/1515
f 756/1562/1491 1768/1552/1481 1766/1555/1484 733/1563/1492
f 499/1470/1399 1762/1469/1398 1765/1082/1022 716/1037/977
f 774/1497/1426 1769/1506/1435 1763/1509/1438 723/1498/1427
f 500/1468/1397 1762/1469/1398 1761/893/834 688/892/833
f 716/1037/977 1765/1082/1022 1764/1085/1025 705/1038/978
f 1262/901/842 1770/890/831 1761/893/834 689/902/843
f 456/825/767 1759/860/801 1760/872/813 472/875/816
f 428/545/495 1758/141/103 1759/860/801 456/825/767
f 93/171/132 92/169/130 1757/213/172 1746/190/149
f 100/170/131 99/168/129 1756/211/170 1744/138/100
f 92/169/130 91/167/128 1755/209/168 1757/213/172
f 99/168/129 98/166/127 1754/207/166 1756/211/170
f 91/167/128 90/165/126 1753/205/164 1755/209/168
f 98/166/127 97/163/124 1752/203/162 1754/207/166
f 90/165/126 89/164/125 1751/201/160 1753/205/164
f 97/163/124 96/162/123 1750/199/158 1752/203/162
f 89/164/125 88/181/141 1749/197/156 1751/201/160
f 96/162/123 95/180/140 1748/195/154 1750/199/158
f 88/181/141 87/179/139 1747/193/152 1749/197/156
f 95/180/140 94/178/138 1745/189/148 1748/195/154
f 87/179/139 86/173/133 1743/184/143 1747/193/152
f 94/178/138 93/171/132 1746/190/149 1745/189/148
f 100/170/131 1744/138/100 1758/141/103 428/545/495
f 1614/2533/2410 1810/2670/2541 1682/2671/2516 1654/2585/2462
f 1659/2638/2514 1812/2672/2542 1813/2673/2543 1671/2496/2373
f 1624/2579/2456 1811/2674/2544 1812/2672/2542 1659/2638/2514
f 2140/2578/2455 2146/2675/2545 1811/2674/2544 1624/2579/2456
f 1602/2497/2374 1809/2676/2546 1810/2670/2541 1614/2533/2410
f 1671/2496/2373 1813/2673/2543 1809/2676/2546 1602/2497/2374
f 1578/2466/2343 1807/2677/2547 1808/2678/2548 1590/2474/2351
f 724/1501/1430 1785/2679/2549 1807/2677/2547 1578/2466/2343
f 1838/2680/2046 1805/2151/2046 1806/2188/2080 1839/2681/2550
f 1837/2682/2551 1804/2140/2036 1805/2151/2046 1838/2680/2046
f 1836/2683/2552 1803/2108/2006 1804/2140/2036 1837/2682/2551
f 1835/2684/2553 1802/2093/1992 1803/2108/2006 1836/2683/2552
f 1834/2685/2554 1801/2062/1964 1802/2093/1992 1835/2684/2553
f 1833/2686/2555 1800/2024/1929 1801/2062/1964 1834/2685/2554
f 1832/2687/2556 1799/2014/1920 1800/2024/1929 1833/2686/2555
f 1831/2688/2557 1798/1982/1890 1799/2014/1920 1832/2687/2556
f 1830/2689/1876 1797/1967/1876 1798/1982/1890 1831/2688/2557
f 1829/2690/1849 1796/1937/1849 1797/1967/1876 1830/2689/1876
f 1828/2691/1830 1795/1916/1830 1796/1937/1849 1829/2690/1849
f 1827/2692/2558 1794/1799/1720 1795/1916/1830 1828/2691/1830
f 1826/2693/2559 1793/1791/1713 1794/1799/1720 1827/2692/2558
f 1825/2694/2560 1792/1760/1684 1793/1791/1713 1826/2693/2559
f 1821/2695/2561 1783/1398/1332 1792/1760/1684 1825/2694/2560
f 746/1584/1513 1789/2696/2562 1791/2697/2563 770/1500/1429
f 706/1073/1013 1786/2698/2564 1790/2699/2565 764/1559/1488
f 738/1560/1489 1788/2700/2566 1789/2696/2562 746/1584/1513
f 764/1559/1488 1790/2699/2565 1788/2700/2566 738/1560/1489
f 543/1474/1403 1784/1476/1405 1787/2701/2567 713/1072/1012
f 770/1500/1429 1791/2697/2563 1785/2679/2549 724/1501/1430
f 1822/1523/1452 1784/1476/1405 1706/1133/1072 1815/2702/2568
f 1820/2703/2569 1782/1361/1295 1783/1398/1332 1821/2695/2561
f 1819/2704/2570 1781/1319/1255 1782/1361/1295 1820/2703/2569
f 1818/2705/2571 1780/1277/1214 1781/1319/1255 1819/2704/2570
f 1817/2706/2572 1779/1187/1125 1780/1277/1214 1818/2705/2571
f 1816/2707/2573 1778/1134/1073 1779/1187/1125 1817/2706/2572
f 1815/2702/2568 1706/1133/1072 1778/1134/1073 1816/2707/2573
f 713/1072/1012 1787/2701/2567 1786/2698/2564 706/1073/1013
f 695/1140/1079 1815/2702/2568 1816/2707/2573 561/1141/1080
f 561/1141/1080 1816/2707/2573 1817/2706/2572 578/1190/1128
f 578/1190/1128 1817/2706/2572 1818/2705/2571 605/1280/1217
f 605/1280/1217 1818/2705/2571 1819/2704/2570 622/1324/1260
f 622/1324/1260 1819/2704/2570 1820/2703/2569 639/1362/1296
f 639/1362/1296 1820/2703/2569 1821/2695/2561 666/1403/1337
f 542/1478/1407 1822/1523/1452 1815/2702/2568 695/1140/1079
f 666/1403/1337 1821/2695/2561 1825/2694/2560 841/1761/1685
f 841/1761/1685 1825/2694/2560 1826/2693/2559 912/1785/1708
f 912/1785/1708 1826/2693/2559 1827/2692/2558 929/1818/1737
f 929/1818/1737 1827/2692/2558 1828/2691/1830 1036/1909/1824
f 1036/1909/1824 1828/2691/1830 1829/2690/1849 1056/1930/1843
f 1056/1930/1843 1829/2690/1849 1830/2689/1876 1076/1963/1873
f 1076/1963/1873 1830/2689/1876 1831/2688/2557 1096/1975/1884
f 1096/1975/1884 1831/2688/2557 1832/2687/2556 1116/2008/1915
f 1116/2008/1915 1832/2687/2556 1833/2686/2555 1136/2042/1945
f 1136/2042/1945 1833/2686/2555 1834/2685/2554 1156/2055/1958
f 1156/2055/1958 1834/2685/2554 1835/2684/2553 1176/2089/1989
f 1176/2089/1989 1835/2684/2553 1836/2683/2552 1196/2101/2000
f 1196/2101/2000 1836/2683/2552 1837/2682/2551 1216/2134/2031
f 1216/2134/2031 1837/2682/2551 1838/2680/2046 1236/2144/2039
f 1236/2144/2039 1838/2680/2046 1839/2681/2550 1256/2181/2074
f 1810/2670/2541 1843/2547/2424 1705/2643/2519 1682/2671/2516
f 1812/2672/2542 1851/2622/2499 1852/2523/2400 1813/2673/2543
f 1811/2674/2544 1850/2555/2432 1851/2622/2499 1812/2672/2542
f 2146/2675/2545 2147/2552/2429 1850/2555/2432 1811/2674/2544
f 1809/2676/2546 1842/2526/2403 1843/2547/2424 1810/2670/2541
f 1813/2673/2543 1852/2523/2400 1842/2526/2403 1809/2676/2546
f 1807/2677/2547 1840/2462/2339 1841/2489/2366 1808/2678/2548
f 1785/2679/2549 1823/1487/1416 1840/2462/2339 1807/2677/2547
f 1789/2696/2562 1847/1590/1519 1849/1484/1413 1791/2697/2563
f 1786/2698/2564 1824/1019/959 1848/1568/1497 1790/2699/2565
f 1788/2700/2566 1846/1571/1500 1847/1590/1519 1789/2696/2562
f 1790/2699/2565 1848/1568/1497 1846/1571/1500 1788/2700/2566
f 1784/1476/1405 1822/1523/1452 1845/1016/956 1787/2701/2567
f 1791/2697/2563 1849/1484/1413 1823/1487/1416 1785/2679/2549
f 1787/2701/2567 1845/1016/956 1824/1019/959 1786/2698/2564
f 1609/2530/2407 1656/2590/2467 1654/2585/2462 1682/2640/2516
f 1684/2708/2518 1879/2709/2574 1860/2710/2575 1862/2711/2576
f 1880/2712/2577 1684/2708/2518 1862/2711/2576 1859/2713/2578
f 1881/2714/2579 1882/2715/2580 1861/2716/2581 1858/2717/2582
f 1882/2715/2580 1880/2712/2577 1859/2713/2578 1861/2716/2581
f 1858/2717/2582 1861/2716/2581 1866/2718/2583 1863/2719/2584
f 1862/2711/2576 1860/2710/2575 1865/2720/2585 1867/2721/2586
f 1859/2713/2578 1862/2711/2576 1867/2721/2586 1864/2722/2587
f 1861/2716/2581 1859/2713/2578 1864/2722/2587 1866/2718/2583
f 1866/2718/2583 1864/2722/2587 1869/2723/2588 1871/2724/2589
f 1863/2719/2584 1866/2718/2583 1871/2724/2589 1868/2725/2590
f 1867/2721/2586 1865/2720/2585 1870/2726/2591 1872/2727/2592
f 1864/2722/2587 1867/2721/2586 1872/2727/2592 1869/2723/2588
f 1868/2725/2590 1871/2724/2589 1876/2728/2593 1873/2729/2594
f 1872/2727/2592 1870/2726/2591 1875/2730/2595 1877/2731/2596
f 1869/2723/2588 1872/2727/2592 1877/2731/2596 1874/2732/2597
f 1871/2724/2589 1869/2723/2588 1874/2732/2597 1876/2728/2593
f 1774/2733/2416 1612/2734/2415 1880/2712/2577 1882/2715/2580
f 1613/2735/2408 1774/2733/2416 1882/2715/2580 1881/2714/2579
f 1615/2736/2423 1854/2737/2598 1879/2709/2574 1684/2708/2518
f 1879/2709/2574 1881/2714/2579 1858/2717/2582 1860/2710/2575
f 1863/2719/2584 1865/2720/2585 1860/2710/2575 1858/2717/2582
f 1868/2725/2590 1870/2726/2591 1865/2720/2585 1863/2719/2584
f 1873/2729/2594 1875/2730/2595 1870/2726/2591 1868/2725/2590
f 1875/2730/2595 1873/2729/2594 1876/2728/2593 1874/2732/2597 1877/2731/2596
f 1618/2738/2409 1613/2735/2408 1883/2739/2599 1907/2740/2600
f 1616/2741/2418 1855/2742/2414 1885/2743/2601 1906/2744/2602
f 1906/2745/2602 1885/2746/2601 1888/2747/2603 1890/2748/2604
f 1883/2749/2599 1906/2745/2602 1890/2748/2604 1887/2750/2605
f 1884/2751/2606 1907/2752/2600 1889/2753/2607 1886/2754/2608
f 1907/2752/2600 1883/2749/2599 1887/2750/2605 1889/2753/2607
f 1886/2754/2608 1889/2753/2607 1894/2755/2609 1891/2756/2610
f 1890/2748/2604 1888/2747/2603 1893/2757/2611 1895/2758/2612
f 1887/2750/2605 1890/2748/2604 1895/2758/2612 1892/2759/2613
f 1889/2753/2607 1887/2750/2605 1892/2759/2613 1894/2755/2609
f 1894/2755/2609 1892/2759/2613 1897/2760/2614 1899/2761/2615
f 1891/2756/2610 1894/2755/2609 1899/2761/2615 1896/2762/2616
f 1895/2758/2612 1893/2757/2611 1898/2763/2617 1900/2764/2618
f 1892/2759/2613 1895/2758/2612 1900/2764/2618 1897/2760/2614
f 1896/2762/2616 1899/2761/2615 1904/2765/2619 1901/2766/2620
f 1900/2764/2618 1898/2763/2617 1903/2767/2621 1905/2768/2622
f 1897/2760/2614 1900/2764/2618 1905/2768/2622 1902/2769/2623
f 1899/2761/2615 1897/2760/2614 1902/2769/2623 1904/2765/2619
f 1975/2770/2624 1884/2751/2606 1886/2754/2608 2012/2771/2625
f 1878/2772/2626 1893/2757/2611 1888/2747/2603 2012/2771/2625
f 1857/2773/2627 1898/2763/2617 1893/2757/2611 1878/2772/2626
f 1938/2774/2628 1903/2767/2621 1898/2763/2617 1857/2773/2627
f 1903/2767/2621 1938/2774/2628 1901/2766/2620 1904/2765/2619 1902/2769/2623 1905/2768/2622
f 1610/2775/2417 1618/2738/2409 1907/2740/2600 1884/2776/2606
f 1854/2737/2598 1909/2777/2419 1883/2778/2599 1879/2709/2574
f 1909/2777/2419 1616/2741/2418 1906/2744/2602 1883/2778/2599
f 1613/2735/2408 1881/2714/2579 1879/2709/2574 1883/2739/2599
f 1668/2621/2498 1940/2779/2629 1941/2780/2630 1680/2524/2401
f 1630/2554/2431 1939/2781/2631 1940/2779/2629 1668/2621/2498
f 2137/2553/2430 2148/2782/2632 1939/2781/2631 1630/2554/2431
f 1603/2525/2402 1937/2783/2633 1854/2784/2598 1615/2546/2423
f 1680/2524/2401 1941/2780/2630 1937/2783/2633 1603/2525/2402
f 1579/2461/2338 1935/2785/2634 1936/2786/2635 1591/2488/2365
f 725/1486/1415 1913/2787/2636 1935/2785/2634 1579/2461/2338
f 1970/2788/2040 1933/2145/2040 1934/2182/2075 1971/2789/2637
f 1969/2790/2638 1932/2135/2032 1933/2145/2040 1970/2788/2040
f 1968/2791/2639 1931/2102/2001 1932/2135/2032 1969/2790/2638
f 1967/2792/2640 1930/2090/1990 1931/2102/2001 1968/2791/2639
f 1966/2793/2641 1929/2056/1959 1930/2090/1990 1967/2792/2640
f 1965/2794/2642 1928/2043/1946 1929/2056/1959 1966/2793/2641
f 1964/2795/2643 1927/2009/1916 1928/2043/1946 1965/2794/2642
f 1963/2796/2644 1926/1976/1885 1927/2009/1916 1964/2795/2643
f 1962/2797/1874 1925/1964/1874 1926/1976/1885 1963/2796/2644
f 1961/2798/1844 1924/1931/1844 1925/1964/1874 1962/2797/1874
f 1960/2799/1825 1923/1910/1825 1924/1931/1844 1961/2798/1844
f 1959/2800/2645 1922/1819/1738 1923/1910/1825 1960/2799/1825
f 1958/2801/2646 1921/1786/1709 1922/1819/1738 1959/2800/2645
f 1957/2802/2647 1920/1762/1686 1921/1786/1709 1958/2801/2646
f 1942/2803/2648 1911/1404/1338 1920/1762/1686 1957/2802/2647
f 748/1589/1518 1917/2804/2649 1919/2805/2650 772/1485/1414
f 707/1018/958 1914/2806/2651 1918/2807/2652 766/1569/1498
f 742/1570/1499 1916/2808/2653 1917/2804/2649 748/1589/1518
f 766/1569/1498 1918/2807/2652 1916/2808/2653 742/1570/1499
f 772/1485/1414 1919/2805/2650 1913/2787/2636 725/1486/1415
f 542/1478/1407 1912/1477/1406 1915/2809/2654 721/1017/957
f 721/1017/957 1915/2809/2654 1914/2806/2651 707/1018/958
f 1949/1522/1451 1912/1477/1406 1910/1139/1078 1948/2810/2655
f 1945/2811/2656 1814/1363/1297 1911/1404/1338 1942/2803/2648
f 1946/2812/2657 1856/1325/1261 1814/1363/1297 1945/2811/2656
f 1943/2813/2658 1844/1281/1218 1856/1325/1261 1946/2812/2657
f 1944/2814/2659 1908/1191/1129 1844/1281/1218 1943/2813/2658
f 1947/2815/2660 1853/1142/1081 1908/1191/1129 1944/2814/2659
f 1948/2810/2655 1910/1139/1078 1853/1142/1081 1947/2815/2660
f 696/1150/1089 1948/2810/2655 1947/2815/2660 560/1151/1090
f 560/1151/1090 1947/2815/2660 1944/2814/2659 577/1194/1132
f 577/1194/1132 1944/2814/2659 1943/2813/2658 604/1285/1221
f 604/1285/1221 1943/2813/2658 1946/2812/2657 621/1328/1264
f 621/1328/1264 1946/2812/2657 1945/2811/2656 638/1366/1300
f 638/1366/1300 1945/2811/2656 1942/2803/2648 665/1411/1345
f 541/1480/1409 1949/1522/1451 1948/2810/2655 696/1150/1089
f 665/1411/1345 1942/2803/2648 1957/2802/2647 842/1765/1689
f 842/1765/1689 1957/2802/2647 1958/2801/2646 913/1778/1701
f 913/1778/1701 1958/2801/2646 1959/2800/2645 930/1816/1735
f 930/1816/1735 1959/2800/2645 1960/2799/1825 1037/1906/1821
f 1037/1906/1821 1960/2799/1825 1961/2798/1844 1057/1926/1839
f 1057/1926/1839 1961/2798/1844 1962/2797/1874 1077/1960/1870
f 1077/1960/1870 1962/2797/1874 1963/2796/2644 1097/1969/1878
f 1097/1969/1878 1963/2796/2644 1964/2795/2643 1117/2004/1911
f 1117/2004/1911 1964/2795/2643 1965/2794/2642 1137/2039/1943
f 1137/2039/1943 1965/2794/2642 1966/2793/2641 1157/2051/1954
f 1157/2051/1954 1966/2793/2641 1967/2792/2640 1177/2086/1986
f 1177/2086/1986 1967/2792/2640 1968/2791/2639 1197/2096/1995
f 1197/2096/1995 1968/2791/2639 1969/2790/2638 1217/2130/2027
f 1217/2130/2027 1969/2790/2638 1970/2788/2040 1237/2166/2060
f 1237/2166/2060 1970/2788/2040 1971/2789/2637 1257/2177/2070
f 1940/2779/2629 1977/2628/2505 1978/2511/2388 1941/2780/2630
f 1939/2781/2631 1976/2565/2442 1977/2628/2505 1940/2779/2629
f 2148/2782/2632 2149/2562/2439 1976/2565/2442 1939/2781/2631
f 1937/2783/2633 1974/2514/2391 1909/2542/2419 1854/2784/2598
f 1941/2780/2630 1978/2511/2388 1974/2514/2391 1937/2783/2633
f 1935/2785/2634 1972/2454/2331 1973/2483/2360 1936/2786/2635
f 1913/2787/2636 1950/1533/1462 1972/2454/2331 1935/2785/2634
f 1917/2804/2649 1954/1573/1502 1956/1530/1459 1919/2805/2650
f 1914/2806/2651 1951/1521/1450 1955/1534/1463 1918/2807/2652
f 1916/2808/2653 1953/1537/1466 1954/1573/1502 1917/2804/2649
f 1918/2807/2652 1955/1534/1463 1953/1537/1466 1916/2808/2653
f 1919/2805/2650 1956/1530/1459 1950/1533/1462 1913/2787/2636
f 1912/1477/1406 1949/1522/1451 1952/1518/1447 1915/2809/2654
f 1915/2809/2654 1952/1518/1447 1951/1521/1450 1914/2806/2651
f 1666/2627/2504 2014/2634/2511 2015/2501/2378 1678/2512/2389
f 1626/2564/2441 2013/2577/2454 2014/2634/2511 1666/2627/2504
f 2135/2563/2440 2150/2576/2453 2013/2577/2454 1626/2564/2441
f 1604/2513/2390 2011/2504/2381 1855/2537/2414 1616/2541/2418
f 1678/2512/2389 2015/2501/2378 2011/2504/2381 1604/2513/2390
f 1580/2453/2330 2009/2468/2345 2010/2478/2355 1592/2482/2359
f 726/1532/1461 1987/1505/1434 2009/2468/2345 1580/2453/2330
f 1238/2162/2057 2007/2167/2061 2008/2178/2071 1258/2173/2066
f 1218/2126/2023 2006/2131/2028 2007/2167/2061 1238/2162/2057
f 1198/2117/2015 2005/2097/1996 2006/2131/2028 1218/2126/2023
f 1178/2082/1983 2004/2087/1987 2005/2097/1996 1198/2117/2015
f 1158/2046/1949 2003/2052/1955 2004/2087/1987 1178/2082/1983
f 1138/2035/1940 2002/2040/1944 2003/2052/1955 1158/2046/1949
f 1118/2000/1907 2001/2005/1912 2002/2040/1944 1138/2035/1940
f 1098/1992/1900 2000/1970/1879 2001/2005/1912 1118/2000/1907
f 1078/1956/1867 1999/1961/1871 2000/1970/1879 1098/1992/1900
f 1058/1921/1834 1998/1927/1840 1999/1961/1871 1078/1956/1867
f 1038/1902/1817 1997/1907/1822 1998/1927/1840 1058/1921/1834
f 931/1814/1733 1996/1817/1736 1997/1907/1822 1038/1902/1817
f 914/1794/1716 1995/1779/1702 1996/1817/1736 931/1814/1733
f 843/1768/1692 1994/1766/1690 1995/1779/1702 914/1794/1716
f 664/1415/1349 1985/1412/1346 1994/1766/1690 843/1768/1692
f 751/1572/1501 1991/1583/1512 1993/1502/1431 775/1531/1460
f 708/1520/1449 1988/1077/1017 1992/1556/1485 757/1535/1464
f 735/1536/1465 1990/1557/1486 1991/1583/1512 751/1572/1501
f 757/1535/1464 1992/1556/1485 1990/1557/1486 735/1536/1465
f 541/1480/1409 1986/1479/1408 1989/1074/1014 714/1519/1448
f 775/1531/1460 1993/1502/1431 1987/1505/1434 726/1532/1461
f 540/1483/1412 1986/1479/1408 1979/1149/1088 697/1097/1037
f 637/1373/1307 1984/1367/1301 1985/1412/1346 664/1415/1349
f 620/1333/1269 1983/1329/1265 1984/1367/1301 637/1373/1307
f 603/1241/1178 1982/1286/1222 1983/1329/1265 620/1333/1269
f 576/1198/1136 1981/1195/1133 1982/1286/1222 603/1241/1178
f 559/1157/1096 1980/1152/1091 1981/1195/1133 576/1198/1136
f 697/1097/1037 1979/1149/1088 1980/1152/1091 559/1157/1096
f 714/1519/1448 1989/1074/1014 1988/1077/1017 708/1520/1449
f 1901/2766/2620 1938/2774/2628 1857/2773/2627 1896/2762/2616
f 1896/2762/2616 1857/2773/2627 1878/2772/2626 1891/2756/2610
f 1891/2756/2610 1878/2772/2626 2012/2771/2625 1886/2754/2608
f 1885/2746/2601 1975/2770/2624 2012/2771/2625 1888/2747/2603
f 1620/2536/2413 1610/2775/2417 1884/2751/2606 1975/2770/2624
f 1885/2746/2601 1855/2537/2414 1620/2536/2413 1975/2770/2624
f 1612/2734/2415 1683/2650/2523 1684/2708/2518 1880/2712/2577
f 2152/2816/2661 2153/2817/2662 2016/2818/2663 2061/2819/2664
f 2153/2817/2662 2151/2581/2458 1623/2580/2457 2016/2818/2663
f 2134/2557/2434 1587/2486/2363 2064/2820/2665 2154/2821/2666
f 1664/2822/2513 2109/2823/2667 1623/2580/2457
f 2061/2819/2664 2016/2818/2663 2110/2824/2668 2113/2825/2669
f 2154/2821/2666 2152/2816/2661 2061/2819/2664 2017/2826/2670
f 1665/2624/2501 1625/2623/2500 2060/2499/2376 1677/2520/2397
f 2163/2827/2671 2053/2828/2672 2156/2829/2673 2160/2830/2674
f 1611/2544/2421 2052/2535/2412 2058/2588/2465 1655/2595/2472
f 1644/2605/2482 2056/2611/2488 2057/2616/2493 1649/2617/2494
f 1639/2603/2480 2055/2602/2479 2056/2611/2488 1644/2605/2482
f 1634/2596/2473 2054/2589/2466 2055/2602/2479 1639/2603/2480
f 1655/2595/2472 2058/2588/2465 2054/2589/2466 1634/2596/2473
f 1599/2521/2398 2051/2500/2377 2052/2535/2412 1611/2544/2421
f 1677/2520/2397 2060/2499/2376 2051/2500/2377 1599/2521/2398
f 1575/2459/2336 2049/2471/2348 2050/2476/2353 1587/2486/2363
f 701/1526/1455 2030/1495/1424 2049/2471/2348 1575/2459/2336
f 2542/1270/1207 2543/1712/1637 1431/1662/1587 1417/1271/1208
f 2037/1656/1581 2090/611/558 2089/614/561 2036/2831/2675
f 1414/1378/1312 1429/1377/1311 1423/2265/2156 1415/1435/1368
f 2768/1278/1215 2766/1212/1150 1412/1215/1153 1434/1279/1216
f 2635/2211/2102 2659/1720/1645 1443/1723/1648 1381/2212/2103
f 1420/1372/1306 1444/1129/1068 1451/1132/1071 1427/1829/1748
f 753/1578/1507 2032/1587/1516 2034/1492/1421 777/1525/1454
f 698/1514/1443 2028/1032/972 2033/1564/1493 759/1547/1476
f 739/1548/1477 2031/1565/1494 2032/1587/1516 753/1578/1507
f 759/1547/1476 2033/1564/1493 2031/1565/1494 739/1548/1477
f 519/1482/1411 2027/1481/1410 2029/1029/969 517/1513/1442
f 777/1525/1454 2034/1492/1421 2030/1495/1424 701/1526/1455
f 544/1475/1404 2027/1481/1410 2024/1070/1010 693/1071/1011
f 2805/2832/2676 2803/1438/1371 1413/1326/1262 1440/2833/2677
f 2573/1185/1123 2576/979/919 1394/982/922 953/1182/1120
f 2749/1834/1753 3003/1379/1313 3004/1382/1316 2786/2834/2678
f 2489/1889/1806 2415/1888/1805 2856/2835/2679 2902/2836/2680
f 2801/2209/2100 2805/2832/2676 1440/2833/2677 1388/1246/1183
f 2432/1875/1792 2474/1874/1791 2469/973/913 2433/1441/1374
f 1409/1302/1238 1420/1372/1306 1427/1829/1748 1410/1338/1274
f 1440/2833/2677 1413/1326/1262 1408/1301/1237 1432/1300/1236
f 1446/1236/1173 1407/2448/2326 1374/2451/2329 1450/1237/1174
f 524/990/930 525/987/927 2026/1111/1050 2020/1050/990
f 525/987/927 526/986/926 2025/1112/1051 2026/1111/1050
f 691/1013/953 520/1011/951 2023/1065/1005 2024/1070/1010
f 520/1011/951 521/1008/948 2022/1059/999 2023/1065/1005
f 521/1008/948 522/1002/942 2021/1053/993 2022/1059/999
f 522/1002/942 523/996/936 2019/1049/989 2021/1053/993
f 523/996/936 524/990/930 2020/1050/990 2019/1049/989
f 517/1513/1442 2029/1029/969 2028/1032/972 698/1514/1443
f 1587/2486/2363 2050/2476/2353 2065/2837/2681 2064/2820/2665
f 1595/2475/2352 1590/2474/2351 2063/2838/2682 2062/2839/2683
f 2050/2476/2353 1595/2475/2352 2062/2839/2683 2065/2837/2681
f 1669/2619/2496 2107/2625/2502 2108/2519/2396 1681/2527/2404
f 1632/2550/2427 2101/2559/2436 2107/2625/2502 1669/2619/2496
f 1617/2529/2406 2100/2545/2422 2106/2594/2471 1657/2591/2468
f 1646/2607/2484 2104/2606/2483 2105/2618/2495 1651/2612/2489
f 1641/2598/2475 2103/2604/2481 2104/2606/2483 1646/2607/2484
f 1636/2592/2469 2102/2597/2474 2103/2604/2481 1641/2598/2475
f 1657/2591/2468 2106/2594/2471 2102/2597/2474 1636/2592/2469
f 2138/2549/2426 2155/2556/2433 2101/2559/2436 1632/2550/2427
f 1605/2528/2405 2099/2522/2399 2100/2545/2422 1617/2529/2406
f 1681/2527/2404 2108/2519/2396 2099/2522/2399 1605/2528/2405
f 1581/2463/2340 2097/2460/2337 2098/2487/2364 1593/2490/2367
f 727/1490/1419 2076/1527/1456 2097/2460/2337 1581/2463/2340
f 1570/853/794 2084/1292/1228 2083/2840/2684 1569/1860/1779
f 1345/2420/2301 1496/2841/2685 2770/590/539 2755/2842/2686
f 2631/1891/1808 2632/959/899 2594/961/901 2593/2400/2281
f 2936/2843/2687 3007/2288/2178 3008/2291/2181 2933/1448/1381
f 2391/2319/2207 2403/2844/2688 2857/2845/2689 2861/2846/2690
f 1401/2445/2323 2389/1252/1189 2618/1318/1254 2596/1597/1526
f 747/1588/1517 2080/1579/1508 2082/1524/1453 771/1489/1418
f 709/1026/966 2077/1515/1444 2081/1546/1475 765/1566/1495
f 741/1567/1496 2079/1549/1478 2080/1579/1508 747/1588/1517
f 765/1566/1495 2081/1546/1475 2079/1549/1478 741/1567/1496
f 771/1489/1418 2082/1524/1453 2076/1527/1456 727/1490/1419
f 502/1465/1394 2075/1472/1401 2078/1512/1441 518/1025/965
f 518/1025/965 2078/1512/1441 2077/1515/1444 709/1026/966
f 519/1482/1411 2075/1472/1401 2073/1012/952 691/1013/953
f 2740/2847/2691 2741/2848/2692 2232/2849/2693 2212/2850/2694
f 2778/1603/1532 2779/1602/1531 2742/680/627 2741/2848/2692
f 1340/2424/2305 1356/2435/2315 1341/2421/2302
f 2336/1669/1594 2356/2851/2695 2864/723/668 2865/722/667
f 2949/1355/1289 2951/1228/1165 1454/1231/1168 1430/1356/1290
f 2649/924/572 2650/923/864 2617/626/573 2616/625/572
f 1489/2852/2696 1518/2853/2697 1517/2854/2698 1488/2855/2699
f 1429/1377/1311 1453/1685/1610 1447/2266/2157 1423/2265/2156
f 686/963/903 503/958/898 2072/1010/950 2073/1012/952
f 503/958/898 504/954/894 2071/1007/947 2072/1010/950
f 504/954/894 505/952/892 2070/1001/941 2071/1007/947
f 505/952/892 506/944/884 2069/995/935 2070/1001/941
f 506/944/884 507/938/878 2068/989/929 2069/995/935
f 2767/1213/1151 2769/1673/1598 1452/1676/1601 1428/1214/1152
f 507/938/878 508/930/870 2067/984/924 2068/989/929
f 508/930/870 509/929/869 2066/985/925 2067/984/924
f 2112/2635/2512 2163/2827/2671 2161/2856/2700 2118/2857/2701
f 2113/2825/2669 2110/2824/2668 2116/2858/2702 2119/2859/2703
f 2016/2818/2663 1623/2580/2457 2109/2860/2667 2110/2824/2668
f 1625/2623/2500 2053/2828/2672 2163/2827/2671 2112/2635/2512
f 2017/2826/2670 2061/2819/2664 2113/2825/2669 2114/2861/2704
f 2120/2862/2705 2119/2859/2703 2125/2863/2706 2126/2864/2707
f 2115/2865/2708 2117/2866/2709 2123/2867/2710 2121/2868/2711
f 1664/2822/2513 2112/2635/2512 2118/2857/2701 2117/2866/2709
f 2109/2823/2667 1664/2822/2513 2117/2866/2709 2115/2865/2708
f 2114/2861/2704 2113/2825/2669 2119/2859/2703 2120/2862/2705
f 2110/2824/2668 2109/2860/2667 2115/2869/2708 2116/2858/2702
f 2124/2870/2712 2162/2871/2713 2111/2872/2714 2130/2873/2715
f 2125/2863/2706 2122/2874/2716 2128/2875/2717 2131/2876/2718
f 2116/2858/2702 2115/2869/2708 2121/2877/2711 2122/2874/2716
f 2119/2859/2703 2116/2858/2702 2122/2874/2716 2125/2863/2706
f 2118/2857/2701 2161/2856/2700 2162/2871/2713 2124/2870/2712
f 2117/2866/2709 2118/2857/2701 2124/2870/2712 2123/2867/2710
f 2129/2878/2719 2130/2873/2715 2111/2872/2714 2157/2879/2714 2132/2880/2720 2131/2876/2718
f 2127/2881/2721 2129/2878/2719 2131/2876/2718 2128/2875/2717
f 2123/2867/2710 2124/2870/2712 2130/2873/2715 2129/2878/2719
f 2121/2868/2711 2123/2867/2710 2129/2878/2719 2127/2881/2721
f 2126/2864/2707 2125/2863/2706 2131/2876/2718 2132/2880/2720
f 2122/2874/2716 2121/2877/2711 2127/2882/2721 2128/2875/2717
f 1593/2490/2367 2098/2487/2364 2155/2556/2433 2138/2549/2426
f 2064/2820/2665 2065/2837/2681 2152/2816/2661 2154/2821/2666
f 1625/2623/2500 2059/2558/2435 2053/2828/2672
f 2062/2839/2683 2063/2838/2682 2151/2581/2458 2153/2817/2662
f 2065/2837/2681 2062/2839/2683 2153/2817/2662 2152/2816/2661
f 1592/2482/2359 2010/2478/2355 2150/2576/2453 2135/2563/2440
f 1936/2786/2635 1973/2483/2360 2149/2562/2439 2148/2782/2632
f 1591/2488/2365 1936/2786/2635 2148/2782/2632 2137/2553/2430
f 1808/2678/2548 1841/2489/2366 2147/2552/2429 2146/2675/2545
f 1590/2474/2351 1808/2678/2548 2146/2675/2545 2140/2578/2455
f 1589/2472/2349 1772/2480/2357 2145/2572/2449 2139/2582/2459
f 1588/2479/2356 1737/2485/2362 2144/2560/2437 2142/2573/2450
f 1594/2473/2350 1589/2472/2349 2139/2582/2459 2133/2570/2447
f 1590/2474/2351 2140/2578/2455 2151/2581/2458 2063/2838/2682
f 2010/2478/2355 1596/2477/2354 2141/2566/2443 2150/2576/2453
f 1772/2480/2357 1588/2479/2356 2142/2573/2450 2145/2572/2449
f 1586/2481/2358 1594/2473/2350 2133/2570/2447 2136/2567/2444
f 1596/2477/2354 1586/2481/2358 2136/2567/2444 2141/2566/2443
f 1973/2483/2360 1592/2482/2359 2135/2563/2440 2149/2562/2439
f 1737/2485/2362 1585/2484/2361 2143/2548/2425 2144/2560/2437
f 2098/2487/2364 1587/2486/2363 2134/2557/2434 2155/2556/2433
f 1841/2489/2366 1591/2488/2365 2137/2553/2430 2147/2552/2429
f 1585/2484/2361 1593/2490/2367 2138/2549/2426 2143/2548/2425
f 2161/2856/2700 2163/2827/2671 2160/2830/2674 2158/2883/2722
f 2158/2883/2722 2160/2830/2674 2114/2861/2704 2120/2862/2705
f 2160/2830/2674 2156/2829/2673 2017/2826/2670 2114/2861/2704
f 2157/2879/2714 2159/2884/2723 2126/2864/2707 2132/2880/2720
f 2156/2829/2673 2134/2557/2434 2154/2821/2666 2017/2826/2670
f 2159/2884/2723 2158/2883/2722 2120/2862/2705 2126/2864/2707
f 2111/2872/2714 2162/2871/2713 2159/2884/2723 2157/2879/2714
f 2101/2559/2436 2059/2558/2435 1625/2623/2500
f 2053/2828/2672 2059/2558/2435 2134/2557/2434 2156/2829/2673
f 2162/2871/2713 2161/2856/2700 2158/2883/2722 2159/2884/2723
f 1349/2393/2275 1492/2885/2724 1489/2852/2696 1350/2444/2322
f 358/798/740 2523/769/714 2519/772/717 357/766/711
f 1562/1605/1251 2043/2886/620 2041/2887/2725 1560/1606/1534
f 1382/1042/982 1434/1279/1216 2805/2832/2676 2801/2209/2100
f 2310/1637/1563 2330/691/638 2329/694/641 2309/2295/2185
f 1457/2888/2726 1459/2889/2727 1460/635/582 1456/2438/2318
f 3010/1420/1354 2956/2890/2728 2930/2891/2729 2989/2892/2730
f 1376/1247/1184 1432/1300/1236 1438/1303/1239 1384/1456/1387
f 2804/1439/1372 2806/2446/2324 1446/1236/1173 1422/1235/1172
f 1398/2213/2104 1381/2212/2103 2726/2306/2196 2727/2278/2168
f 1415/1435/1368 1423/2265/2156 2600/2268/2159 2599/1748/1673
f 2494/2287/2177 2496/2255/2146 2499/1399/1333 2518/2893/2731
f 2575/980/920 2579/2449/2327 1439/1276/1213 1378/981/921
f 2540/1178/1116 2544/1269/1206 1437/1272/1209 1377/940/880
f 954/1188/1126 1361/1048/988 2537/2217/2108 2538/1226/1163
f 2810/2894/2732 2811/2895/2733 2086/1344/1280 1572/1659/1584
f 2477/1666/1591 2489/1889/1806 2902/2836/2680 2901/2896/2734
f 2231/2897/2735 2253/2898/2736 2252/1639/1565 2230/1638/1564
f 3017/2899/2737 3014/2900/2738 3013/2901/2739 3016/2902/2740
f 1418/1664/1589 1424/1663/1588 2949/1355/1289 2948/1354/1288
f 959/1883/1800 2939/950/890 2938/2198/2089 962/1884/1801
f 1383/941/881 1442/1397/1331 2950/1612/1538 2946/1657/1582
f 955/1189/1127 971/942/882 2947/1648/1574 2944/1647/1573
f 2392/2311/2201 2404/1419/1353 2953/1421/1355 2952/2342/2230
f 1002/1350/1284 1019/1732/1657 2794/1735/1660 2793/1351/1285
f 2993/1224/1161 2443/1223/1160 2956/2890/2728 3010/1420/1354
f 2401/1251/1188 2995/550/500 3001/1143/1082 2619/1317/1253
f 2976/2379/2143 2982/2903/2289 2984/2243/2134 2978/2242/2133
f 1452/1676/1601 1403/1675/1600 2800/2447/2325 2806/2446/2324
f 1358/2439/2319 1464/2904/2741 1475/2905/2742 1356/2440/2315
f 2777/1652/1578 2778/1603/1532 2741/2848/2692 2740/2847/2691
f 1352/2412/2293 1487/2906/2743 1486/2907/2744 1353/2413/2294
f 2213/1651/1577 2233/1601/1530 2778/1603/1532 2777/1652/1578
f 2578/1311/1247 2580/1839/1758 1445/1642/1568 1421/1312/1248
f 2798/1881/1798 2807/1880/1797 1496/2841/2685 1345/2420/2301
f 1443/1723/1648 1419/1722/1647 2728/2361/2249 2730/2307/2197
f 2731/610/557 2725/609/556 2763/1674/1599 2769/1673/1598
f 2437/1667/1592 2477/1666/1591 2901/2896/2734 2900/1877/1794
f 2999/1823/1742 2551/1058/998 2442/1222/1159 2998/1221/1158
f 684/1454/1385 1359/2426/2307 1457/2888/2726 782/1591/1520
f 2755/2842/2686 2770/590/539 2732/593/542 2723/2416/2297
f 2594/961/901 2603/615/562 1494/618/565 1347/2427/2308
f 1354/2430/2311 1353/2413/2294 1357/2441/2306
f 2773/576/526 2774/1346/568 2737/621/568 2735/577/526
f 2315/1706/1631 2335/725/670 2783/1283/1181 2782/1282/1219
f 2173/870/811 2193/869/810 2776/1653/1579 2775/1345/569
f 1456/2438/2318 1460/635/582 1355/707/652 1458/2437/2317
f 2779/1602/1531 2780/1034/974 2743/681/628 2742/680/627
f 1358/2439/2319 685/1460/1389 784/1464/1393 1458/2437/2317
f 1458/2437/2317 1355/707/652 1464/2904/2741 1358/2439/2319
f 1388/1246/1183 1440/2833/2677 1432/1300/1236 1376/1247/1184
f 782/1591/1520 1457/2888/2726 1456/2438/2318 780/1463/1392
f 2658/1836/1755 2660/2397/2279 1449/607/554 1425/1837/1756
f 2335/725/670 2355/724/669 2784/2908/2745 2783/1283/1181
f 2776/1653/1579 2777/1652/1578 2740/2847/2691 2739/1335/1271
f 2319/658/605 2339/657/604 2338/782/725 2318/2909/2746
f 2748/2355/2243 2749/1834/1753 2786/2834/2678 2785/2318/2206
f 1558/637/584 2039/631/578 2042/586/535 1561/2910/2747
f 367/472/422 864/471/421 2534/803/745 2526/802/744
f 1359/2426/2307 1463/569/519 1459/2889/2727 1457/2888/2726
f 1356/2435/2315 1475/2911/2742 1508/2912/2748 1341/2421/2302
f 2182/1099/1039 2202/2913/2749 2204/2914/1241 2184/1100/770
f 1380/1430/1363 1441/1429/1362 2601/1747/1672 2597/2915/2750
f 989/1061/1001 1367/2222/2113 2910/2221/2112 2912/1385/1319
f 2723/2416/2297 2732/593/542 1495/2305/2195 1346/2298/2188
f 1347/2427/2308 1494/618/565 1493/2916/2751 1348/2392/2274
f 1353/2413/2294 1486/2907/2744 1474/2917/516 1357/2441/2306
f 2475/2338/2226 2972/2330/2218 2973/2331/2219 2967/2335/2223
f 1434/1279/1216 1412/1215/1153 2803/1438/1371 2805/2832/2676
f 2735/577/526 2737/621/568 2085/624/571 1571/1852/1771
f 362/791/733 2531/369/320 2529/372/323 361/792/734
f 1341/2421/2302 1508/2912/2748 1507/2918/2752 1342/2410/2291
f 2774/1346/568 2775/1345/569 2738/622/569 2737/621/568
f 1524/559/509 1541/668/615 2809/642/589 2808/641/588
f 1441/1429/1362 1415/1435/1368 2599/1748/1673 2601/1747/1672
f 2441/1359/1293 2479/1117/1056 2753/2272/2162 2752/1380/1314
f 1475/2911/2742 1514/2919/656 1527/703/648 1508/2912/2748
f 1348/2392/2274 1493/2916/2751 1492/2885/2724 1349/2393/2275
f 1557/636/583 2038/1340/1276 2039/631/578 1558/637/584
f 2218/1423/1357 2238/664/611 2239/1848/1767 2219/2920/2753
f 1513/567/517 1530/1604/1533 1528/1607/1535 1511/568/518
f 1493/2916/2751 1520/2921/2754 1519/2922/2755 1492/2885/2724
f 1521/617/564 1538/854/795 1537/1861/1780 1520/2921/2754
f 1487/2906/2743 1516/2923/2756 1515/2924/2757 1486/2907/2744
f 3004/1382/1316 2789/1381/1315 2437/1667/1592 2990/1876/1793
f 1463/569/519 1511/568/518 1510/873/814 1459/2889/2727
f 1351/2428/2309 1488/2855/2699 1487/2906/2743 1352/2412/2293
f 1343/2411/2292 1506/557/507 1497/560/510 1344/1879/1796
f 2807/1880/1797 2808/641/588 1523/644/591 1496/2841/2685
f 1357/2425/2306 1474/566/516 1463/569/519 1359/2426/2307
f 1492/2885/2724 1519/2922/2755 1518/2853/2697 1489/2852/2696
f 2732/593/542 2733/592/541 1522/640/587 1495/2305/2195
f 1464/2904/2741 1512/708/653 1514/711/656 1475/2905/2742
f 1459/2889/2727 1510/873/814 1460/635/582
f 1507/2918/2752 1526/665/612 1525/558/508 1506/557/507
f 2604/616/563 2605/851/792 1538/854/795 1521/617/564
f 1355/707/652 1509/638/585 1512/708/653 1464/2904/2741
f 1350/2444/2322 1489/2852/2696 1488/2855/2699 1351/2428/2309
f 1342/2410/2291 1507/2918/2752 1506/557/507 1343/2411/2292
f 1486/2907/2744 1515/2924/2757 1513/2925/517 1474/2917/516
f 1508/2912/2748 1527/703/648 1526/665/612 1507/2918/2752
f 1569/1860/1779 2083/2840/2684 2074/619/566 1568/629/576
f 1560/1606/1534 2041/2887/2725 2040/1696/1621 1559/874/815
f 2606/852/793 2607/1289/1225 2084/1292/1228 1570/853/794
f 2492/2259/2150 2416/2258/2149 2954/1107/1046 2963/1106/1045
f 1559/874/815 2040/1696/1621 2038/1340/1276 1557/636/583
f 1419/1722/1647 1425/1837/1756 2729/2362/2250 2728/2361/2249
f 1561/2910/2747 2042/586/535 2044/589/538 1563/2926/1580
f 2035/2927/2758 2088/582/531 2087/585/534 2018/2928/2759
f 1566/1825/1744 2047/601/548 2046/562/512 1565/561/511
f 2809/642/589 2810/2894/2732 1572/1659/1584 1540/643/590
f 3000/1443/1376 2586/1442/1375 2439/1055/995 2997/1822/1741
f 2645/1369/1303 2646/603/550 2613/606/553 2612/1370/1304
f 1542/667/614 2035/2927/2758 2018/2928/2759 1541/668/615
f 1534/1846/1765 1566/1825/1744 1565/561/511 1533/1618/1544
f 1425/1837/1756 1449/607/554 2731/610/557 2729/2362/2250
f 1529/709/654 1561/2910/2747 1563/2926/1580 1531/710/655
f 1528/1607/1535 1560/1606/1534 1559/874/815 1510/873/814
f 3005/1878/1795 2900/1877/1794 2438/2929/2760 2996/2930/2761
f 1537/1861/1780 1569/1860/1779 1568/629/576 1536/822/764
f 1544/704/649 2037/1656/1581 2036/2831/2675 1543/666/613
f 1518/2853/2697 1535/823/765 1534/1846/1765 1517/2854/2698
f 1543/666/613 2036/2831/2675 2035/2927/2758 1542/667/614
f 1519/2922/2755 1536/822/764 1535/823/765 1518/2853/2697
f 1517/2854/2698 1534/1846/1765 1533/1618/1544 1516/2923/2756
f 1516/2923/2756 1533/1618/1544 1532/1619/1545 1515/2924/2757
f 1520/2921/2754 1537/1861/1780 1536/822/764 1519/2922/2755
f 2991/2358/2246 2440/1872/1789 2432/1875/1792 2988/2351/2239
f 1509/638/585 1558/637/584 1561/2910/2747 1529/709/654
f 1514/2919/656 1531/1654/655 1544/704/649 1527/703/648
f 1509/638/585 1529/709/654 1512/708/653
f 2996/2930/2761 2438/2929/2760 2440/1872/1789 2991/2358/2246
f 1515/2924/2757 1532/1619/1545 1530/1893/1533 1513/2925/517
f 1488/2855/2699 1517/2854/2698 1516/2923/2756 1487/2906/2743
f 1494/618/565 1521/617/564 1520/2921/2754 1493/2916/2751
f 1511/568/518 1528/1607/1535 1510/873/814
f 1315/2403/2284 1330/2417/2298 2758/2931/2762 2759/2932/2763
f 2202/2913/2749 2222/1700/1625 2224/1701/1626 2204/2914/1241
f 3015/2933/2764 2969/2934/2765 2904/2309/2199 3011/2935/2766
f 2386/2343/2231 2398/2936/2767 2921/1136/1075 2920/1135/1074
f 2487/2398/2280 2418/2937/2768 2413/1321/1257 2482/1320/1256
f 2674/1623/1549 2679/912/853 2682/1621/1547 2677/1831/1750
f 2739/1335/1271 2740/2847/2691 2212/2850/2694 2192/1336/1272
f 2759/2932/2763 2758/2931/2762 2625/2406/2287 2667/2405/2286
f 2185/595/544 2205/2938/2769 2203/2939/2097 2183/596/433
f 2187/646/593 2207/1092/1032 2206/2940/2770 2186/1627/1553
f 2516/2941/2296 2500/2292/2182 2498/2256/2147 2495/2942/1095
f 2762/1233/1170 2761/1847/1766 2722/2235/2126 2724/2277/2167
f 2302/2367/2254 2322/1738/1663 2320/695/642 2300/1690/1615
f 2186/1627/1553 2206/2940/2770 2205/2938/2769 2185/595/544
f 2041/2887/2725 2094/485/435 2093/1261/1198 2040/1696/1621
f 2813/868/809 2814/1828/1747 2213/1651/1577 2193/869/810
f 2547/896/837 2548/1824/1743 2396/2943/2771 2384/2310/2200
f 2166/1628/1554 2186/1627/1553 2185/595/544 2165/594/543
f 2093/1261/1198 2180/1260/1197 2178/2944/2772 2091/1341/1277
f 2169/620/567 2189/1740/1665 2188/645/592 2168/599/546
f 2196/1384/1318 2216/2945/2773 2215/1885/1802 2195/1180/1118
f 2091/1341/1277 2178/2944/2772 2179/1308/1244 2092/632/579
f 2197/830/771 2217/1306/1242 2216/2945/2773 2196/1384/1318
f 2046/562/512 2166/1628/1554 2165/594/543 2045/563/513
f 2043/2886/620 2096/482/432 2094/485/435 2041/2887/2725
f 2047/601/548 2167/600/547 2166/1628/1554 2046/562/512
f 2036/2831/2675 2089/614/561 2088/582/531 2035/2927/2758
f 2084/1292/1228 2171/1291/1227 2170/1298/1234 2083/2840/2684
f 2643/2285/2175 2644/1368/1302 2611/1371/1305 2610/2286/2176
f 2083/2840/2684 2170/1298/1234 2169/620/567 2074/619/566
f 2089/614/561 2176/613/560 2175/583/532 2088/582/531
f 2811/2895/2733 2812/867/808 2173/870/811 2086/1344/1280
f 1563/1655/1580 2044/1219/538 2090/611/558 2037/1656/1581
f 2170/1298/1234 2190/1297/1233 2189/1740/1665 2169/620/567
f 2194/1181/1119 2214/1826/1745 2814/1828/1747 2813/868/809
f 2190/1297/1233 2210/2946/2774 2209/1741/1666 2189/1740/1665
f 973/932/872 2909/2224/2115 2908/2233/2124 974/933/873
f 1424/1663/1588 1448/1736/1661 2951/1228/1165 2949/1355/1289
f 2216/2945/2773 2236/1863/1782 2235/1093/1033 2215/1885/1802
f 2204/1305/1241 2224/2947/1626 2237/1862/1781 2217/1306/1242
f 2210/2946/2774 2230/1638/1564 2229/1641/1567 2209/1741/1666
f 963/1850/1769 2937/2201/2092 2066/985/925 509/929/869
f 2206/2940/2770 2226/2948/2775 2225/1125/1064 2205/2938/2769
f 1497/560/510 1524/559/509 2808/641/588 2807/1880/1797
f 2931/2365/2252 2922/1857/1776 2418/2937/2768 2487/2398/2280
f 2227/2949/2776 2248/2950/2777 2247/2951/2778 2226/2948/2775
f 2307/2313/2203 2327/763/708 2325/774/623 2305/2314/1328
f 2997/1822/1741 2439/1055/995 2551/1058/998 2999/1823/1742
f 2208/1091/1031 2228/2952/2779 2227/2949/2776 2207/1092/1032
f 2452/1688/1613 2457/1687/1612 2959/2953/2780 2958/2954/2781
f 2384/2310/2200 2396/2943/2771 2404/1419/1353 2392/2311/2201
f 2205/2938/2769 2225/1125/1064 2223/1126/1065 2203/2939/2097
f 2318/2909/2746 2338/782/725 2337/785/728 2317/1668/1593
f 2423/2955/1562 2494/2956/2177 2518/2957/2731 2550/2423/2304
f 980/2200/2091 2911/2273/2163 2025/1112/1051 526/986/926
f 2201/1671/1596 2221/1746/1671 2220/1422/1356 2200/1672/1597
f 2217/1306/1242 2237/1862/1781 2236/1863/1782 2216/2945/2773
f 2651/1598/1527 2652/2958/2782 2402/1833/1752 2390/2450/2328
f 1403/1675/1600 2391/2319/2207 2861/2846/2690 2800/2447/2325
f 2191/1296/1232 2211/2959/2783 2210/2946/2774 2190/1297/1233
f 2757/1005/945 2756/2960/2784 2655/2354/2242 2720/2274/2164
f 2609/1692/1617 2610/2286/2176 2211/2959/2783 2191/1296/1232
f 2178/2944/2772 2198/2961/2785 2199/2962/2786 2179/1308/1244
f 2174/584/533 2194/1181/1119 2813/868/809 2812/867/808
f 974/933/873 2908/2233/2124 2907/2229/2120 977/948/888
f 2234/1096/1036 2256/1095/1035 2816/659/606 2815/1827/1746
f 2211/2959/2783 2231/2897/2735 2230/1638/1564 2210/2946/2774
f 2200/1672/1597 2220/1422/1356 2218/1423/1357 2198/2961/2785
f 1454/1231/1168 1375/1230/1167 2915/2382/2265 2919/1684/1609
f 2316/1670/1595 2336/1669/1594 2865/722/667 2867/2963/2787
f 2180/1260/1197 2200/1672/1597 2198/2961/2785 2178/2944/2772
f 1436/1613/1539 1416/1357/1291 2916/1375/1309 2918/1433/1366
f 2610/2286/2176 2611/1371/1305 2231/2897/2735 2211/2959/2783
f 2276/690/637 2296/689/636 2818/754/699 2817/660/607
f 2203/2206/2097 2223/1892/1065 2221/1746/1671 2201/1671/1596
f 979/2199/2090 2906/2208/2099 2911/2273/2163 980/2200/2091
f 2209/1741/1666 2229/1641/1567 2228/2952/2779 2208/1091/1031
f 2199/2962/2786 2219/2920/2753 2222/1700/1625 2202/2913/2749
f 2179/1308/1244 2199/2962/2786 2202/2913/2749 2182/1099/1039
f 2198/2961/2785 2218/1423/1357 2219/2920/2753 2199/2962/2786
f 2814/1828/1747 2815/1827/1746 2233/1601/1530 2213/1651/1577
f 970/1649/1575 1372/1658/1583 2913/1432/1365 2914/1386/1320
f 2682/1621/1547 2687/1620/1546 2685/1841/1760 2680/1853/1772
f 2207/1092/1032 2227/2949/2776 2226/2948/2775 2206/2940/2770
f 1279/1004/944 1296/2366/2253 2756/2960/2784 2757/1005/945
f 2215/1885/1802 2235/1093/1033 2234/1096/1036 2214/1826/1745
f 2226/2948/2775 2247/2951/2778 2246/733/678 2225/1125/1064
f 2921/1136/1075 2936/2843/2687 2933/1448/1381 2406/1137/1076
f 2426/2964/1200 2495/1156/1095 2690/2345/2233 2665/2965/1201
f 2815/1827/1746 2816/659/606 2255/662/609 2233/1601/1530
f 1330/2417/2298 1345/2420/2301 2755/2842/2686 2758/2931/2762
f 2228/2952/2779 2250/2966/2788 2248/2950/2777 2227/2949/2776
f 2312/1207/1145 2332/780/723 2331/747/692 2311/1208/1146
f 2250/2966/2788 2270/741/686 2269/2967/2789 2248/2950/2777
f 2311/1208/1146 2331/747/692 2330/691/638 2310/1637/1563
f 2309/2295/2185 2329/694/641 2328/760/705 2308/2296/2186
f 2953/1421/1355 3010/1420/1354 2989/2892/2730 2398/2936/2767
f 2611/1371/1305 2612/1370/1304 2253/2898/2736 2231/2897/2735
f 2867/2963/2787 2865/722/667 2335/725/670 2315/1706/1631
f 2251/1640/1566 2271/738/683 2270/741/686 2250/2966/2788
f 2497/1402/1336 2502/1401/1335 2505/2293/2183 2500/2292/2182
f 2236/1863/1782 2258/1267/1204 2257/1094/1034 2235/1093/1033
f 2253/2898/2736 2273/742/687 2272/745/690 2252/1639/1565
f 2238/664/611 2260/663/610 2261/1849/1768 2239/1848/1767
f 2224/2947/1626 2244/2968/619 2259/1274/1211 2237/1862/1781
f 2219/2920/2753 2239/1848/1767 2242/669/616 2222/1700/1625
f 2252/1639/1565 2272/745/690 2271/738/683 2251/1640/1566
f 2229/1641/1567 2251/1640/1566 2250/2966/2788 2228/2952/2779
f 2648/633/580 2649/924/572 2616/625/572 2615/634/581
f 2272/745/690 2292/744/689 2291/739/684 2271/738/683
f 2613/606/553 2614/605/552 2293/743/688 2273/742/687
f 2269/2967/2789 2289/2294/2184 2288/727/672 2268/726/671
f 2612/1370/1304 2613/606/553 2273/742/687 2253/2898/2736
f 2285/789/731 2305/1394/1328 2303/1395/1329 2283/674/621
f 2282/675/622 2302/2367/2254 2300/1690/1615 2280/764/709
f 2744/718/663 2745/1243/1180 2314/908/849 2294/719/664
f 2614/605/552 2615/634/581 2313/1629/1555 2293/743/688
f 2284/2969/2790 2304/699/646 2306/702/602 2286/2970/2187
f 2818/754/699 2867/2963/2787 2315/1706/1631 2295/755/700
f 2615/634/581 2616/625/572 2333/628/575 2313/1629/1555
f 2290/740/685 2310/1637/1563 2309/2295/2185 2289/2294/2184
f 2299/806/748 2319/658/605 2318/2909/2746 2298/807/749
f 2261/1849/1768 2281/2325/2213 2284/2969/2790 2264/670/617
f 2278/808/750 2298/807/749 2297/688/635 2277/687/634
f 2267/729/674 2287/728/673 2285/2315/731 2265/734/679
f 2244/2968/619 2266/2971/618 2279/805/747 2259/1274/1211
f 2247/2951/2778 2268/726/671 2267/729/674 2246/733/678
f 2260/663/610 2280/764/709 2281/2325/2213 2261/1849/1768
f 2264/670/617 2284/2969/2790 2286/2970/2187 2266/671/618
f 2303/1395/1329 2323/679/626 2322/1738/1663 2302/2367/2254
f 2281/2325/2213 2301/1691/1616 2304/699/646 2284/2969/2790
f 2298/807/749 2318/2909/2746 2317/1668/1593 2297/688/635
f 2270/741/686 2290/740/685 2289/2294/2184 2269/2967/2789
f 871/1240/1177 2367/1239/1176 2365/1854/1773 888/1851/1770
f 1407/2448/2326 2395/1163/1102 2385/1166/1105 1374/2451/2329
f 2393/2387/2269 2405/2359/2247 2400/1160/1099 2388/1159/1098
f 897/1820/1739 2362/1715/1640 2360/1718/1643 935/998/938
f 2582/1162/1101 2583/1161/1100 2399/1821/1740 2387/895/836
f 888/1851/1770 2365/1854/1773 2364/1201/1139 893/1200/1138
f 2257/1094/1034 2277/687/634 2276/690/637 2256/1095/1035
f 2979/2245/2136 2985/2244/2135 2966/2972/2791 3017/2899/2737
f 2486/1661/1586 2417/1660/1585 2412/2973/2792 2481/974/914
f 2902/2836/2680 2856/2835/2679 2419/1615/1541 2483/1614/1540
f 2385/1166/1105 2397/1165/1104 2405/2359/2247 2393/2387/2269
f 2785/2318/2206 2786/2834/2678 2403/2844/2688 2391/2319/2207
f 1374/2451/2329 2385/1166/1105 2393/2387/2269 1405/1130/1069
f 2861/2846/2690 2857/2845/2689 2407/1164/1103 2395/1163/1102
f 1406/2383/2266 2394/1138/1077 2389/1252/1189 1401/2445/2323
f 2539/897/838 2547/896/837 2384/2310/2200 1373/1119/1058
f 2800/2447/2325 2861/2846/2690 2395/1163/1102 1407/2448/2326
f 2634/1599/1528 2651/1598/1527 2390/2450/2328 1402/608/555
f 2627/993/933 2628/2281/2171 2590/1709/1634 2589/1708/1633
f 2628/2281/2171 2629/1745/1670 2591/2246/2137 2590/1709/1634
f 2588/975/915 2584/2974/2793 2411/2975/2794 2484/2429/2310
f 2661/1145/1084 2662/1115/1054 2479/1117/1056 2441/1359/1293
f 2551/1058/998 2552/1057/997 2473/2442/2320 2442/1222/1159
f 941/801/743 2370/800/742 2369/1882/1799 942/1864/1783
f 938/965/905 2373/964/904 2372/715/660 939/714/659
f 2339/657/604 2359/685/632 2358/783/726 2338/782/725
f 2248/2950/2777 2269/2967/2789 2268/726/671 2247/2951/2778
f 2465/1080/1020 2446/1682/1607 2444/1681/1606 2467/1081/1021
f 2454/1686/1611 2449/1680/1605 2451/1683/1608 2456/1870/1787
f 972/1650/1576 1365/2219/2110 2943/2218/2109 2944/1647/1573
f 2438/2929/2760 2471/2436/2316 2478/1873/1790 2440/1872/1789
f 2584/2974/2793 2585/2976/1560 2423/2955/1562 2411/2975/2794
f 2586/1442/1375 2587/976/916 2472/1056/996 2439/1055/995
f 2436/2334/2222 2475/2399/2226 2967/2335/2223
f 1411/1313/1249 1421/1312/1248 2543/1712/1637 2542/1270/1207
f 1421/1312/1248 1445/1642/1568 2545/1118/1057 2543/1712/1637
f 367/472/422 2526/802/744 2524/99/63 366/795/737
f 355/757/702 2532/174/134 2530/177/137 354/758/703
f 2505/2293/2183 2510/2326/2214 2508/2329/2217 2503/2257/2148
f 2501/2254/2145 2506/2372/2259 2509/2320/2208 2504/1400/1334
f 2506/2372/2259 2511/2977/2795 2514/2978/2796 2509/2320/2208
f 2511/2977/2795 2506/2372/2259 2508/2329/2217 2513/2328/2216
f 2493/2979/1019 2497/1402/1336 2500/2292/2182 2516/2941/2296
f 2496/2255/2146 2501/2254/2145 2504/1400/1334 2499/1399/1333
f 2472/1056/996 2484/2429/2310 2553/2194/2085 2552/1057/997
f 2518/2893/2731 2499/1399/1333 2497/1402/1336 2493/2979/1019
f 2475/2399/2226 2487/2398/2280 2482/1320/1256 2470/2394/2276
f 2478/1873/1790 2490/1617/1543 2486/1661/1586 2474/1874/1791
f 2962/2980/2797 2963/1106/1045 2488/1109/1048 2476/2364/2251
f 2308/2296/2186 2328/760/705 2327/763/708 2307/2313/2203
f 2329/694/641 2349/693/640 2348/761/706 2328/760/705
f 2324/700/647 2344/1123/1062 2346/2981/631 2326/701/603
f 2337/785/728 2357/784/727 2356/2851/2695 2336/1669/1594
f 942/1864/1783 2369/1882/1799 2368/489/439 943/488/438
f 2323/679/626 2343/678/625 2342/1739/1664 2322/1738/1663
f 2746/1244/1181 2747/2982/2798 2354/922/863 2334/921/862
f 2957/2260/2151 2958/2954/2781 2450/2350/2238 2445/2261/2152
f 2408/2196/2087 2420/1078/1018 2428/1859/1778 2416/2258/2149
f 2955/1866/1785 2961/1865/1784 2466/2262/2153 2422/1855/1774
f 2927/1843/1762 2928/2348/2236 2463/2983/2799 2458/1844/1763
f 2418/2937/2768 2430/2984/2800 2425/2384/2267 2413/1321/1257
f 2453/1845/1764 2458/1844/1763 2456/1870/1787 2451/1683/1608
f 2925/2203/2094 2926/1842/1761 2453/1845/1764 2448/2204/2095
f 2958/2954/2781 2959/2953/2780 2455/2346/2234 2450/2350/2238
f 2454/1686/1611 2459/1869/1786 2462/2985/2801 2457/1687/1612
f 2922/1857/1776 2923/1856/1775 2430/2984/2800 2418/2937/2768
f 2409/1616/1542 2421/2368/2255 2429/2986/2802 2417/1660/1585
f 2923/1856/1775 2929/2202/2093 2464/2205/2096 2430/2984/2800
f 2856/2835/2679 2666/2271/1537 2431/2270/2161 2419/1615/1541
f 2417/1660/1585 2429/2986/2802 2424/2987/1638 2412/2973/2792
f 2473/2442/2320 2485/2197/2088 2492/2259/2150 2480/2988/2803
f 2790/1665/1590 2791/1886/1803 2489/1889/1806 2477/1666/1591
f 2901/2896/2734 2902/2836/2680 2483/1614/1540 2471/2436/2316
f 2550/2423/2304 2518/2957/2731 2493/1079/1019 2420/1078/1018
f 2411/2975/2794 2423/2955/1562 2550/2423/2304 2549/2195/2086
f 2984/2243/2134 2986/2989/2804 2987/2990/2805 3012/2991/2791 2966/2972/2791 2985/2244/2135
f 2484/2429/2310 2411/2975/2794 2549/2195/2086 2553/2194/2085
f 2654/2404/2285 2516/2415/2296 2495/2992/1095 2426/1263/1200
f 2509/2320/2208 2514/2978/2796 2512/2340/2228 2507/2321/2209
f 2495/2942/1095 2498/2256/2147 2496/2255/2146 2494/2287/2177
f 2513/2328/2216 2515/2327/2215 2512/2340/2228 2514/2978/2796 2511/2977/2795
f 2741/2848/2692 2742/680/627 2254/683/630 2232/2849/2693
f 354/758/703 2530/177/137 2528/812/754 353/737/682
f 359/496/446 2525/811/753 2523/769/714 358/798/740
f 1439/1276/1213 1411/1313/1249 2542/1270/1207 2544/1269/1206
f 360/495/445 2527/815/757 2525/811/753 359/496/446
f 366/795/737 2524/99/63 2521/102/66 365/796/738
f 2857/2845/2689 3005/1878/1795 2996/2930/2761 2407/1164/1103
f 864/471/421 881/1414/1348 2535/1719/1644 2534/803/745
f 936/1069/1009 2361/1068/1008 2546/776/719 2536/775/718
f 2361/1068/1008 1362/1183/1121 2537/2217/2108 2546/776/719
f 1394/982/922 1378/981/921 2540/1178/1116 2541/1177/1115
f 2900/1877/1794 2901/2896/2734 2471/2436/2316 2438/2929/2760
f 2442/1222/1159 2473/2442/2320 2480/2988/2803 2443/1223/1160
f 2430/2984/2800 2464/2205/2096 2465/1080/1020 2425/2384/2267
f 2956/2890/2728 2962/2980/2797 2476/2364/2251 2436/2334/2222
f 2434/2993/502 2475/2399/2226 2470/2394/2276 2435/553/503
f 2458/1844/1763 2463/2983/2799 2461/1871/1788 2456/1870/1787
f 2959/2953/2780 2960/2994/2806 2460/2347/2235 2455/2346/2234
f 1390/1063/1003 1380/1430/1363 2597/2915/2750 2598/2360/2248
f 1447/2266/2157 1401/2445/2323 2596/1597/1526 2602/2267/2158
f 2400/1160/1099 2994/1440/1373 3000/1443/1376 2583/1161/1100
f 2630/1744/1669 2631/1891/1808 2593/2400/2281 2592/2376/2263
f 2212/2850/2694 2232/2849/2693 2644/1368/1302 2643/2285/2175
f 988/1064/1004 1390/1063/1003 2598/2360/2248 2595/1332/1268
f 348/686/633 2561/753/698 2559/790/732 347/533/483
f 341/526/476 2562/768/713 2560/756/701 340/746/691
f 339/574/524 2558/759/704 2554/736/681 338/556/506
f 347/533/483 2559/790/732 2556/793/735 346/531/481
f 2232/2849/2693 2254/683/630 2645/1369/1303 2644/1368/1302
f 2314/908/849 2334/921/862 2649/924/572 2648/633/580
f 2622/1144/1083 2623/2395/2277 2662/1115/1054 2661/1145/1084
f 2618/1318/1254 2619/1317/1253 2652/2958/2782 2651/1598/1527
f 2599/1748/1673 2600/2268/2159 2658/1836/1755 2657/1721/1646
f 2598/2360/2248 2597/2915/2750 2635/2211/2102 2656/2210/2101
f 2692/1714/1639 2669/2299/2189 2672/1830/1749 2693/1635/1561
f 2670/1154/1093 2675/1832/1751 2678/2220/2111 2673/1155/1094
f 2641/2363/1226 2642/2284/2174 2609/1692/1617 2608/1290/1226
f 2640/1868/1225 2641/2363/1226 2608/1290/1226 2607/1289/1225
f 2636/960/900 2637/1417/1351 2604/616/563 2603/615/562
f 365/796/738 2521/102/66 2522/779/722 364/751/696
f 345/532/482 2557/494/444 2568/497/447 344/529/479
f 2760/1006/946 2757/1005/945 2720/2274/2164 2664/2236/2127
f 1433/1339/1275 1410/1338/1274 2577/1310/1246 2579/2449/2327
f 2481/974/914 2412/2973/2792 2584/2974/2793 2588/975/915
f 935/998/938 2360/1718/1643 2581/1067/1007 2571/999/939
f 351/518/468 2567/794/736 2565/797/739 350/513/463
f 1400/1131/1070 2388/1159/1098 2582/1162/1101 2574/2276/2166
f 2433/1441/1374 2469/973/913 2587/976/916 2586/1442/1375
f 357/766/711 2519/772/717 2520/816/758 356/767/712
f 2360/1718/1643 1363/1717/1642 2572/1184/1122 2581/1067/1007
f 1451/1132/1071 1400/1131/1070 2574/2276/2166 2580/1839/1758
f 863/1086/1026 880/997/937 2570/1000/940 2569/470/420
f 881/1414/1348 936/1069/1009 2536/775/718 2535/1719/1644
f 1379/1174/1112 1433/1339/1275 2579/2449/2327 2575/980/920
f 2461/1871/1788 2463/2983/2799 2928/2348/2236 2460/2347/2235 2960/2994/2806 2462/2985/2801 2459/1869/1786
f 2952/2342/2230 2953/1421/1355 2398/2936/2767 2386/2343/2231
f 2629/1745/1670 2630/1744/1669 2592/2376/2263 2591/2246/2137
f 2626/994/934 2627/993/933 2589/1708/1633 2517/1331/1267
f 364/751/696 2522/779/722 2533/787/730 363/752/697
f 356/767/712 2520/816/758 2532/174/134 355/757/702
f 2266/2971/618 2286/2297/2187 2299/806/748 2279/805/747
f 2982/2903/2289 2983/2407/2288 2986/2989/2804 2984/2243/2134
f 2974/2432/2313 2980/2995/2807 2977/2251/2142 2971/2250/2141
f 962/1884/1801 2938/2198/2089 2937/2201/2092 963/1850/1769
f 977/948/888 2907/2229/2120 2905/2207/2098 978/949/889
f 972/1650/1576 970/1649/1575 2914/1386/1320 2912/1385/1319
f 2904/2309/2199 2969/2934/2765 2968/2431/2312 2932/2289/2179
f 2424/1713/1638 2694/2996/895 2690/2345/2233 2692/1714/1639
f 2548/1824/1743 2999/1823/1742 2998/1221/1158 2396/2943/2771
f 2781/1033/973 2782/1282/1219 2745/1243/1180 2744/718/663
f 2775/1345/569 2776/1653/1579 2739/1335/1271 2738/622/569
f 2771/591/540 2772/575/525 2734/578/527 2733/592/541
f 1381/2212/2103 1443/1723/1648 2730/2307/2197 2726/2306/2196
f 2783/1283/1181 2784/2908/2745 2747/2982/2798 2746/1244/1181
f 987/1838/1757 1398/2213/2104 2727/2278/2168 2724/2277/2167
f 2421/2997/2255 2695/2998/2212 2719/2999/908 2429/3000/2802
f 2758/2931/2762 2755/2842/2686 2723/2416/2297 2625/2406/2287
f 2756/2960/2784 2759/2932/2763 2667/2405/2286 2655/2354/2242
f 986/1234/1171 1370/1391/1325 2761/1847/1766 2762/1233/1170
f 1539/639/586 1571/1852/1771 2639/1169/793 2638/1168/1107
f 2172/623/570 2192/1336/1272 2642/2284/2174 2641/2363/1226
f 2192/1336/1272 2212/2850/2694 2643/2285/2175 2642/2284/2174
f 2674/1623/1549 2669/2299/2189 2671/2344/2232 2676/1624/1550
f 1296/2366/2253 1315/2403/2284 2759/2932/2763 2756/2960/2784
f 2690/2345/2233 2671/2344/2232 2669/2299/2189 2692/1714/1639
f 2693/1635/1561 2672/1830/1749 2670/1154/1093 2691/1153/1092
f 2673/1155/1094 2678/2220/2111 2676/1624/1550 2671/2344/2232
f 2602/2267/2158 2596/1597/1526 2634/1599/1528 2660/2397/2279
f 2597/2915/2750 2601/1747/1672 2659/1720/1645 2635/2211/2102
f 2624/1323/1259 2620/1322/1258 2653/2228/2119 2663/1116/1055
f 2623/2395/2277 2624/1323/1259 2663/1116/1055 2662/1115/1054
f 2254/683/630 2274/682/629 2646/603/550 2645/1369/1303
f 2678/2220/2111 2683/1697/1622 2681/913/854 2676/1624/1550
f 2708/919/860 2714/2323/2211 2717/2349/2237 2712/1594/1523
f 2689/1447/1380 2899/1446/1379 2699/906/847 2704/2234/2125
f 2668/1730/1655 2689/1447/1380 2704/2234/2125 2710/2248/2139
f 2480/2988/2803 2492/2259/2150 2963/1106/1045 2962/2980/2797
f 1412/1215/1153 1428/1214/1152 2804/1439/1372 2803/1438/1371
f 1572/1659/1584 2086/1344/1280 2774/1346/568 2773/576/526
f 2255/662/609 2275/661/608 2780/1034/974 2779/1602/1531
f 2753/2272/2162 2754/1104/1043 2791/1886/1803 2790/1665/1590
f 2754/1104/1043 2750/1103/1042 2787/1887/1804 2791/1886/1803
f 1496/2841/2685 1523/644/591 2771/591/540 2770/590/539
f 2967/2335/2223 2973/2331/2219 3016/2902/2740 3018/2336/2224
f 2730/2307/2197 2728/2361/2249 2766/1212/1150 2768/1278/1215
f 2398/2936/2767 2935/3001/2808 2936/2843/2687 2921/1136/1075
f 2415/1888/1805 2427/2434/1536 2666/2271/1537 2856/2835/2679
f 1428/1214/1152 1452/1676/1601 2806/2446/2324 2804/1439/1372
f 2296/689/636 2316/1670/1595 2867/2963/2787 2818/754/699
f 2924/2337/2225 3011/2935/2766 2989/2892/2730 2930/2891/2729
f 2447/2215/2106 2452/1688/1613 2958/2954/2781 2957/2260/2151
f 2087/585/534 2174/584/533 2812/867/808 2811/2895/2733
f 2018/2928/2759 2087/585/534 2811/2895/2733 2810/2894/2732
f 2619/1317/1253 3001/1143/1082 3002/1146/1085 2652/2958/2782
f 2405/2359/2247 2988/2351/2239 2994/1440/1373 2400/1160/1099
f 2680/1853/1772 2685/1841/1760 2688/1698/1623 2683/1697/1622
f 2761/1847/1766 2760/1006/946 2664/2236/2127 2722/2235/2126
f 2412/2973/2792 2424/2987/1638 2585/2976/1560 2584/2974/2793
f 2707/1348/1282 2713/1729/1654 2716/2322/2210 2711/918/859
f 2429/3000/2802 2719/2999/908 2694/2996/895 2424/1713/1638
f 2695/2324/2212 2697/1044/984 2700/969/909 2719/968/908
f 2698/956/896 2703/920/861 2706/1595/1524 2701/905/846
f 2665/2965/1201 2690/2345/2233 2694/2381/895 2721/2380/2194
f 3011/2935/2766 2904/2309/2199 3009/2308/2198 2989/2892/2730
f 1375/1230/1167 2386/2343/2231 2920/1135/1074 2915/2382/2265
f 1365/2219/2110 2910/2221/2112 2909/2224/2115 973/932/872
f 3014/2900/2738 2981/3002/2809 2975/3003/2810 3013/2901/2739
f 978/949/889 2905/2207/2098 2906/2208/2099 979/2199/2090
f 2466/2262/2153 2445/2261/2152 2925/2203/2094 2929/2202/2093
f 3018/2336/2224 3015/2933/2764 3011/2935/2766 2924/2337/2225
f 2443/1223/1160 2480/2988/2803 2962/2980/2797 2956/2890/2728
f 1372/1658/1583 1436/1613/1539 2918/1433/1366 2913/1432/1365
f 2488/1109/1048 2410/1108/1047 2922/1857/1776 2931/2365/2252
f 2407/1164/1103 2996/2930/2761 2991/2358/2246 2397/1165/1104
f 3013/2901/2739 2975/3003/2810 2969/2934/2765 3015/2933/2764
f 2696/907/848 2699/906/847 2899/1446/1379 2788/2269/2160
f 2445/2261/2152 2450/2350/2238 2926/1842/1761 2925/2203/2094
f 2422/1855/1774 2466/2262/2153 2929/2202/2093 2923/1856/1775
f 2652/2958/2782 3002/1146/1085 2992/1360/1294 2402/1833/1752
f 2932/2289/2179 2968/2431/2312 2965/2433/2314 2903/2290/2180
f 2583/1161/1100 3000/1443/1376 2997/1822/1741 2399/1821/1740
f 2707/1348/1282 2702/1045/985 2689/1447/1380 2668/1730/1655
f 2431/2270/2161 2788/2269/2160 2695/2324/2212 2421/2997/2255
f 2989/2892/2730 3009/2308/2198 2935/3001/2808 2398/2936/2767
f 1391/1043/983 1382/1042/982 2801/2209/2100 2802/1835/1754
f 3008/2291/2181 2903/2290/2180 2434/552/502 3006/551/501
f 2436/2334/2222 2924/2337/2225 2930/2891/2729
f 2403/2844/2688 2990/1876/1793 3005/1878/1795 2857/2845/2689
f 2390/2450/2328 2402/1833/1752 2749/1834/1753 2748/2355/2243
f 2980/2995/2807 2986/2989/2804 2983/2407/2288 2977/2251/2142
f 2964/2339/2227 2970/2378/2144 2972/2330/2218 2475/2338/2226
f 2401/1251/1188 2934/1449/1382 3006/551/501 2995/550/500
f 971/942/882 1383/941/881 2946/1657/1582 2947/1648/1574
f 956/1014/954 2942/931/871 2941/934/874 957/1015/955
f 1442/1397/1331 1418/1664/1589 2948/1354/1288 2950/1612/1538
f 1360/1047/987 2943/2218/2109 2942/931/871 956/1014/954
f 2416/2258/2149 2428/1859/1778 2955/1866/1785 2954/1107/1046
f 2468/1858/1777 2447/2215/2106 2957/2260/2151 2961/1865/1784
f 1329/1644/1570 1344/1879/1796 2798/1881/1798 2797/1645/1571
f 2935/3001/2808 3009/2308/2198 3007/2288/2178 2936/2843/2687
f 1541/668/615 2018/2928/2759 2810/2894/2732 2809/642/589
f 1404/2312/2202 2392/2311/2201 2952/2342/2230 2945/1229/1166
f 1295/1733/1658 1314/1643/1569 2796/1646/1572 2795/1734/1659
f 2966/2972/2791 3012/2991/2791 3014/2900/2738 3017/2899/2737
f 957/1015/955 2941/934/874 2940/947/887 958/1028/968
f 1448/1736/1661 1404/2312/2202 2945/1229/1166 2951/1228/1165
f 2969/2934/2765 2975/3003/2810 2974/2432/2313 2968/2431/2312
f 3012/2991/2791 2987/2990/2805 2981/3002/2809 3014/2900/2738
f 2457/1687/1612 2462/2985/2801 2960/2994/2806 2959/2953/2780
f 1416/1357/1291 1430/1356/1290 2917/1376/1310 2916/1375/1309
f 2956/2890/2728 2436/2334/2222 2930/2891/2729
f 3016/2902/2740 3013/2901/2739 3015/2933/2764 3018/2336/2224
f 2973/2331/2219 2979/2245/2136 3017/2899/2737 3016/2902/2740
f 2981/3002/2809 2987/2990/2805 2986/2989/2804 2980/2995/2807
f 2903/2290/2180 2965/2433/2314 2964/2452/2227 2434/552/502
f 2786/2834/2678 3004/1382/1316 2990/1876/1793 2403/2844/2688
f 2729/2362/2250 2731/610/557 2769/1673/1598 2767/1213/1151
f 2975/3003/2810 2981/3002/2809 2980/2995/2807 2974/2432/2313
f 2396/2943/2771 2998/1221/1158 2993/1224/1161 2404/1419/1353
f 2245/3004/2811 260/3005/2812 261/3006/2813 1387/3007/2814
f 1302/3008/2815 814/3009/2816 815/3010/2817 1301/3011/2818
f 1258/2173/2066 2008/2178/2071 945/3012/2819 1005/3013/2820
f 1246/2180/2073 1248/2179/2072 1385/3014/2821 1389/3015/2822
f 812/3016/2823 1297/3017/2824 1298/3018/2825 808/3019/2826
f 1934/2182/2075 1256/2181/2074 1020/3020/2827 960/3021/2828
f 1248/2184/2072 1261/2183/2076 976/3022/2829 1385/3023/2821
f 1297/3017/2824 1302/3024/2815 1301/3025/2818 1298/3018/2825
f 1256/2181/2074 1839/2681/2550 961/3026/2830 1020/3020/2827
f 1806/2188/2080 1255/2187/2079 1021/3027/2831 975/3028/2832
f 1244/2185/2077 1242/2189/2081 2736/3029/2833 2249/3030/2834
f 1242/2189/2081 1243/2190/2082 2709/3031/2835 2736/3029/2833
f 2008/2178/2071 1257/2177/2070 1006/3032/2836 945/3012/2819
f 1255/2187/2079 1254/2191/2083 1292/3033/2837 1021/3027/2831
f 814/3009/2816 817/3034/2838 816/3035/2839 815/3010/2817
f 1243/2190/2082 1246/2180/2073 1389/3015/2822 2709/3031/2835
f 1257/2177/2070 1971/2789/2637 946/3036/2840 1006/3032/2836
f 1254/2191/2083 1253/2193/2084 1294/3037/2841 1292/3033/2837
f 1261/2183/2076 1260/2170/2063 990/3038/2842 976/3022/2829
f 797/3039/2843 812/3016/2823 808/3019/2826 801/3040/2844
f 1260/2170/2063 1259/2169/2062 991/3041/2845 990/3038/2842
f 1971/2789/2637 1934/2182/2075 960/3021/2828 946/3036/2840
f 1839/2681/2550 1806/2188/2080 975/3028/2832 961/3026/2830
f 1244/2185/2077 2249/3030/2834 2873/3042/2846 2884/3043/2847
f 1259/2169/2062 1258/2173/2066 1005/3013/2820 991/3041/2845
f 1385/3023/2821 976/3022/2829 859/3044/2848 813/3045/2849
f 961/3026/2830 975/3028/2832 860/3046/2850 874/3047/2851
f 975/3028/2832 1021/3027/2831 820/3048/2852 860/3046/2850
f 2249/3030/2834 2736/3029/2833 805/3049/2853 807/3050/2854
f 1005/3013/2820 945/3012/2819 892/3051/2855 837/3052/2856
f 946/3036/2840 960/3021/2828 875/3053/2857 891/3054/2858
f 1252/2172/2065 1251/2171/2064 2882/3055/2859 2877/3056/2860
f 807/3050/2854 802/3057/2861 2860/3058/2862 2859/3059/2863
f 991/3041/2845 1005/3013/2820 837/3052/2856 849/3060/2864
f 1021/3027/2831 1292/3033/2837 819/3061/2865 820/3048/2852
f 1389/3015/2822 1385/3014/2821 813/3062/2849 809/3063/2866
f 1006/3032/2836 946/3036/2840 891/3054/2858 836/3064/2867
f 2736/3029/2833 2709/3031/2835 806/3065/2868 805/3049/2853
f 2832/3066/2869 257/3067/2870 2854/3068/2871 2891/3069/2872
f 2709/3031/2835 1389/3015/2822 809/3063/2866 806/3065/2868
f 1020/3020/2827 961/3026/2830 874/3047/2851 821/3070/2873
f 990/3038/2842 991/3041/2845 849/3060/2864 850/3071/2874
f 960/3021/2828 1020/3020/2827 821/3070/2873 875/3053/2857
f 945/3012/2819 1006/3032/2836 836/3064/2867 892/3051/2855
f 1253/2193/2084 1252/2172/2065 2877/3056/2860 2881/3072/2875
f 2249/3030/2834 807/3050/2854 2859/3059/2863 2873/3042/2846
f 976/3022/2829 990/3038/2842 850/3071/2874 859/3044/2848
f 1292/3033/2837 1294/3037/2841 818/3073/2876 819/3061/2865
f 836/3064/2867 891/3054/2858 2826/3074/2877 253/3075/2878
f 257/3067/2870 818/3073/2876 2853/3076/2879 2854/3068/2871
f 849/3060/2864 837/3052/2856 2819/3077/2880 2820/3078/2881
f 1247/2192/2067 1245/2186/2078 2880/3079/2882 2879/3080/2883
f 837/3052/2856 892/3051/2855 2827/3081/2884 2819/3077/2880
f 859/3044/2848 850/3071/2874 2821/3082/2885 2822/3083/2886
f 820/3048/2852 819/3061/2865 256/3084/2887 255/3085/2888
f 807/3050/2854 805/3049/2853 804/3086/2889 802/3057/2861
f 806/3065/2868 809/3063/2866 798/3087/2890 803/3088/2891
f 819/3061/2865 818/3073/2876 257/3067/2870 256/3084/2887
f 821/3070/2873 874/3047/2851 2824/3089/2892 254/3090/2893
f 850/3071/2874 849/3060/2864 2820/3078/2881 2821/3082/2885
f 892/3051/2855 836/3064/2867 253/3075/2878 2827/3081/2884
f 818/3073/2876 1294/3037/2841 2876/3091/2894 2853/3076/2879
f 809/3063/2866 813/3062/2849 262/3092/2895 798/3087/2890
f 860/3046/2850 820/3048/2852 255/3085/2888 2823/3093/2896
f 1294/3037/2841 1253/2193/2084 2881/3072/2875 2876/3091/2894
f 805/3049/2853 806/3065/2868 803/3088/2891 804/3086/2889
f 813/3045/2849 859/3044/2848 2822/3083/2886 262/3094/2895
f 874/3047/2851 860/3046/2850 2823/3093/2896 2824/3089/2892
f 802/3057/2861 2841/5/2897 2885/8/2898 2860/3058/2862
f 875/3053/2857 821/3070/2873 254/3090/2893 2825/3095/2899
f 891/3054/2858 875/3053/2857 2825/3095/2899 2826/3074/2877
f 1245/2186/2078 1244/2185/2077 2884/3043/2847 2880/3079/2882
f 262/3094/2895 2822/3083/2886 2847/3096/2900 2837/3097/2901
f 2824/3089/2892 2823/3093/2896 2848/3098/2902 2849/3099/2903
f 2819/3077/2880 2827/3081/2884 2852/3100/2904 2844/3101/2905
f 2823/3093/2896 255/3085/2888 2830/3102/2906 2848/3098/2902
f 798/3087/2890 262/3092/2895 2837/3103/2901 2839/3104/2907
f 256/3084/2887 257/3067/2870 2832/3066/2869 2831/3105/2908
f 2826/3074/2877 2825/3095/2899 2850/3106/2909 2851/3107/2910
f 255/3085/2888 256/3084/2887 2831/3105/2908 2830/3102/2906
f 1250/2176/2069 1249/2175/2068 2878/3108/2911 2883/3109/2912
f 802/3057/2861 804/3086/2889 2843/3110/2913 2841/5/2897
f 803/3088/2891 798/3087/2890 2839/3104/2907 2842/3111/2914
f 2820/3078/2881 2819/3077/2880 2844/3101/2905 2845/3112/2915
f 804/3086/2889 803/3088/2891 2842/3111/2914 2843/3110/2913
f 1251/2171/2064 1250/2176/2069 2883/3109/2912 2882/3055/2859
f 2821/3082/2885 2820/3078/2881 2845/3112/2915 2846/3113/2916
f 2827/3081/2884 253/3075/2878 2828/3114/2917 2852/3100/2904
f 2825/3095/2899 254/3090/2893 2829/3115/2918 2850/3106/2909
f 2822/3083/2886 2821/3082/2885 2846/3113/2916 2847/3096/2900
f 253/3075/2878 2826/3074/2877 2851/3107/2910 2828/3114/2917
f 254/3090/2893 2824/3089/2892 2849/3099/2903 2829/3115/2918
f 1249/2175/2068 1247/2174/2067 2879/3116/2883 2878/3108/2911
f 2878/3108/2911 2879/3116/2883 2868/3117/2919 2871/3118/2920
f 2882/3055/2859 2883/3109/2912 2872/3119/2921 2870/3120/2922
f 2883/3109/2912 2878/3108/2911 2871/3118/2920 2872/3119/2921
f 2880/3079/2882 2884/3043/2847 2873/3042/2846 2869/3121/2923
f 2879/3080/2883 2880/3079/2882 2869/3121/2923 2868/3122/2919
f 2881/3072/2875 2877/3056/2860 2874/3123/2924 2876/3091/2894
f 2877/3056/2860 2882/3055/2859 2870/3120/2922 2874/3123/2924
f 2876/3091/2894 2874/3123/2924 2875/3124/2925 2853/3076/2879
f 2872/3119/2921 2871/3118/2920 2858/3125/2926 2863/3126/2927
f 2870/3120/2922 2872/3119/2921 2863/3126/2927 2866/3127/2928
f 2869/3121/2923 2873/3042/2846 2859/3059/2863 2862/3128/2929
f 2868/3122/2919 2869/3121/2923 2862/3128/2929 2855/3129/2930
f 2871/3118/2920 2868/3117/2919 2855/3130/2930 2858/3125/2926
f 2874/3123/2924 2870/3120/2922 2866/3127/2928 2875/3124/2925
f 2855/3129/2930 2862/3128/2929 814/3009/2816 1302/3008/2815
f 2854/3068/2871 2853/3076/2879 2245/3004/2811 1387/3007/2814
f 2858/3125/2926 2855/3130/2930 1302/3024/2815 1297/3017/2824
f 2862/3128/2929 2859/3059/2863 817/3034/2838 814/3009/2816
f 2863/3126/2927 2858/3125/2926 1297/3017/2824 812/3016/2823
f 2860/3058/2862 2885/8/2898 259/20/2931 816/3035/2839
f 2866/3127/2928 2863/3126/2927 812/3016/2823 797/3039/2843
f 2859/3059/2863 2860/3058/2862 816/3035/2839 817/3034/2838
f 260/3005/2812 797/3039/2843 801/3040/2844 261/3006/2813
f 1298/3018/2825 1301/3025/2818 2898/3131/2932 2893/3132/2933
f 1301/3011/2818 815/3010/2817 258/19/2934 2898/21/2932
f 808/3019/2826 1298/3018/2825 2893/3132/2933 2894/3133/2935
f 815/3010/2817 816/3035/2839 259/20/2931 258/19/2934
f 801/3040/2844 808/3019/2826 2894/3133/2935 2895/3134/2936
f 261/3006/2813 801/3040/2844 2895/3134/2936 2896/3135/2937
f 1387/3007/2814 261/3006/2813 2896/3135/2937 2897/3136/2938
f 2853/3076/2879 2875/3124/2925 260/3005/2812 2245/3004/2811
f 2891/3069/2872 2854/3068/2871 1387/3007/2814 2897/3136/2938
f 2875/3124/2925 2866/3127/2928 797/3039/2843 260/3005/2812
f 3019/3137/2939 2382/3138/2940 854/3139/2941 853/3140/2942
f 2380/3141/2943 2379/3142/2944 1479/3143/2945 1478/3144/2946
f 2356/2851/2695 1553/3145/2947 1545/3146/2948 2864/723/668
f 2344/1123/1062 2383/3147/2949 2381/3148/2950 2346/2981/631
f 1476/3149/2951 1472/3150/2952 2378/3151/2953 2377/3152/2954
f 2747/2982/2798 1547/3153/2955 1555/3154/2956 2354/922/863
f 2346/684/631 2381/3155/2950 1550/3156/2957 2359/685/632
f 2377/3152/2954 2378/3151/2953 2379/3157/2944 2380/3158/2943
f 2354/922/863 1555/3154/2956 1548/3159/2958 2650/923/864
f 2617/626/573 1549/3160/2959 1556/3161/2960 2353/627/574
f 2342/1739/1664 3020/3162/2961 3022/3163/2962 2340/696/643
f 2340/696/643 3022/3163/2962 3021/3164/2963 2341/697/644
f 2864/723/668 1545/3146/2948 1554/3165/2964 2355/724/669
f 2353/627/574 1556/3161/2960 2375/3166/2965 2352/781/724
f 1478/3144/2946 1479/3143/2945 1480/3167/2966 1481/3168/2967
f 2341/697/644 3021/3164/2963 2383/3147/2949 2344/1123/1062
f 2355/724/669 1554/3165/2964 1546/3169/2968 2784/2908/2745
f 2352/781/724 2375/3166/2965 2376/3170/2969 2351/748/693
f 2359/685/632 1550/3156/2957 1551/3171/2970 2358/783/726
f 1461/3172/2971 1465/3173/2972 1472/3150/2952 1476/3149/2951
f 2358/783/726 1551/3171/2970 1552/3174/2973 2357/784/727
f 2784/2908/2745 1546/3169/2968 1547/3153/2955 2747/2982/2798
f 2650/923/864 1548/3159/2958 1549/3160/2959 2617/626/573
f 2342/1739/1664 3082/3175/2974 3071/3176/2975 3020/3162/2961
f 2357/784/727 1552/3174/2973 1553/3145/2947 2356/2851/2695
f 2381/3155/2950 1477/3177/2976 1500/3178/2977 1550/3156/2957
f 1548/3159/2958 1502/3179/2978 1501/3180/2979 1549/3160/2959
f 1549/3160/2959 1501/3180/2979 1484/3181/2980 1556/3161/2960
f 3020/3162/2961 1471/3182/2981 1469/3183/2982 3022/3163/2962
f 1553/3145/2947 1491/3184/2983 1505/3185/2984 1545/3146/2948
f 1546/3169/2968 1504/3186/2985 1503/3187/2986 1547/3153/2955
f 2350/692/639 3075/3188/2987 3080/3189/2988 2349/693/640
f 1471/3182/2981 3061/3190/2989 3062/3191/2990 1466/3192/2991
f 1552/3174/2973 1498/3193/2992 1491/3184/2983 1553/3145/2947
f 1556/3161/2960 1484/3181/2980 1483/3194/2993 2375/3166/2965
f 2383/3147/2949 1473/3195/2994 1477/3196/2976 2381/3148/2950
f 1554/3165/2964 1490/3197/2995 1504/3186/2985 1546/3169/2968
f 3022/3163/2962 1469/3183/2982 1470/3198/2996 3021/3164/2963
f 3036/3199/2997 3089/3200/2998 3058/3201/2999 848/3202/3000
f 3021/3164/2963 1470/3198/2996 1473/3195/2994 2383/3147/2949
f 1555/3154/2956 1485/3203/3001 1502/3179/2978 1548/3159/2958
f 1551/3171/2970 1499/3204/3002 1498/3193/2992 1552/3174/2973
f 1547/3153/2955 1503/3187/2986 1485/3203/3001 1555/3154/2956
f 1545/3146/2948 1505/3185/2984 1490/3197/2995 1554/3165/2964
f 2351/748/693 3079/3205/3003 3075/3188/2987 2350/692/639
f 3020/3162/2961 3071/3176/2975 3061/3190/2989 1471/3182/2981
f 1550/3156/2957 1500/3178/2977 1499/3204/3002 1551/3171/2970
f 2375/3166/2965 1483/3194/2993 1482/3206/3004 2376/3170/2969
f 1490/3197/2995 844/3207/3005 3030/3208/3006 1504/3186/2985
f 848/3202/3000 3058/3201/2999 3057/3209/3007 1482/3206/3004
f 1498/3193/2992 3024/3210/3008 3023/3211/3009 1491/3184/2983
f 2345/677/624 3077/3212/3010 3078/3213/3011 2343/678/625
f 1491/3184/2983 3023/3211/3009 3031/3214/3012 1505/3185/2984
f 1500/3178/2977 3026/3215/3013 3025/3216/3014 1499/3204/3002
f 1484/3181/2980 846/3217/3015 847/3218/3016 1483/3194/2993
f 1471/3182/2981 1466/3192/2991 1468/3219/3017 1469/3183/2982
f 1470/3198/2996 1467/3220/3018 1462/3221/3019 1473/3195/2994
f 1483/3194/2993 847/3218/3016 848/3202/3000 1482/3206/3004
f 1485/3203/3001 845/3222/3020 3028/3223/3021 1502/3179/2978
f 1499/3204/3002 3025/3216/3014 3024/3210/3008 1498/3193/2992
f 1505/3185/2984 3031/3214/3012 844/3207/3005 1490/3197/2995
f 1482/3206/3004 3057/3209/3007 3074/3224/3022 2376/3170/2969
f 1473/3195/2994 1462/3221/3019 855/3225/3023 1477/3196/2976
f 1501/3180/2979 3027/3226/3024 846/3217/3015 1484/3181/2980
f 2376/3170/2969 3074/3224/3022 3079/3205/3003 2351/748/693
f 1469/3183/2982 1468/3219/3017 1467/3220/3018 1470/3198/2996
f 1477/3177/2976 855/3227/3023 3026/3215/3013 1500/3178/2977
f 1502/3179/2978 3028/3223/3021 3027/3226/3024 1501/3180/2979
f 1466/3192/2991 3062/3191/2990 3083/30/3025 3045/29/3026
f 1503/3187/2986 3029/3228/3027 845/3222/3020 1485/3203/3001
f 1504/3186/2985 3030/3208/3006 3029/3228/3027 1503/3187/2986
f 2343/678/625 3078/3213/3011 3082/3175/2974 2342/1739/1664
f 855/3227/3023 3041/3229/3028 3051/3230/3029 3026/3215/3013
f 3028/3223/3021 3053/3231/3030 3052/3232/3031 3027/3226/3024
f 3023/3211/3009 3048/3233/3032 3056/3234/3033 3031/3214/3012
f 3027/3226/3024 3052/3232/3031 3034/3235/3034 846/3217/3015
f 1462/3221/3019 3043/3236/3035 3041/3237/3028 855/3225/3023
f 847/3218/3016 3035/3238/3036 3036/3199/2997 848/3202/3000
f 3030/3208/3006 3055/3239/3037 3054/3240/3038 3029/3228/3027
f 846/3217/3015 3034/3235/3034 3035/3238/3036 847/3218/3016
f 2348/761/706 3081/3241/3039 3076/3242/3040 2347/762/707
f 1466/3192/2991 3045/29/3026 3047/3243/3041 1468/3219/3017
f 1467/3220/3018 3046/3244/3042 3043/3236/3035 1462/3221/3019
f 3024/3210/3008 3049/3245/3043 3048/3233/3032 3023/3211/3009
f 1468/3219/3017 3047/3243/3041 3046/3244/3042 1467/3220/3018
f 2349/693/640 3080/3189/2988 3081/3241/3039 2348/761/706
f 3025/3216/3014 3050/3246/3044 3049/3245/3043 3024/3210/3008
f 3031/3214/3012 3056/3234/3033 3032/3247/3045 844/3207/3005
f 3029/3228/3027 3054/3240/3038 3033/3248/3046 845/3222/3020
f 3026/3215/3013 3051/3230/3029 3050/3246/3044 3025/3216/3014
f 844/3207/3005 3032/3247/3045 3055/3239/3037 3030/3208/3006
f 845/3222/3020 3033/3248/3046 3053/3231/3030 3028/3223/3021
f 2347/762/707 3076/3242/3040 3077/3249/3010 2345/773/624
f 3076/3242/3040 3069/3250/3047 3066/3251/3048 3077/3249/3010
f 3080/3189/2988 3068/3252/3049 3070/3253/3050 3081/3241/3039
f 3081/3241/3039 3070/3253/3050 3069/3250/3047 3076/3242/3040
f 3078/3213/3011 3067/3254/3051 3071/3176/2975 3082/3175/2974
f 3077/3212/3010 3066/3255/3048 3067/3254/3051 3078/3213/3011
f 3079/3205/3003 3074/3224/3022 3072/3256/3052 3075/3188/2987
f 3075/3188/2987 3072/3256/3052 3068/3252/3049 3080/3189/2988
f 3074/3224/3022 3057/3209/3007 3073/3257/3053 3072/3256/3052
f 3070/3253/3050 3064/3258/3054 3060/3259/3055 3069/3250/3047
f 3068/3252/3049 3065/3260/3056 3064/3258/3054 3070/3253/3050
f 3067/3254/3051 3063/3261/3057 3061/3190/2989 3071/3176/2975
f 3066/3255/3048 3059/3262/3058 3063/3261/3057 3067/3254/3051
f 3069/3250/3047 3060/3259/3055 3059/3263/3058 3066/3251/3048
f 3072/3256/3052 3073/3257/3053 3065/3260/3056 3068/3252/3049
f 3059/3262/3058 2380/3141/2943 1478/3144/2946 3063/3261/3057
f 3058/3201/2999 2382/3138/2940 3019/3137/2939 3057/3209/3007
f 3060/3259/3055 2377/3152/2954 2380/3158/2943 3059/3263/3058
f 3063/3261/3057 1478/3144/2946 1481/3168/2967 3061/3190/2989
f 3064/3258/3054 1476/3149/2951 2377/3152/2954 3060/3259/3055
f 3062/3191/2990 1480/3167/2966 852/43/3059 3083/30/3025
f 3065/3260/3056 1461/3172/2971 1476/3149/2951 3064/3258/3054
f 3061/3190/2989 1481/3168/2967 1480/3167/2966 3062/3191/2990
f 853/3140/2942 854/3139/2941 1465/3173/2972 1461/3172/2971
f 2378/3151/2953 3091/3264/3060 3096/3265/3061 2379/3157/2944
f 2379/3142/2944 3096/45/3061 851/44/3062 1479/3143/2945
f 1472/3150/2952 3092/3266/3063 3091/3264/3060 2378/3151/2953
f 1479/3143/2945 851/44/3062 852/43/3059 1480/3167/2966
f 1465/3173/2972 3093/3267/3064 3092/3266/3063 1472/3150/2952
f 854/3139/2941 3094/3268/3065 3093/3267/3064 1465/3173/2972
f 2382/3138/2940 3095/3269/3066 3094/3268/3065 854/3139/2941
f 3057/3209/3007 3019/3137/2939 853/3140/2942 3073/3257/3053
f 3089/3200/2998 3095/3269/3066 2382/3138/2940 3058/3201/2999
f 3073/3257/3053 853/3140/2942 1461/3172/2971 3065/3260/3056
